instance,run,budget_j,qualite_pct,energie_joules,score_per_joule,co2_micrograms
decision-tree-soybean-un-formula_0.8_2021_atleast_15_max-3_reduced_incomplete_tree,2,400,98.3644677844658,401.138277,0.245213,54153.6674
decision-tree-soybean-un-formula_0.8_2021_atleast_15_max-3_reduced_incomplete_tree,3,400,98.9419107911748,455.39271,0.217267,61478.0158
decision-tree-soybean-un-formula_0.8_2021_atleast_15_max-3_reduced_incomplete_tree,0,400,98.85401484217672,454.456228,0.217522,61351.5908
decision-tree-soybean-un-formula_0.8_2021_atleast_15_max-3_reduced_incomplete_tree,1,400,98.94747382592152,457.769029,0.216152,61798.8189
decision-tree-soybean-un-formula_0.8_2021_atleast_15_max-3_reduced_incomplete_tree,0,1000,99.96773439846903,3589.75952,0.027848,484617.5352
decision-tree-soybean-un-formula_0.8_2021_atleast_15_max-3_reduced_incomplete_tree,2,1000,99.9376940108368,3656.30336,0.027333,493600.9536
decision-tree-soybean-un-formula_0.8_2021_atleast_15_max-3_reduced_incomplete_tree,1,1000,99.97218482626644,3574.543722,0.027968,482563.4025
decision-tree-soybean-un-formula_0.8_2021_atleast_15_max-3_reduced_incomplete_tree,3,1000,99.99332435830394,3681.433512,0.027162,496993.5241
decision-tree-soybean-un-formula_0.8_2021_atleast_15_max-3_reduced_incomplete_tree,3,2000,99.97997307491184,2801.844567,0.035684,378249.0165
decision-tree-soybean-un-formula_0.8_2021_atleast_15_max-3_reduced_incomplete_tree,2,2000,99.9766352540638,2936.834007,0.034042,396472.5909
decision-tree-soybean-un-formula_0.8_2021_atleast_15_max-3_reduced_incomplete_tree,1,2000,99.98553610965854,2917.83777,0.034267,393908.099
decision-tree-soybean-un-formula_0.8_2021_atleast_15_max-3_reduced_incomplete_tree,0,2000,99.97218482626644,3095.530671,0.032296,417896.6406
decision-tree-soybean-un-formula_0.8_2021_atleast_15_max-3_reduced_incomplete_tree,4,400,98.8206366336964,414.644393,0.238326,55976.9931
decision-tree-soybean-un-formula_0.8_2021_atleast_15_max-3_reduced_incomplete_tree,6,400,98.68601119282592,433.233381,0.227789,58486.5064
decision-tree-soybean-un-formula_0.8_2021_atleast_15_max-3_reduced_incomplete_tree,5,400,98.7583306445332,434.407019,0.227341,58644.9476
decision-tree-soybean-un-formula_0.8_2021_atleast_15_max-3_reduced_incomplete_tree,7,400,98.30661222309996,415.77499,0.236442,56129.6237
decision-tree-soybean-un-formula_0.8_2021_atleast_15_max-3_reduced_incomplete_tree,6,1000,99.93213097609008,3132.901,0.031898,422941.635
decision-tree-soybean-un-formula_0.8_2021_atleast_15_max-3_reduced_incomplete_tree,4,1000,99.91877969269795,3107.631761,0.032153,419530.2877
decision-tree-soybean-un-formula_0.8_2021_atleast_15_max-3_reduced_incomplete_tree,5,1000,99.94214443863416,3289.887745,0.030379,444134.8456
decision-tree-soybean-un-formula_0.8_2021_atleast_15_max-3_reduced_incomplete_tree,7,1000,99.94103183168482,3455.847246,0.028919,466539.3782
decision-tree-soybean-un-formula_0.8_2021_atleast_15_max-3_reduced_incomplete_tree,6,2000,99.93213097609008,2824.182179,0.035384,381264.5942
decision-tree-soybean-un-formula_0.8_2021_atleast_15_max-3_reduced_incomplete_tree,4,2000,99.95438311507694,2997.659845,0.033344,404684.0791
decision-tree-soybean-un-formula_0.8_2021_atleast_15_max-3_reduced_incomplete_tree,5,2000,99.94993268727956,2917.936654,0.034254,393921.4483
decision-tree-soybean-un-formula_0.8_2021_atleast_15_max-3_reduced_incomplete_tree,7,2000,99.94770747338087,2831.256847,0.035302,382219.6743
decision-tree-soybean-un-formula_0.8_2021_atleast_15_max-3_reduced_incomplete_tree,8,400,98.97862682050312,447.780244,0.221043,60450.3329
decision-tree-soybean-un-formula_0.8_2021_atleast_15_max-3_reduced_incomplete_tree,9,400,98.6003404577265,402.09779,0.245215,54283.2017
min-fill-MinFill_R0_myciel5,0,400,94.04595368059177,445.911095,0.210907,60197.9978
min-fill-MinFill_R0_myciel5,1,400,94.09898419142186,431.902487,0.217871,58306.8357
min-fill-MinFill_R0_myciel5,0,1000,95.06816249279974,1031.484011,0.092166,139250.3415
min-fill-MinFill_R0_myciel5,1,1000,95.21628219546317,1009.154397,0.094353,136235.8436
decision-tree-soybean-un-formula_0.8_2021_atleast_15_max-3_reduced_incomplete_tree,9,1000,99.93991922473548,2848.008743,0.035091,384481.1803
decision-tree-soybean-un-formula_0.8_2021_atleast_15_max-3_reduced_incomplete_tree,8,1000,99.95549572202628,2917.506113,0.034261,393863.3253
min-fill-MinFill_R0_myciel5,0,2000,95.89836428303664,2049.648363,0.046788,276702.529
min-fill-MinFill_R0_myciel5,1,2000,95.95139479386675,2017.873895,0.047551,272412.9758
min-fill-MinFill_R0_myciel5,2,400,93.99932340382732,424.267734,0.221557,57276.1441
min-fill-MinFill_R0_myciel5,3,400,93.90240557368956,434.525935,0.216103,58661.0012
decision-tree-soybean-un-formula_0.8_2021_atleast_15_max-3_reduced_incomplete_tree,8,2000,99.95549572202628,2470.597405,0.040458,333530.6497
decision-tree-soybean-un-formula_0.8_2021_atleast_15_max-3_reduced_incomplete_tree,9,2000,99.96550918457037,2515.986934,0.039732,339658.2361
min-fill-MinFill_R0_myciel5,2,1000,95.0946777482148,1022.599189,0.092993,138050.8905
min-fill-MinFill_R0_myciel5,5,400,94.385166086074,439.262197,0.214872,59300.3966
min-fill-MinFill_R0_myciel5,4,400,94.18401587258047,442.591017,0.212801,59749.7873
min-fill-MinFill_R0_myciel5,3,1000,95.19342421665706,1047.515134,0.090875,141414.5431
min-fill-MinFill_R0_myciel5,5,1000,95.53720821790054,1031.029462,0.092662,139188.9774
min-fill-MinFill_R0_myciel5,4,1000,95.38908851523712,1045.21657,0.091263,141104.237
min-fill-MinFill_R0_myciel5,2,2000,96.02271168774172,2018.228322,0.047578,272460.8235
min-fill-MinFill_R0_myciel5,3,2000,95.97973868758628,2044.860951,0.046937,276056.2284
min-fill-MinFill_R0_myciel5,6,400,93.88777646725366,408.505822,0.229832,55148.286
min-fill-MinFill_R0_myciel5,7,400,93.73599948798127,417.812727,0.224349,56404.7181
min-fill-MinFill_R0_myciel5,4,2000,96.02271168774172,2026.964395,0.047373,273640.1933
min-fill-MinFill_R0_myciel5,5,2000,96.053798538918,2065.783056,0.046498,278880.7126
min-fill-MinFill_R0_myciel5,6,1000,94.83409678982544,1022.729512,0.092726,138068.4841
min-fill-MinFill_R0_myciel5,8,400,94.09441259566064,407.788008,0.230743,55051.3811
min-fill-MinFill_R0_myciel5,7,1000,95.10656389719396,1025.436724,0.092747,138433.9577
min-fill-MinFill_R0_myciel5,9,400,93.9627506377376,436.956662,0.215039,58989.1494
min-fill-MinFill_R0_myciel5,8,1000,95.13399347176126,1011.580673,0.094045,136563.3909
min-fill-MinFill_R0_myciel5,9,1000,95.15319417395835,1077.642747,0.088298,145481.7708
min-fill-MinFill_R0_myciel5,6,2000,95.93219409166964,2029.98742,0.047258,274048.3017
min-fill-MinFill_R0_myciel5,7,2000,95.83253330407511,2025.030028,0.047324,273379.0538
decision-tree-car-un-formula_0.8_2021_atleast_15_max-3_reduced_incomplete_tree,0,400,98.50501201977592,405.393052,0.242986,54728.062
decision-tree-car-un-formula_0.8_2021_atleast_15_max-3_reduced_incomplete_tree,1,400,97.75661087676328,413.080426,0.236653,55765.8575
min-fill-MinFill_R0_myciel5,8,2000,96.05471285807025,2040.118959,0.047083,275416.0595
min-fill-MinFill_R0_myciel5,9,2000,95.99528211317444,2003.200511,0.047921,270432.069
decision-tree-car-un-formula_0.8_2021_atleast_15_max-3_reduced_incomplete_tree,0,1000,98.61296321494989,1004.526316,0.098169,135611.0527
decision-tree-car-un-formula_0.8_2021_atleast_15_max-3_reduced_incomplete_tree,2,400,98.57486279312378,419.818496,0.234804,56675.497
decision-tree-car-un-formula_0.8_2021_atleast_15_max-3_reduced_incomplete_tree,3,400,98.06413571007393,410.402231,0.238946,55404.3012
decision-tree-car-un-formula_0.8_2021_atleast_15_max-3_reduced_incomplete_tree,1,1000,99.60448133532908,4569.169322,0.021799,616837.8585
decision-tree-car-un-formula_0.8_2021_atleast_15_max-3_reduced_incomplete_tree,0,2000,99.67523926157754,5466.852988,0.018233,738025.1534
decision-tree-car-un-formula_0.8_2021_atleast_15_max-3_reduced_incomplete_tree,3,1000,99.50197305755886,5297.667391,0.018782,715185.0978
decision-tree-car-un-formula_0.8_2021_atleast_15_max-3_reduced_incomplete_tree,2,1000,99.66253912096884,5587.304944,0.017837,754286.1674
decision-tree-car-un-formula_0.8_2021_atleast_15_max-3_reduced_incomplete_tree,4,400,96.67437746632194,409.100981,0.236309,55228.6324
decision-tree-car-un-formula_0.8_2021_atleast_15_max-3_reduced_incomplete_tree,1,2000,99.69701093119244,5434.618289,0.018345,733673.469
decision-tree-car-un-formula_0.8_2021_atleast_15_max-3_reduced_incomplete_tree,5,400,97.77203247607385,408.849244,0.23914,55194.6479
decision-tree-car-un-formula_0.8_2021_atleast_15_max-3_reduced_incomplete_tree,4,1000,99.57454528960857,4658.143515,0.021376,628849.3745
decision-tree-car-un-formula_0.8_2021_atleast_15_max-3_reduced_incomplete_tree,3,2000,99.67886787318002,5104.160998,0.019529,689061.7347
decision-tree-car-un-formula_0.8_2021_atleast_15_max-3_reduced_incomplete_tree,2,2000,99.70517530729803,5281.589588,0.018878,713014.5944
decision-tree-car-un-formula_0.8_2021_atleast_15_max-3_reduced_incomplete_tree,6,400,98.56216265251508,423.681798,0.232633,57197.0427
decision-tree-car-un-formula_0.8_2021_atleast_15_max-3_reduced_incomplete_tree,7,400,97.75207511226016,410.030904,0.238402,55354.172
decision-tree-car-un-formula_0.8_2021_atleast_15_max-3_reduced_incomplete_tree,6,1000,98.60570599174493,1041.559923,0.094671,140610.5896
decision-tree-car-un-formula_0.8_2021_atleast_15_max-3_reduced_incomplete_tree,7,1000,98.6011702272418,1045.555602,0.094305,141150.0063
decision-tree-car-un-formula_0.8_2021_atleast_15_max-3_reduced_incomplete_tree,5,1000,99.61264571143468,5062.480474,0.019677,683434.864
decision-tree-car-un-formula_0.8_2021_atleast_15_max-3_reduced_incomplete_tree,4,2000,99.68521794348436,5206.625245,0.019146,702894.4081
decision-tree-car-un-formula_0.8_2021_atleast_15_max-3_reduced_incomplete_tree,8,400,96.25436567333423,402.118086,0.239368,54285.9416
decision-tree-car-un-formula_0.8_2021_atleast_15_max-3_reduced_incomplete_tree,6,2000,99.652560439062,5863.618549,0.016995,791588.5041
decision-tree-car-un-formula_0.8_2021_atleast_15_max-3_reduced_incomplete_tree,7,2000,99.65891050936636,6010.80455,0.01658,811458.6142
decision-tree-car-un-formula_0.8_2021_atleast_15_max-3_reduced_incomplete_tree,9,400,96.29428040096158,411.375706,0.234079,55535.7203
decision-tree-vote-un-formula_0.8_2021_atleast_15_max-3_reduced_incomplete_tree,0,400,99.0444350510446,431.059995,0.229769,58193.0993
decision-tree-car-un-formula_0.8_2021_atleast_15_max-3_reduced_incomplete_tree,5,2000,99.67251780287567,5275.816256,0.018892,712235.1946
decision-tree-vote-un-formula_0.8_2021_atleast_15_max-3_reduced_incomplete_tree,1,400,99.1007954501787,444.639184,0.222879,60026.2898
decision-tree-car-un-formula_0.8_2021_atleast_15_max-3_reduced_incomplete_tree,8,1000,99.5418877851862,5231.297424,0.019028,706225.1522
decision-tree-vote-un-formula_0.8_2021_atleast_15_max-3_reduced_incomplete_tree,0,1000,99.99871908183786,2568.66543,0.03893,346769.833
decision-tree-vote-un-formula_0.8_2021_atleast_15_max-3_reduced_incomplete_tree,1,1000,99.99871908183786,2708.733161,0.036917,365678.9767
decision-tree-car-un-formula_0.8_2021_atleast_15_max-3_reduced_incomplete_tree,9,1000,99.6017598766272,5035.586378,0.01978,679804.161
decision-tree-vote-un-formula_0.8_2021_atleast_15_max-3_reduced_incomplete_tree,0,2000,99.99871908183786,2271.390589,0.044025,306637.7295
decision-tree-vote-un-formula_0.8_2021_atleast_15_max-3_reduced_incomplete_tree,2,400,98.79465600942756,409.155755,0.24146,55236.0269
decision-tree-vote-un-formula_0.8_2021_atleast_15_max-3_reduced_incomplete_tree,1,2000,99.99871908183786,2222.959261,0.044985,300099.5002
decision-tree-vote-un-formula_0.8_2021_atleast_15_max-3_reduced_incomplete_tree,3,400,98.99063648823476,401.71728,0.246419,54231.8328
decision-tree-car-un-formula_0.8_2021_atleast_15_max-3_reduced_incomplete_tree,8,2000,99.59540980632286,5407.318758,0.018419,729988.0323
decision-tree-vote-un-formula_0.8_2021_atleast_15_max-3_reduced_incomplete_tree,4,400,99.05724423266598,418.539233,0.236674,56502.7965
decision-tree-vote-un-formula_0.8_2021_atleast_15_max-3_reduced_incomplete_tree,2,1000,99.95516786432516,2719.142422,0.03676,367084.227
decision-tree-vote-un-formula_0.8_2021_atleast_15_max-3_reduced_incomplete_tree,3,1000,99.99871908183786,3167.521765,0.03157,427615.4383
decision-tree-car-un-formula_0.8_2021_atleast_15_max-3_reduced_incomplete_tree,9,2000,99.69338231958996,6119.805304,0.01629,826173.716
decision-tree-vote-un-formula_0.8_2021_atleast_15_max-3_reduced_incomplete_tree,2,2000,99.96797704594654,2317.91524,0.043128,312918.5574
decision-tree-vote-un-formula_0.8_2021_atleast_15_max-3_reduced_incomplete_tree,4,1000,99.99359540918933,3009.486273,0.033226,406280.6469
decision-tree-vote-un-formula_0.8_2021_atleast_15_max-3_reduced_incomplete_tree,5,400,98.9688608794784,413.284019,0.239469,55793.3426
decision-tree-vote-un-formula_0.8_2021_atleast_15_max-3_reduced_incomplete_tree,3,2000,99.99231449102716,2170.857855,0.046061,293065.8104
decision-tree-vote-un-formula_0.8_2021_atleast_15_max-3_reduced_incomplete_tree,4,2000,99.9833480638922,2106.614744,0.047462,284392.9904
decision-tree-vote-un-formula_0.8_2021_atleast_15_max-3_reduced_incomplete_tree,6,400,99.87575093827256,2528.127766,0.039506,341297.2484
decision-tree-vote-un-formula_0.8_2021_atleast_15_max-3_reduced_incomplete_tree,5,1000,99.92442582843384,2484.182268,0.040224,335364.6062
decision-tree-vote-un-formula_0.8_2021_atleast_15_max-3_reduced_incomplete_tree,8,400,98.98679373374836,428.834494,0.230827,57892.6567
decision-tree-vote-un-formula_0.8_2021_atleast_15_max-3_reduced_incomplete_tree,7,400,99.87318910194828,2381.188303,0.041943,321460.4209
decision-tree-vote-un-formula_0.8_2021_atleast_15_max-3_reduced_incomplete_tree,6,1000,99.99871908183786,2221.101263,0.045022,299848.6705
decision-tree-vote-un-formula_0.8_2021_atleast_15_max-3_reduced_incomplete_tree,5,2000,99.99231449102716,2264.064358,0.044165,305648.6883
decision-tree-vote-un-formula_0.8_2021_atleast_15_max-3_reduced_incomplete_tree,8,1000,99.97822439124364,2730.95872,0.036609,368679.4272
decision-tree-vote-un-formula_0.8_2021_atleast_15_max-3_reduced_incomplete_tree,7,1000,99.99871908183786,2284.095296,0.04378,308352.865
decision-tree-vote-un-formula_0.8_2021_atleast_15_max-3_reduced_incomplete_tree,6,2000,99.99871908183786,2168.024949,0.046124,292683.3681
frb-frb40-19-2.partial,0,400,98.22204287036816,416.425161,0.23587,56217.3967
decision-tree-vote-un-formula_0.8_2021_atleast_15_max-3_reduced_incomplete_tree,8,2000,99.97822439124364,2162.187917,0.046239,291895.3688
decision-tree-vote-un-formula_0.8_2021_atleast_15_max-3_reduced_incomplete_tree,9,400,99.8744700201104,2449.140564,0.040779,330633.9761
decision-tree-vote-un-formula_0.8_2021_atleast_15_max-3_reduced_incomplete_tree,7,2000,99.99871908183786,2283.356686,0.043795,308253.1526
frb-frb40-19-2.partial,1,400,98.22679041944596,407.508071,0.241043,55013.5896
frb-frb40-19-2.partial,0,1000,98.22679041944596,1027.505211,0.095597,138713.2035
frb-frb40-19-2.partial,2,400,98.22441664490708,443.343122,0.221554,59851.3215
decision-tree-vote-un-formula_0.8_2021_atleast_15_max-3_reduced_incomplete_tree,9,1000,99.99871908183786,1568.20859,0.063766,211708.1597
frb-frb40-19-2.partial,1,1000,98.22204287036816,1041.661829,0.094294,140624.3469
frb-frb40-19-2.partial,2,1000,98.21729532129038,1011.542816,0.097097,136558.2802
frb-frb40-19-2.partial,0,2000,98.22916419398486,2016.019736,0.048724,272162.6644
decision-tree-vote-un-formula_0.8_2021_atleast_15_max-3_reduced_incomplete_tree,9,2000,99.99871908183786,2012.469327,0.04969,271683.3591
frb-frb40-19-2.partial,3,400,98.21966909582927,409.737522,0.239714,55314.5655
frb-frb40-19-2.partial,1,2000,98.23391174306263,2047.657664,0.047974,276433.7846
frb-frb40-19-2.partial,4,400,98.21966909582927,415.813441,0.236211,56134.8145
frb-frb40-19-2.partial,2,2000,98.21966909582927,2023.987257,0.048528,273238.2797
frb-frb40-19-2.partial,5,400,98.21492154675148,401.460992,0.244644,54197.2339
frb-frb40-19-2.partial,3,1000,98.22441664490708,1026.110717,0.095725,138524.9468
frb-frb40-19-2.partial,6,400,98.21492154675148,422.546834,0.232436,57043.8226
frb-frb40-19-2.partial,4,1000,98.22916419398486,1015.553762,0.096725,137099.7579
frb-frb40-19-2.partial,5,1000,98.21966909582927,1006.357056,0.097599,135858.2026
frb-frb40-19-2.partial,6,1000,98.22916419398486,1003.766867,0.097861,135508.527
frb-frb40-19-2.partial,3,2000,98.23391174306263,2012.147446,0.04882,271639.9052
frb-frb40-19-2.partial,4,2000,98.22916419398486,2001.786683,0.049071,270241.2022
frb-frb40-19-2.partial,7,400,98.21492154675148,401.452896,0.244649,54196.141
frb-frb40-19-2.partial,5,2000,98.22204287036816,2006.992617,0.04894,270944.0033
frb-frb40-19-2.partial,8,400,98.21492154675148,424.640082,0.23129,57326.4111
frb-frb40-19-2.partial,6,2000,98.21729532129038,2008.174071,0.048909,271103.4996
frb-frb40-19-2.partial,9,400,98.22679041944596,561.634855,0.174894,75820.7054
frb-frb40-19-2.partial,7,1000,98.22441664490708,1008.366374,0.097409,136129.4605
frb-frb40-19-4.partial,0,400,98.22996351653524,412.130106,0.238347,55637.5643
frb-frb40-19-2.partial,8,1000,98.22441664490708,1011.859286,0.097073,136601.0036
frb-frb40-19-2.partial,9,1000,98.22916419398486,1022.66634,0.096052,138059.9559
frb-frb40-19-4.partial,0,1000,98.24643991997176,1033.444273,0.095067,139514.9769
frb-frb40-19-2.partial,7,2000,98.22204287036816,2007.669764,0.048923,271035.4181
frb-frb40-19-2.partial,8,2000,98.23153796852375,2017.693673,0.048685,272388.6459
frb-frb40-19-2.partial,9,2000,98.22204287036816,2011.64033,0.048827,271571.4445
frb-frb40-19-4.partial,1,400,98.22996351653524,437.809133,0.224367,59104.233
frb-frb40-19-4.partial,2,400,98.23702483229376,443.642787,0.221433,59891.7762
frb-frb40-19-4.partial,0,2000,98.24643991997176,2040.870114,0.048139,275517.4654
frb-frb40-19-4.partial,3,400,98.24408614805223,415.683432,0.236344,56117.2633
frb-frb40-19-4.partial,1,1000,98.22996351653524,1000.833513,0.098148,135112.5243
frb-frb40-19-4.partial,4,400,98.23702483229376,448.533998,0.219018,60552.0897
frb-frb40-19-4.partial,2,1000,98.23231728845477,1013.159136,0.096956,136776.4834
frb-frb40-19-4.partial,3,1000,98.23937860421326,1017.613444,0.096539,137377.8149
frb-frb40-19-4.partial,4,1000,98.24408614805223,1040.860478,0.094387,140516.1645
frb-frb40-19-4.partial,1,2000,98.24408614805223,2001.833043,0.049077,270247.4608
frb-frb40-19-4.partial,2,2000,98.24408614805223,2008.058912,0.048925,271087.9531
frb-frb40-19-4.partial,5,400,98.22996351653524,419.436844,0.234195,56623.9739
frb-frb40-19-4.partial,3,2000,98.23937860421326,2000.615693,0.049105,270083.1186
frb-frb40-19-4.partial,6,400,98.22996351653524,416.194513,0.236019,56186.2593
frb-frb40-19-4.partial,7,400,98.22760974461576,434.295397,0.226177,58629.8786
frb-frb40-19-4.partial,4,2000,98.24643991997176,2046.331218,0.048011,276254.7144
frb-frb40-19-4.partial,5,1000,98.24173237613276,1002.389018,0.098008,135322.5174
frb-frb40-19-4.partial,6,1000,98.24408614805223,1001.096443,0.098136,135148.0198
frb-frb40-19-4.partial,8,400,98.24173237613276,440.219635,0.223165,59429.6507
frb-frb40-19-4.partial,7,1000,98.23937860421326,1012.982805,0.09698,136752.6787
frb-frb40-19-4.partial,8,1000,98.23231728845477,1000.022816,0.09823,135003.0802
frb-frb40-19-4.partial,5,2000,98.23467106037424,2013.670643,0.048784,271845.5368
frb-frb40-19-4.partial,6,2000,98.23467106037424,2009.909247,0.048875,271337.7483
frb-frb40-19-4.partial,9,400,98.22760974461576,417.293844,0.235392,56334.6689
frb-frb40-19-4.partial,7,2000,98.24643991997176,2021.486356,0.048601,272900.6581
gen-hyper-tw-GenHyperTW_grid4d_3,0,400,92.75425835868823,447.830986,0.207119,60457.1831
gen-hyper-tw-GenHyperTW_grid4d_3,1,400,92.72644522920548,433.591228,0.213857,58534.8158
frb-frb40-19-4.partial,8,2000,98.24643991997176,2029.849392,0.048401,274029.6679
frb-frb40-19-4.partial,9,1000,98.23467106037424,1008.144119,0.097441,136099.4561
gen-hyper-tw-GenHyperTW_grid4d_3,0,1000,93.27765088622743,1072.398149,0.08698,144773.7501
gen-hyper-tw-GenHyperTW_grid4d_3,2,400,92.793028175543,451.592421,0.20548,60964.9768
gen-hyper-tw-GenHyperTW_grid4d_3,1,1000,93.24225235779484,1054.491937,0.088424,142356.4115
gen-hyper-tw-GenHyperTW_grid4d_3,2,1000,93.35771898625356,1007.553749,0.092658,136019.7561
frb-frb40-19-4.partial,9,2000,98.24173237613276,2002.547507,0.049058,270343.9134
gen-hyper-tw-GenHyperTW_grid4d_3,3,400,92.93546511137896,452.474505,0.205394,61084.0582
gen-hyper-tw-GenHyperTW_grid4d_3,0,2000,93.92156697485862,2056.841232,0.045663,277673.5663
gen-hyper-tw-GenHyperTW_grid4d_3,1,2000,93.90976746538108,2016.635995,0.046568,272245.8593
gen-hyper-tw-GenHyperTW_grid4d_3,4,400,92.87141063135805,419.540709,0.221364,56637.9957
gen-hyper-tw-GenHyperTW_grid4d_3,5,400,93.024804254566,419.72069,0.221635,56662.2931
gen-hyper-tw-GenHyperTW_grid4d_3,3,1000,93.44115837470186,1027.95284,0.0909,138773.6334
gen-hyper-tw-GenHyperTW_grid4d_3,2,2000,93.9434803496026,2019.418646,0.04652,272621.5172
gen-hyper-tw-GenHyperTW_grid4d_3,6,400,92.78965688712084,426.023873,0.217804,57513.2229
gen-hyper-tw-GenHyperTW_grid4d_3,4,1000,93.33496278940405,1009.558662,0.092451,136290.4194
gen-hyper-tw-GenHyperTW_grid4d_3,5,1000,93.55156807052737,1037.130972,0.090202,140012.6812
gen-hyper-tw-GenHyperTW_grid4d_3,6,1000,93.33917689993172,1027.663235,0.090827,138734.5367
gen-hyper-tw-GenHyperTW_grid4d_3,3,2000,94.00332071909584,2040.517113,0.046068,275469.8103
gen-hyper-tw-GenHyperTW_grid4d_3,7,400,92.6809328355064,442.555143,0.209422,59744.9443
gen-hyper-tw-GenHyperTW_grid4d_3,4,2000,93.93420930644167,2020.522151,0.04649,272770.4904
gen-hyper-tw-GenHyperTW_grid4d_3,5,2000,94.09518832859948,2009.111111,0.046834,271230.0
gen-hyper-tw-GenHyperTW_grid4d_3,9,400,92.91102327031834,441.735106,0.210332,59634.2393
gen-hyper-tw-GenHyperTW_grid4d_3,8,400,92.86466805451371,424.18289,0.218926,57264.6902
gen-hyper-tw-GenHyperTW_grid4d_3,7,1000,93.21191076199548,1012.512733,0.09206,136689.219
gen-hyper-tw-GenHyperTW_grid4d_3,6,2000,93.95527985908016,2004.354388,0.046876,270587.8424
gen-hyper-tw-GenHyperTW_grid4d_3,9,1000,93.3518192315148,1013.444835,0.092113,136815.0527
gen-hyper-tw-GenHyperTW_grid4d_3,8,1000,93.31473505887112,1056.297547,0.088341,142600.1688
gen-hyper-tw-GenHyperTW_b01,0,400,93.98518275385084,470.153304,0.199903,63470.696
gen-hyper-tw-GenHyperTW_b01,0,1000,94.3280660211474,1036.872997,0.090974,139977.8546
gen-hyper-tw-GenHyperTW_grid4d_3,7,2000,93.8153713895608,2025.152861,0.046325,273395.6362
gen-hyper-tw-GenHyperTW_grid4d_3,9,2000,93.90892464327554,2020.790691,0.046471,272806.7433
gen-hyper-tw-GenHyperTW_grid4d_3,8,2000,93.9696078348743,2038.921882,0.046088,275254.4541
gen-hyper-tw-GenHyperTW_b01,1,400,94.18387921130989,476.539441,0.197641,64332.8245
gen-hyper-tw-GenHyperTW_b01,2,400,94.174501207418,423.456185,0.222395,57166.585
gen-hyper-tw-GenHyperTW_b01,3,400,94.2764869997421,423.847257,0.22243,57219.3797
gen-hyper-tw-GenHyperTW_b01,1,1000,94.50859259606592,1038.397217,0.091014,140183.6243
gen-hyper-tw-GenHyperTW_b01,0,2000,94.85909549152464,2049.148557,0.046292,276635.0552
gen-hyper-tw-GenHyperTW_b01,2,1000,94.47166670574168,1043.449908,0.090538,140865.7376
gen-hyper-tw-GenHyperTW_b01,3,1000,94.61116451363328,1023.272467,0.092459,138141.783
gen-hyper-tw-GenHyperTW_b01,4,400,94.11119968114788,404.438887,0.232696,54599.2497
gen-hyper-tw-GenHyperTW_b01,4,1000,94.49042271352543,1056.244237,0.089459,142592.972
gen-hyper-tw-GenHyperTW_b01,1,2000,94.98745691979462,2057.025985,0.046177,277698.508
gen-hyper-tw-GenHyperTW_b01,5,400,94.16219257730992,433.703816,0.217112,58550.0152
gen-hyper-tw-GenHyperTW_b01,2,2000,94.93060277120016,2016.387555,0.04708,272212.3199
gen-hyper-tw-GenHyperTW_b01,3,2000,95.070686704335,2055.67185,0.046248,277515.6998
gen-hyper-tw-GenHyperTW_b01,6,400,94.15867582585048,435.023561,0.216445,58728.1807
gen-hyper-tw-GenHyperTW_b01,7,400,94.16570932876937,429.227289,0.219384,57945.684
gen-hyper-tw-GenHyperTW_b01,5,1000,94.49393946498488,1088.674112,0.086797,146971.0051
gen-hyper-tw-GenHyperTW_b01,4,2000,95.00621292757836,2061.245237,0.046092,278268.107
gen-hyper-tw-GenHyperTW_b01,6,1000,94.47811408341734,1010.228782,0.093522,136380.8856
gen-hyper-tw-GenHyperTW_b01,8,400,94.22139122687736,439.414423,0.214425,59320.9471
gen-hyper-tw-GenHyperTW_b01,7,1000,94.55079361357934,1055.709954,0.089561,142520.8438
gen-hyper-tw-GenHyperTW_b01,8,1000,94.49218108925515,1001.926242,0.094311,135260.0427
gen-hyper-tw-GenHyperTW_b01,5,2000,94.95815065763252,2038.035291,0.046593,275134.7643
gen-hyper-tw-GenHyperTW_b01,6,2000,94.97983729163248,2028.317033,0.046827,273822.7995
gen-hyper-tw-GenHyperTW_b01,9,400,94.37495604060676,447.268154,0.211003,60381.2008
gen-hyper-tw-GenHyperTW_b01,7,2000,94.95815065763252,2053.069522,0.046252,277164.3855
min-fill-MinFill_R3_david,0,400,93.56789148844553,408.381284,0.229119,55131.4733
min-fill-MinFill_R3_david,1,400,93.67733601263096,411.214926,0.227806,55514.015
gen-hyper-tw-GenHyperTW_b01,9,1000,94.72018380887629,1015.090809,0.093312,137037.2592
gen-hyper-tw-GenHyperTW_b01,8,2000,95.00445455184864,2000.667128,0.047486,270090.0623
min-fill-MinFill_R3_david,0,1000,95.35129898091,1036.904213,0.091958,139982.0688
min-fill-MinFill_R3_david,2,400,93.67374766757573,414.9566,0.225743,56019.141
min-fill-MinFill_R3_david,1,1000,95.4105066743218,1028.835065,0.092736,138892.7338
min-fill-MinFill_R3_david,2,1000,95.2974738050811,1006.2276,0.094708,135840.726
gen-hyper-tw-GenHyperTW_b01,9,2000,95.179705999578,2027.149697,0.046952,273665.2091
min-fill-MinFill_R3_david,0,2000,95.80522463040046,2003.803612,0.047812,270513.4876
min-fill-MinFill_R3_david,3,400,93.55533228075213,440.986114,0.21215,59533.1254
min-fill-MinFill_R3_david,1,2000,95.80881297545572,2008.734933,0.047696,271179.216
min-fill-MinFill_R3_david,4,400,93.41538682359696,430.161596,0.217163,58071.8155
min-fill-MinFill_R3_david,5,400,93.87828333572556,420.95647,0.223012,56829.1235
min-fill-MinFill_R3_david,2,2000,95.7065451413808,2044.542015,0.046811,276013.172
min-fill-MinFill_R3_david,3,1000,95.34771063585474,1031.892937,0.092401,139305.5465
min-fill-MinFill_R3_david,4,1000,95.268767044639,1036.643277,0.091901,139946.8424
min-fill-MinFill_R3_david,6,400,93.79575139945456,426.903479,0.219712,57631.9697
min-fill-MinFill_R3_david,5,1000,95.31900387541266,1032.074131,0.092357,139330.0077
min-fill-MinFill_R3_david,6,1000,95.43741926223626,1034.555634,0.09225,139665.0106
min-fill-MinFill_R3_david,3,2000,95.80343045787284,2027.648658,0.047249,273732.5688
min-fill-MinFill_R3_david,4,2000,95.83034304578727,2019.699128,0.047448,272659.3823
min-fill-MinFill_R3_david,7,400,94.1707334577293,451.572422,0.20854,60962.277
min-fill-MinFill_R3_david,5,2000,95.83572556337018,2020.642682,0.047428,272786.7621
min-fill-MinFill_R3_david,8,400,93.40103344337592,440.93969,0.211823,59526.8581
min-fill-MinFill_R3_david,9,400,93.40462178843116,422.090955,0.22129,56982.2789
min-fill-MinFill_R3_david,6,2000,95.78190038754128,2018.289079,0.047457,272469.0257
min-fill-MinFill_R3_david,7,1000,95.18623510836802,1051.827903,0.090496,141996.7669
min-fill-MinFill_R3_david,8,1000,95.13599827759435,1054.922306,0.090183,142414.5113
ramsey-ram_k3_n10.ra0,0,400,98.78787878787878,417.97873,0.236347,56427.1285
min-fill-MinFill_R3_david,9,1000,95.32259222046793,1005.776869,0.094775,135779.8773
ramsey-ram_k3_n10.ra0,0,1000,98.78787878787878,1010.457751,0.097765,136411.7964
min-fill-MinFill_R3_david,7,2000,95.84110808095306,2006.071907,0.047776,270819.7074
min-fill-MinFill_R3_david,8,2000,95.7836945600689,2010.638272,0.047638,271436.1667
min-fill-MinFill_R3_david,9,2000,95.84649059853596,2006.591862,0.047766,270889.9014
ramsey-ram_k3_n10.ra0,1,400,98.78787878787878,405.076818,0.243874,54685.3704
ramsey-ram_k3_n10.ra0,2,400,98.78787878787878,402.850837,0.245222,54384.863
ramsey-ram_k3_n10.ra0,3,400,98.78787878787878,420.564834,0.234893,56776.2526
ramsey-ram_k3_n10.ra0,1,1000,98.78787878787878,1010.672868,0.097745,136440.8372
ramsey-ram_k3_n10.ra0,2,1000,98.78787878787878,1038.087034,0.095163,140141.7496
ramsey-ram_k3_n10.ra0,0,2000,98.78787878787878,2013.680603,0.049058,271846.8814
ramsey-ram_k3_n10.ra0,3,1000,98.78787878787878,1020.442939,0.096809,137759.7968
ramsey-ram_k3_n10.ra0,4,400,98.78787878787878,403.64109,0.244742,54491.5472
ramsey-ram_k3_n10.ra0,4,1000,98.78787878787878,1003.979768,0.098396,135537.2687
ramsey-ram_k3_n10.ra0,1,2000,98.78787878787878,2000.257306,0.049388,270034.7363
ramsey-ram_k3_n10.ra0,2,2000,98.78787878787878,2013.36028,0.049066,271803.6378
ramsey-ram_k3_n10.ra0,5,400,98.78787878787878,400.783314,0.246487,54105.7474
ramsey-ram_k3_n10.ra0,3,2000,98.78787878787878,2016.713379,0.048985,272256.3062
ramsey-ram_k3_n10.ra0,6,400,98.78787878787878,427.862504,0.230887,57761.438
ramsey-ram_k3_n10.ra0,7,400,98.78787878787878,410.016585,0.240936,55352.239
ramsey-ram_k3_n10.ra0,5,1000,98.78787878787878,1021.079632,0.096748,137845.7503
ramsey-ram_k3_n10.ra0,4,2000,98.78787878787878,2032.15081,0.048612,274340.3593
ramsey-ram_k3_n10.ra0,6,1000,98.78787878787878,1009.500881,0.097858,136282.6189
ramsey-ram_k3_n10.ra0,7,1000,98.78787878787878,1013.523834,0.09747,136825.7176
ramsey-ram_k3_n10.ra0,8,400,98.78787878787878,413.475153,0.238921,55819.1457
ramsey-ram_k3_n10.ra0,5,2000,98.78787878787878,2000.958061,0.04937,270129.3382
ramsey-ram_k3_n10.ra0,8,1000,98.78787878787878,1002.391639,0.098552,135322.8713
ramsey-ram_k3_n10.ra0,9,400,98.78787878787878,405.87153,0.243397,54792.6566
ramsey-ram_k3_n10.ra0,6,2000,98.78787878787878,2019.952419,0.048906,272693.5766
ramsey-ram_k3_n10.ra0,7,2000,98.78787878787878,2002.416175,0.049334,270326.1836
ramsey-ram_k3_n16.ra0,0,400,97.85714285714286,414.565349,0.236048,55966.3221
ramsey-ram_k3_n16.ra0,1,400,97.6470588235294,401.294932,0.24333,54174.8158
ramsey-ram_k3_n10.ra0,9,1000,98.78787878787878,1018.502687,0.096993,137497.8627
ramsey-ram_k3_n10.ra0,8,2000,98.78787878787878,2020.350126,0.048896,272747.267
ramsey-ram_k3_n16.ra0,0,1000,97.81512605042016,1021.343527,0.095771,137881.3761
ramsey-ram_k3_n16.ra0,1,1000,97.94117647058825,1008.085827,0.097156,136091.5866
ramsey-ram_k3_n16.ra0,2,400,97.77310924369748,410.26702,0.238316,55386.0477
ramsey-ram_k3_n16.ra0,2,1000,97.94117647058825,1007.791411,0.097184,136051.8405
ramsey-ram_k3_n10.ra0,9,2000,98.78787878787878,2015.500098,0.049014,272092.5132
ramsey-ram_k3_n16.ra0,0,2000,98.109243697479,2017.270319,0.048635,272331.4931
ramsey-ram_k3_n16.ra0,1,2000,97.94117647058825,2005.437714,0.048838,270734.0914
ramsey-ram_k3_n16.ra0,3,400,97.77310924369748,421.246061,0.232105,56868.2182
ramsey-ram_k3_n16.ra0,4,400,97.77310924369748,432.043642,0.226304,58325.8917
ramsey-ram_k3_n16.ra0,5,400,97.94117647058825,413.903797,0.236628,55877.0126
ramsey-ram_k3_n16.ra0,3,1000,97.85714285714286,1014.088864,0.096498,136901.9966
ramsey-ram_k3_n16.ra0,2,2000,98.02521008403362,2027.869639,0.048339,273762.4013
ramsey-ram_k3_n16.ra0,5,1000,97.85714285714286,1026.262187,0.095353,138545.3952
ramsey-ram_k3_n16.ra0,4,1000,97.94117647058825,1009.538361,0.097016,136287.6787
ramsey-ram_k3_n16.ra0,6,400,97.6470588235294,422.05226,0.231362,56977.0551
ramsey-ram_k3_n16.ra0,3,2000,98.109243697479,2016.091612,0.048663,272172.3676
ramsey-ram_k3_n16.ra0,6,1000,97.89915966386556,1008.984462,0.097027,136212.9024
ramsey-ram_k3_n16.ra0,4,2000,97.94117647058825,2010.981227,0.048703,271482.4656
ramsey-ram_k3_n16.ra0,7,400,97.94117647058825,430.837732,0.227327,58163.0938
ramsey-ram_k3_n16.ra0,5,2000,97.77310924369748,2030.482044,0.048153,274115.0759
ramsey-ram_k3_n16.ra0,8,400,97.98319327731092,408.627476,0.239786,55164.7093
ramsey-ram_k3_n16.ra0,9,400,97.89915966386556,415.181607,0.235798,56049.5169
ramsey-ram_k3_n16.ra0,7,1000,97.94117647058825,1003.222969,0.097627,135435.1008
ramsey-ram_k3_n16.ra0,6,2000,98.19327731092436,2007.909555,0.048903,271067.7899
ramsey-ram_k3_n16.ra0,8,1000,97.94117647058825,1002.858026,0.097662,135385.8335
ramsey-ram_k3_n16.ra0,9,1000,98.0672268907563,1030.972489,0.095121,139181.286
HaplotypeAssembly-splitedReads_0.matrix,0,400,87.51797862001943,426.804632,0.205054,57618.6253
ramsey-ram_k3_n16.ra0,7,2000,98.0672268907563,2012.363877,0.048732,271669.1234
HaplotypeAssembly-splitedReads_0.matrix,1,400,87.4460641399417,416.560217,0.209924,56235.6293
ramsey-ram_k3_n16.ra0,8,2000,98.02521008403362,2004.783293,0.048896,270645.7446
ramsey-ram_k3_n16.ra0,9,2000,98.0672268907563,2015.341917,0.04866,272071.1588
HaplotypeAssembly-splitedReads_0.matrix,3,400,87.354713313897,445.01996,0.196294,60077.6946
HaplotypeAssembly-splitedReads_0.matrix,0,1000,93.8639455782313,5763.062975,0.016287,778013.5016
HaplotypeAssembly-splitedReads_0.matrix,1,1000,93.61904761904762,7848.907052,0.011928,1059602.452
HaplotypeAssembly-splitedReads_0.matrix,2,400,93.66569484936832,7751.984391,0.012083,1046517.8928
HaplotypeAssembly-splitedReads_0.matrix,3,1000,93.95918367346938,7859.69391,0.011955,1061058.6778
HaplotypeAssembly-splitedReads_0.matrix,0,2000,94.1010689990282,7773.397998,0.012106,1049408.7297
HaplotypeAssembly-splitedReads_0.matrix,4,400,87.11953352769679,417.656422,0.208591,56383.617
HaplotypeAssembly-splitedReads_0.matrix,1,2000,93.73760932944606,7747.983393,0.012098,1045977.7581
HaplotypeAssembly-splitedReads_0.matrix,2,1000,95.3877551020408,7598.846347,0.012553,1025844.2568
HaplotypeAssembly-splitedReads_0.matrix,5,400,87.22837706511176,426.026859,0.204749,57513.626
HaplotypeAssembly-splitedReads_0.matrix,3,2000,94.15549076773569,7667.761326,0.012279,1035147.779
HaplotypeAssembly-splitedReads_0.matrix,6,400,87.10787172011662,422.369677,0.206236,57019.9064
HaplotypeAssembly-splitedReads_0.matrix,4,1000,93.8192419825073,7864.265436,0.01193,1061675.8339
HaplotypeAssembly-splitedReads_0.matrix,2,2000,95.38581146744411,7471.153789,0.012767,1008605.7615
HaplotypeAssembly-splitedReads_0.matrix,7,400,87.23420796890184,425.442707,0.205043,57434.7654
HaplotypeAssembly-splitedReads_0.matrix,5,1000,94.0019436345967,7766.175727,0.012104,1048433.7231
HaplotypeAssembly-splitedReads_0.matrix,6,1000,93.91448007774538,7912.751171,0.011869,1068221.4081
HaplotypeAssembly-splitedReads_0.matrix,4,2000,93.89310009718172,7870.27539,0.01193,1062487.1776
HaplotypeAssembly-splitedReads_0.matrix,8,400,87.09620991253644,413.249967,0.210759,55788.7455
HaplotypeAssembly-splitedReads_0.matrix,5,2000,93.96112730806608,7743.21408,0.012135,1045333.9008
HaplotypeAssembly-splitedReads_0.matrix,7,1000,93.73955296404276,7942.19053,0.011803,1072195.7215
HaplotypeAssembly-splitedReads_0.matrix,6,2000,93.96112730806608,7578.100854,0.012399,1023043.6153
inconsistency-measurement-im-hit-A-2-WS_300_16_90_30.tgf.pl,0,400,98.44888366627497,447.073698,0.220207,60354.9492
inconsistency-measurement-im-hit-A-2-WS_300_16_90_30.tgf.pl,0,1000,98.49588719153935,1038.631821,0.094832,140215.2958
HaplotypeAssembly-splitedReads_0.matrix,8,1000,93.70068027210884,7738.615476,0.012108,1044713.0893
inconsistency-measurement-im-hit-A-2-WS_300_16_90_30.tgf.pl,0,2000,98.70740305522914,2016.52516,0.048949,272230.8966
inconsistency-measurement-im-hit-A-2-WS_300_16_90_30.tgf.pl,1,400,98.35487661574618,402.013327,0.244656,54271.7991
HaplotypeAssembly-splitedReads_0.matrix,7,2000,93.87755102040816,7507.469345,0.012505,1013508.3616
HaplotypeAssembly-splitedReads_0.matrix,9,400,93.70845481049562,7483.843562,0.012521,1010318.8809
inconsistency-measurement-im-hit-A-2-WS_300_16_90_30.tgf.pl,1,1000,98.66039952996476,1015.108143,0.097192,137039.5993
inconsistency-measurement-im-hit-A-2-WS_300_16_90_30.tgf.pl,2,400,98.28437132784958,408.470259,0.240616,55143.485
inconsistency-measurement-im-hit-A-2-WS_300_16_90_30.tgf.pl,2,1000,98.42538190364276,1036.270846,0.09498,139896.5642
inconsistency-measurement-im-hit-A-2-WS_300_16_90_30.tgf.pl,1,2000,98.66039952996476,2031.336235,0.048569,274230.3917
HaplotypeAssembly-splitedReads_0.matrix,8,2000,93.7240038872692,6616.091336,0.014166,893172.3304
inconsistency-measurement-im-hit-A-2-WS_300_16_90_30.tgf.pl,3,400,97.81433607520565,441.205636,0.221698,59562.7609
inconsistency-measurement-im-hit-A-2-WS_300_16_90_30.tgf.pl,4,400,98.1433607520564,430.260668,0.228102,58085.1902
inconsistency-measurement-im-hit-A-2-WS_300_16_90_30.tgf.pl,2,2000,98.58989424206815,2003.050929,0.04922,270411.8754
inconsistency-measurement-im-hit-A-2-WS_300_16_90_30.tgf.pl,5,400,98.58989424206815,445.221497,0.22144,60104.9021
inconsistency-measurement-im-hit-A-2-WS_300_16_90_30.tgf.pl,3,1000,98.66039952996476,1029.29691,0.095852,138955.0829
inconsistency-measurement-im-hit-A-2-WS_300_16_90_30.tgf.pl,4,1000,98.49588719153935,1025.094292,0.096085,138387.7294
HaplotypeAssembly-splitedReads_0.matrix,9,1000,95.40330417881438,6082.566598,0.015685,821146.4907
inconsistency-measurement-im-hit-A-2-WS_300_16_90_30.tgf.pl,5,1000,98.66039952996476,1015.63485,0.097142,137110.7048
inconsistency-measurement-im-hit-A-2-WS_300_16_90_30.tgf.pl,3,2000,98.66039952996476,2004.211177,0.049227,270568.5089
inconsistency-measurement-im-hit-A-2-WS_300_16_90_30.tgf.pl,4,2000,98.49588719153935,2021.204227,0.048731,272862.5706
inconsistency-measurement-im-hit-A-2-WS_300_16_90_30.tgf.pl,6,400,97.97884841363104,437.220778,0.224095,59024.805
inconsistency-measurement-im-hit-A-2-WS_300_16_90_30.tgf.pl,7,400,98.35487661574618,407.140708,0.241575,54963.9956
inconsistency-measurement-im-hit-A-2-WS_300_16_90_30.tgf.pl,5,2000,98.70740305522914,2008.233556,0.049151,271111.5301
inconsistency-measurement-im-hit-A-2-WS_300_16_90_30.tgf.pl,8,400,98.35487661574618,428.479786,0.229544,57844.7711
inconsistency-measurement-im-hit-A-2-WS_300_16_90_30.tgf.pl,6,1000,98.54289071680375,1024.644124,0.096173,138326.9567
inconsistency-measurement-im-hit-A-2-WS_300_16_90_30.tgf.pl,7,1000,98.37837837837836,1017.459985,0.09669,137357.098
HaplotypeAssembly-splitedReads_0.matrix,9,2000,95.40719144800778,4928.508093,0.019358,665348.5926
inconsistency-measurement-im-hit-A-2-WS_300_16_90_30.tgf.pl,8,1000,98.61339600470036,1015.247253,0.097132,137058.3792
inconsistency-measurement-im-hit-A-2-WS_300_16_90_30.tgf.pl,9,400,98.56639247943596,417.744364,0.235949,56395.4891
inconsistency-measurement-im-hit-A-2-WS_300_16_90_30.tgf.pl,7,2000,98.42538190364276,2008.455643,0.049006,271141.5118
inconsistency-measurement-im-hit-A-2-WS_300_16_90_30.tgf.pl,9,1000,98.58989424206815,1029.719876,0.095744,139012.1833
inconsistency-measurement-im-hit-A-2-WS_300_16_90_30.tgf.pl,6,2000,98.66039952996476,2019.847448,0.048845,272679.4055
inconsistency-measurement-im-forgetting-A-2-WS_300_16_90_30.tgf.pl,0,400,76.34984025559105,400.84353,0.190473,54113.8765
inconsistency-measurement-im-forgetting-A-2-WS_300_16_90_30.tgf.pl,1,400,76.4776357827476,404.206829,0.189204,54567.9219
inconsistency-measurement-im-hit-A-2-WS_300_16_90_30.tgf.pl,8,2000,98.66039952996476,2009.105905,0.049107,271229.2972
inconsistency-measurement-im-forgetting-A-2-WS_300_16_90_30.tgf.pl,2,400,76.64536741214057,400.106328,0.191562,54014.3543
inconsistency-measurement-im-forgetting-A-2-WS_300_16_90_30.tgf.pl,0,1000,76.78913738019169,1006.011885,0.07633,135811.6045
inconsistency-measurement-im-forgetting-A-2-WS_300_16_90_30.tgf.pl,1,1000,76.81309904153355,1001.347608,0.07671,135181.9271
inconsistency-measurement-im-hit-A-2-WS_300_16_90_30.tgf.pl,9,2000,98.58989424206815,2030.307008,0.048559,274091.4461
inconsistency-measurement-im-forgetting-A-2-WS_300_16_90_30.tgf.pl,2,1000,76.84504792332268,1034.921381,0.074252,139714.3864
inconsistency-measurement-im-forgetting-A-2-WS_300_16_90_30.tgf.pl,3,400,76.39776357827476,431.209806,0.177171,58213.3238
inconsistency-measurement-im-forgetting-A-2-WS_300_16_90_30.tgf.pl,0,2000,80.28753993610223,2158.307131,0.037199,291371.4627
inconsistency-measurement-im-forgetting-A-2-WS_300_16_90_30.tgf.pl,1,2000,85.29552715654953,2261.93867,0.037709,305361.7204
inconsistency-measurement-im-forgetting-A-2-WS_300_16_90_30.tgf.pl,3,1000,76.5814696485623,1022.349167,0.074907,138017.1375
inconsistency-measurement-im-forgetting-A-2-WS_300_16_90_30.tgf.pl,4,400,76.58945686900958,433.872229,0.176525,58572.7509
inconsistency-measurement-im-forgetting-A-2-WS_300_16_90_30.tgf.pl,5,400,76.49361022364218,420.482726,0.181919,56765.168
inconsistency-measurement-im-forgetting-A-2-WS_300_16_90_30.tgf.pl,2,2000,77.66773162939297,2006.061735,0.038717,270818.3342
inconsistency-measurement-im-forgetting-A-2-WS_300_16_90_30.tgf.pl,4,1000,76.75718849840256,1029.67878,0.074545,139006.6353
inconsistency-measurement-im-forgetting-A-2-WS_300_16_90_30.tgf.pl,5,1000,76.69329073482429,1031.122183,0.074378,139201.4947
inconsistency-measurement-im-forgetting-A-2-WS_300_16_90_30.tgf.pl,6,400,76.50958466453675,445.517173,0.171732,60144.8184
inconsistency-measurement-im-forgetting-A-2-WS_300_16_90_30.tgf.pl,3,2000,78.8258785942492,2037.002382,0.038697,274995.3216
inconsistency-measurement-im-forgetting-A-2-WS_300_16_90_30.tgf.pl,6,1000,76.82907348242811,1001.747234,0.076695,135235.8766
inconsistency-measurement-im-forgetting-A-2-WS_300_16_90_30.tgf.pl,7,400,76.51757188498402,412.744946,0.185387,55720.5677
inconsistency-measurement-im-forgetting-A-2-WS_300_16_90_30.tgf.pl,4,2000,78.80990415335464,2157.155424,0.036534,291215.9822
inconsistency-measurement-im-forgetting-A-2-WS_300_16_90_30.tgf.pl,5,2000,78.43450479233226,2007.612482,0.039069,271027.6851
inconsistency-measurement-im-forgetting-A-2-WS_300_16_90_30.tgf.pl,7,1000,76.64536741214057,1010.938966,0.075816,136476.7604
inconsistency-measurement-im-forgetting-A-2-WS_300_16_90_30.tgf.pl,9,400,76.36581469648563,404.759273,0.18867,54642.5019
inconsistency-measurement-im-forgetting-A-2-WS_300_16_90_30.tgf.pl,8,400,76.42172523961662,438.574932,0.17425,59207.6158
inconsistency-measurement-im-forgetting-A-2-WS_300_16_90_30.tgf.pl,6,2000,78.29073482428115,2034.474193,0.038482,274654.0161
inconsistency-measurement-im-forgetting-A-2-WS_300_16_90_30.tgf.pl,8,1000,76.53354632587859,1004.990275,0.076154,135673.6871
inconsistency-measurement-im-forgetting-A-2-WS_300_16_90_30.tgf.pl,9,1000,76.6373801916933,1031.428487,0.074302,139242.8457
judgment-aggregation-ja-slater-preflib-00049-00000107,0,400,93.43175869692271,434.728452,0.21492,58688.341
inconsistency-measurement-im-forgetting-A-2-WS_300_16_90_30.tgf.pl,7,2000,78.79392971246007,2131.629192,0.036964,287769.9409
judgment-aggregation-ja-slater-preflib-00049-00000107,0,1000,93.74533072446827,1025.51994,0.091412,138445.1919
judgment-aggregation-ja-slater-preflib-00049-00000107,1,400,93.85408990420044,508.909062,0.184422,68702.7234
inconsistency-measurement-im-forgetting-A-2-WS_300_16_90_30.tgf.pl,9,2000,78.75399361022365,2024.57584,0.038899,273317.7384
inconsistency-measurement-im-forgetting-A-2-WS_300_16_90_30.tgf.pl,8,2000,77.48402555910543,2013.886179,0.038475,271874.6342
judgment-aggregation-ja-slater-preflib-00049-00000107,1,1000,94.3861967321424,1028.668993,0.091756,138870.3141
judgment-aggregation-ja-slater-preflib-00049-00000107,2,400,93.59997967118136,455.139454,0.205651,61443.8263
judgment-aggregation-ja-slater-preflib-00049-00000107,3,400,93.5659288999568,442.406354,0.211493,59724.8578
judgment-aggregation-ja-slater-preflib-00049-00000107,0,2000,99.37539704723908,3712.653182,0.026767,501208.1796
judgment-aggregation-ja-slater-preflib-00049-00000107,4,400,93.69247579600032,449.393581,0.208486,60668.1334
judgment-aggregation-ja-slater-preflib-00049-00000107,4,1000,94.0944781846365,1036.659141,0.090767,139948.984
judgment-aggregation-ja-slater-preflib-00049-00000107,2,1000,99.27324473356542,4094.653401,0.024245,552778.2091
judgment-aggregation-ja-slater-preflib-00049-00000107,1,2000,99.56293039920718,4507.464672,0.022088,608507.7307
judgment-aggregation-ja-slater-preflib-00049-00000107,3,1000,99.4460396920184,4210.269152,0.02362,568386.3355
judgment-aggregation-ja-slater-preflib-00049-00000107,5,400,93.73974029934186,451.890842,0.207439,61005.2637
judgment-aggregation-ja-slater-preflib-00049-00000107,4,2000,99.5298960689147,3915.00654,0.025423,528525.8829
judgment-aggregation-ja-slater-preflib-00049-00000107,2,2000,99.49279597489392,4344.05035,0.022903,586446.7973
judgment-aggregation-ja-slater-preflib-00049-00000107,3,2000,99.47195893578636,4074.942928,0.024411,550117.2953
judgment-aggregation-ja-slater-preflib-00049-00000107,6,400,93.5766015297436,422.381732,0.221545,57021.5338
judgment-aggregation-ja-slater-preflib-00049-00000107,5,1000,99.4033491728712,3986.102653,0.024937,538123.8582
judgment-aggregation-ja-slater-preflib-00049-00000107,8,400,93.8601885497929,467.225921,0.200888,63075.4993
judgment-aggregation-ja-slater-preflib-00049-00000107,7,400,93.77836505476076,477.855922,0.196248,64510.5495
judgment-aggregation-ja-slater-preflib-00049-00000107,6,1000,94.0279013035855,1050.61974,0.089498,141833.6649
judgment-aggregation-ja-slater-preflib-00049-00000107,8,1000,94.27896221380836,1000.50972,0.094231,135068.8122
judgment-aggregation-ja-slater-preflib-00049-00000107,7,1000,94.0771986887912,1043.283425,0.090174,140843.2624
judgment-aggregation-ja-slater-preflib-00049-00000107,5,2000,99.5298960689147,4401.252816,0.022614,594169.1302
judgment-aggregation-ja-slater-preflib-00049-00000107,6,2000,99.47754936091276,4093.948661,0.024299,552683.0692
judgment-aggregation-ja-slater-preflib-00049-00000107,9,400,93.7631184407796,437.543142,0.214295,59068.3242
judgment-aggregation-ja-slater-preflib-00049-00000107,8,2000,99.51973165959392,4117.21808,0.024172,555824.4408
logic-synthesis-normalized-test4.pi.opb.msat,0,400,19.680570221752905,404.168123,0.048694,54562.6966
judgment-aggregation-ja-slater-preflib-00049-00000107,7,2000,99.60257159555816,4464.692777,0.022309,602733.5249
logic-synthesis-normalized-test4.pi.opb.msat,1,400,19.81256599788807,438.549794,0.045177,59204.2222
logic-synthesis-normalized-test4.pi.opb.msat,2,400,19.654171066525876,405.525536,0.048466,54745.9474
logic-synthesis-normalized-test4.pi.opb.msat,0,1000,34.95248152059134,1021.709704,0.03421,137930.81
logic-synthesis-normalized-test4.pi.opb.msat,1,1000,35.05807814149947,1025.857368,0.034174,138490.7447
logic-synthesis-normalized-test4.pi.opb.msat,2,1000,35.05807814149947,1000.021259,0.035057,135002.87
judgment-aggregation-ja-slater-preflib-00049-00000107,9,1000,99.33118186669375,3853.735097,0.025775,520254.2381
logic-synthesis-normalized-test4.pi.opb.msat,0,2000,50.10559662090813,2152.977733,0.023273,290651.994
logic-synthesis-normalized-test4.pi.opb.msat,1,2000,50.19799366420275,2251.0595,0.0223,303893.0325
logic-synthesis-normalized-test4.pi.opb.msat,3,400,19.9181626187962,438.60981,0.045412,59212.3243
logic-synthesis-normalized-test4.pi.opb.msat,2,2000,50.18479408658923,2155.553393,0.023282,290999.7081
logic-synthesis-normalized-test4.pi.opb.msat,4,400,19.799366420274552,447.896678,0.044205,60466.0515
logic-synthesis-normalized-test4.pi.opb.msat,5,400,19.64097148891236,427.10905,0.045986,57659.7218
logic-synthesis-normalized-test4.pi.opb.msat,3,1000,34.93928194297782,1012.475134,0.034509,136684.1431
logic-synthesis-normalized-test4.pi.opb.msat,4,1000,34.794086589229146,1007.759481,0.034526,136047.5299
logic-synthesis-normalized-test4.pi.opb.msat,5,1000,34.92608236536431,1119.353561,0.031202,151112.7307
judgment-aggregation-ja-slater-preflib-00049-00000107,9,2000,99.55988107641096,4211.167136,0.023642,568507.5634
logic-synthesis-normalized-test4.pi.opb.msat,3,2000,50.0791974656811,2171.848382,0.023058,293199.5316
logic-synthesis-normalized-test4.pi.opb.msat,6,400,19.81256599788807,432.659144,0.045793,58408.9844
logic-synthesis-normalized-test4.pi.opb.msat,4,2000,50.21119324181626,2001.74006,0.025084,270234.9081
logic-synthesis-normalized-test4.pi.opb.msat,7,400,19.825765575501585,415.384541,0.047729,56076.913
logic-synthesis-normalized-test4.pi.opb.msat,5,2000,50.42238648363252,2032.250191,0.024811,274353.7758
logic-synthesis-normalized-test4.pi.opb.msat,8,400,20.02375923970433,409.649005,0.04888,55302.6157
logic-synthesis-normalized-test4.pi.opb.msat,6,1000,35.308870116156285,1001.509419,0.035256,135203.7716
logic-synthesis-normalized-test4.pi.opb.msat,9,400,19.9181626187962,420.658186,0.04735,56788.8551
logic-synthesis-normalized-test4.pi.opb.msat,7,1000,35.62565997888068,1015.998175,0.035065,137159.7536
logic-synthesis-normalized-test4.pi.opb.msat,8,1000,35.599260823653644,1037.101536,0.034326,140008.7074
logic-synthesis-normalized-test4.pi.opb.msat,9,1000,35.46726504751848,1033.163125,0.034329,139477.0219
logic-synthesis-normalized-test4.pi.opb.msat,6,2000,51.90073917634636,2049.559314,0.025323,276690.5074
logic-synthesis-normalized-test4.pi.opb.msat,7,2000,54.09186906019007,2102.903973,0.025722,283892.0364
minimize-5gons-u5-cube-maxcdcl-29-tmp-15-2655746,0,400,91.99348123225738,414.520126,0.221928,55960.217
logic-synthesis-normalized-test4.pi.opb.msat,8,2000,50.97676874340021,2064.766542,0.024689,278743.4832
logic-synthesis-normalized-test4.pi.opb.msat,9,2000,50.32998944033791,2028.882426,0.024807,273899.1275
minimize-5gons-u5-cube-maxcdcl-29-tmp-15-2655746,1,400,92.02502365681842,428.223007,0.2149,57810.1059
minimize-5gons-u5-cube-maxcdcl-29-tmp-15-2655746,2,400,92.13016507202188,445.15124,0.206964,60095.4174
minimize-5gons-u5-cube-maxcdcl-29-tmp-15-2655746,0,1000,93.27357796235935,1215.932367,0.07671,164150.8695
minimize-5gons-u5-cube-maxcdcl-29-tmp-15-2655746,3,400,91.84891178635264,409.173047,0.224474,55238.3613
minimize-5gons-u5-cube-maxcdcl-29-tmp-15-2655746,1,1000,93.10272316265376,1201.181471,0.077509,162159.4986
minimize-5gons-u5-cube-maxcdcl-29-tmp-15-2655746,2,1000,93.0764378088529,1213.054696,0.076729,163762.384
minimize-5gons-u5-cube-maxcdcl-29-tmp-15-2655746,3,1000,93.04489538429188,1194.292807,0.077908,161229.5289
minimize-5gons-u5-cube-maxcdcl-29-tmp-15-2655746,0,2000,93.32352013458102,2037.618879,0.0458,275078.5487
minimize-5gons-u5-cube-maxcdcl-29-tmp-15-2655746,1,2000,93.1342655872148,2041.199433,0.045627,275561.9235
minimize-5gons-u5-cube-maxcdcl-29-tmp-15-2655746,4,400,92.01713805067816,416.940009,0.220696,56286.9012
minimize-5gons-u5-cube-maxcdcl-29-tmp-15-2655746,2,2000,93.21575018399749,2004.568355,0.046502,270616.7279
minimize-5gons-u5-cube-maxcdcl-29-tmp-15-2655746,3,2000,93.21575018399749,2043.784021,0.045609,275910.8428
minimize-5gons-u5-cube-maxcdcl-29-tmp-15-2655746,5,400,92.10913678898116,420.376356,0.219111,56750.8081
minimize-5gons-u5-cube-maxcdcl-29-tmp-15-2655746,6,400,91.97771001997688,442.810968,0.207713,59779.4807
minimize-5gons-u5-cube-maxcdcl-29-tmp-15-2655746,4,1000,92.2011355272842,1020.717113,0.09033,137796.8103
minimize-5gons-u5-cube-maxcdcl-29-tmp-15-2655746,7,400,92.04605193985913,400.684245,0.229722,54092.3731
minimize-5gons-u5-cube-maxcdcl-29-tmp-15-2655746,5,1000,92.20639259804436,1009.164293,0.091369,136237.1796
minimize-5gons-u5-cube-maxcdcl-29-tmp-15-2655746,6,1000,93.32089159920092,1005.168876,0.092841,135697.7983
minimize-5gons-u5-cube-maxcdcl-29-tmp-15-2655746,7,1000,92.19850699190413,1030.548881,0.089465,139124.0989
minimize-5gons-u5-cube-maxcdcl-29-tmp-15-2655746,4,2000,93.32352013458102,2031.359063,0.045941,274233.4735
minimize-5gons-u5-cube-maxcdcl-29-tmp-15-2655746,5,2000,93.46020397434548,2020.531174,0.046255,272771.7085
minimize-5gons-u5-cube-maxcdcl-29-tmp-15-2655746,6,2000,93.33929134686151,2022.832916,0.046143,273082.4437
minimize-5gons-u5-cube-maxcdcl-29-tmp-15-2655746,8,400,91.99873830301756,419.350513,0.219384,56612.3193
minimize-5gons-u5-cube-maxcdcl-29-tmp-15-2655746,9,400,92.04342340447904,409.56317,0.224736,55291.028
minimize-5gons-u5-cube-maxcdcl-12-tmp-15-2655746,0,400,92.11176532436129,435.096442,0.211704,58738.0197
minimize-5gons-u5-cube-maxcdcl-29-tmp-15-2655746,7,2000,93.2683208915992,2032.6633,0.045885,274409.5455
minimize-5gons-u5-cube-maxcdcl-29-tmp-15-2655746,8,1000,93.10272316265376,1107.133341,0.084094,149463.001
minimize-5gons-u5-cube-maxcdcl-29-tmp-15-2655746,9,1000,93.09220902113344,1070.604492,0.086953,144531.6064
minimize-5gons-u5-cube-maxcdcl-12-tmp-15-2655746,1,400,92.1406792135422,434.335117,0.212142,58635.2408
minimize-5gons-u5-cube-maxcdcl-12-tmp-15-2655746,0,1000,92.1617074965829,1024.992641,0.089915,138374.0065
minimize-5gons-u5-cube-maxcdcl-12-tmp-15-2655746,1,1000,93.0212385658711,1102.423305,0.084379,148827.1462
minimize-5gons-u5-cube-maxcdcl-29-tmp-15-2655746,8,2000,93.26043528545894,2027.262086,0.046003,273680.3816
minimize-5gons-u5-cube-maxcdcl-29-tmp-15-2655746,9,2000,93.19997897171696,2024.179029,0.046043,273264.1689
minimize-5gons-u5-cube-maxcdcl-12-tmp-15-2655746,2,400,92.0302807275786,406.636176,0.226321,54895.8838
minimize-5gons-u5-cube-maxcdcl-12-tmp-15-2655746,0,2000,93.0580380611923,2010.264478,0.046291,271385.7045
minimize-5gons-u5-cube-maxcdcl-12-tmp-15-2655746,3,400,92.0276521921985,427.27539,0.215383,57682.1777
minimize-5gons-u5-cube-maxcdcl-12-tmp-15-2655746,1,2000,93.14740826411524,2003.591473,0.04649,270484.8489
minimize-5gons-u5-cube-maxcdcl-12-tmp-15-2655746,4,400,91.96719587845652,427.038339,0.215361,57650.1758
minimize-5gons-u5-cube-maxcdcl-12-tmp-15-2655746,2,1000,92.22216381032489,1028.943305,0.089628,138907.3462
minimize-5gons-u5-cube-maxcdcl-12-tmp-15-2655746,3,1000,93.10535169803386,1124.620927,0.082788,151823.8251
minimize-5gons-u5-cube-maxcdcl-12-tmp-15-2655746,5,400,92.05393754599936,452.024764,0.203648,61023.3431
minimize-5gons-u5-cube-maxcdcl-12-tmp-15-2655746,4,1000,93.1342655872148,1098.564818,0.084778,148306.2504
minimize-5gons-u5-cube-maxcdcl-12-tmp-15-2655746,5,1000,93.15792240563556,1224.147037,0.0761,165259.85
minimize-5gons-u5-cube-maxcdcl-12-tmp-15-2655746,2,2000,93.25517821469876,2013.823649,0.046308,271866.1926
minimize-5gons-u5-cube-maxcdcl-12-tmp-15-2655746,3,2000,93.16580801177584,2043.86009,0.045583,275921.1122
minimize-5gons-u5-cube-maxcdcl-12-tmp-15-2655746,4,2000,93.33140574072128,2017.640558,0.046258,272381.4753
minimize-5gons-u5-cube-maxcdcl-12-tmp-15-2655746,6,400,92.00136683839764,415.335478,0.221511,56070.2895
minimize-5gons-u5-cube-maxcdcl-12-tmp-15-2655746,7,400,92.01976658605824,409.558442,0.22468,55290.3897
minimize-5gons-u5-cube-maxcdcl-12-tmp-15-2655746,5,2000,93.2499211439386,2045.322954,0.045592,276118.5988
minimize-5gons-u5-cube-maxcdcl-12-tmp-15-2655746,8,400,92.09862264746084,413.491754,0.222734,55821.3868
minimize-5gons-u5-cube-maxcdcl-12-tmp-15-2655746,6,1000,92.20376406266428,1007.664845,0.091502,136034.7541
minimize-5gons-u5-cube-maxcdcl-12-tmp-15-2655746,7,1000,93.2104931132373,1204.549235,0.077382,162614.1467
minimize-5gons-u5-cube-maxcdcl-12-tmp-15-2655746,9,400,92.07233729365996,420.440459,0.21899,56759.462
minimize-5gons-u5-cube-maxcdcl-12-tmp-15-2655746,8,1000,93.07118073809274,1212.2285,0.076777,163650.8475
minimize-5gons-u5-cube-maxcdcl-12-tmp-15-2655746,9,1000,93.0580380611923,1169.960332,0.079539,157944.6448
minimize-5gons-u5-cube-maxcdcl-12-tmp-15-2655746,6,2000,93.26306382083902,2002.057978,0.046584,270277.827
minimize-5gons-u5-cube-maxcdcl-12-tmp-15-2655746,7,2000,93.30249185154032,2045.192495,0.04562,276100.9868
minimize-5gons-u5-cube-maxcdcl-12-tmp-15-2655746,8,2000,93.13163705183472,2017.343656,0.046165,272341.3936
optic-gen_add_4_carry_991,0,400,86.70842032011134,406.89401,0.213098,54930.6914
optic-gen_add_4_carry_991,1,400,86.77800974251913,429.605851,0.201994,57996.7899
optic-gen_add_4_carry_991,2,400,86.29088378566458,439.58855,0.196299,59344.4543
minimize-5gons-u5-cube-maxcdcl-12-tmp-15-2655746,9,2000,92.97655346440963,2012.012545,0.046211,271621.6936
optic-gen_add_4_carry_991,3,400,86.47645557875202,406.334609,0.212821,54855.1722
optic-gen_add_4_carry_991,0,1000,94.5256321039202,1006.894265,0.093878,135930.7258
optic-gen_add_4_carry_991,1,1000,93.36580839712364,1039.438343,0.089823,140324.1763
optic-gen_add_4_carry_991,2,1000,95.89422407794017,1027.796565,0.093301,138752.5363
optic-gen_add_4_carry_991,3,1000,92.64671769890975,1046.65929,0.088517,141299.0041
optic-gen_add_4_carry_991,1,2000,96.56692182788215,2018.317155,0.047845,272472.8159
optic-gen_add_4_carry_991,0,2000,97.07724425887264,2011.354311,0.048265,271532.832
optic-gen_add_4_carry_991,2,2000,98.0051032243099,2027.99632,0.048326,273779.5032
optic-gen_add_4_carry_991,4,400,85.82695430294595,425.660903,0.201632,57464.2219
optic-gen_add_4_carry_991,5,400,86.26768731152865,420.723189,0.205046,56797.6305
optic-gen_add_4_carry_991,6,400,86.66202737183949,422.087436,0.205318,56981.8039
optic-gen_add_4_carry_991,3,2000,97.21642310368824,2020.462584,0.048116,272762.4488
optic-gen_add_4_carry_991,7,400,86.24449083739272,419.625665,0.205527,56649.4648
optic-gen_add_4_carry_991,5,1000,94.13129204360938,1032.064123,0.091207,139328.6566
optic-gen_add_4_carry_991,4,1000,94.85038274182324,1018.296872,0.093146,137470.0777
optic-gen_add_4_carry_991,6,1000,94.24727441428902,1011.916075,0.093137,136608.6701
optic-gen_add_4_carry_991,7,1000,96.31176061238692,1012.985849,0.095077,136753.0896
optic-gen_add_4_carry_991,5,2000,97.58756668986314,2038.627004,0.047869,275214.6455
optic-gen_add_4_carry_991,4,2000,95.52308049176526,2029.701405,0.047063,274009.6897
optic-gen_add_4_carry_991,6,2000,95.80143818139642,2011.238715,0.047633,271517.2265
optic-gen_add_4_carry_991,8,400,85.82695430294595,403.961978,0.212463,54534.867
optic-gen_add_4_carry_991,9,400,86.40686615634424,443.302267,0.194916,59845.806
optic-gen_add_4_carry_991,7,2000,97.72674553467871,2018.894251,0.048406,272550.7239
optic-gen_add_6_carry_991,0,400,95.47508142752076,431.393482,0.221318,58238.1201
optic-gen_add_4_carry_991,8,1000,92.73950359545348,1009.800301,0.091839,136323.0406
optic-gen_add_6_carry_991,1,400,95.46947781318951,442.601178,0.215701,59751.159
optic-gen_add_4_carry_991,9,1000,94.06170262120158,1006.406376,0.093463,135864.8608
optic-gen_add_6_carry_991,0,1000,95.49959724021994,1018.726652,0.093744,137528.098
optic-gen_add_6_carry_991,1,1000,95.5052008545512,1040.331323,0.091803,140444.7286
optic-gen_add_4_carry_991,8,2000,97.37879842263976,2011.791209,0.048404,271591.8132
optic-gen_add_4_carry_991,9,2000,96.75249362096962,2012.775154,0.048069,271724.6458
optic-gen_add_6_carry_991,2,400,95.4680769096067,411.949602,0.231747,55613.1963
optic-gen_add_6_carry_991,3,400,95.47368052393794,443.019949,0.215507,59807.6931
optic-gen_add_6_carry_991,2,1000,95.50169859559416,1001.233067,0.095384,135166.464
optic-gen_add_6_carry_991,3,1000,95.49049136693166,1021.016985,0.093525,137837.293
optic-gen_add_6_carry_991,1,2000,96.22876755507302,21972.348439,0.00438,2966267.0393
optic-gen_add_6_carry_991,0,2000,96.22176303715896,23474.897218,0.004099,3169111.1244
optic-gen_add_6_carry_991,4,400,95.47368052393794,415.123682,0.229989,56041.6971
optic-gen_add_6_carry_991,5,400,95.47368052393794,465.774926,0.204978,62879.615
optic-gen_add_6_carry_991,4,1000,95.49049136693166,1021.948386,0.09344,137963.0321
optic-gen_add_6_carry_991,5,1000,95.49609498126291,1042.08423,0.09164,140681.3711
optic-gen_add_6_carry_991,2,2000,96.2371729765699,21427.485649,0.004491,2892710.5626
optic-gen_add_6_carry_991,6,400,95.47368052393794,429.604083,0.222236,57996.5512
optic-gen_add_6_carry_991,3,2000,96.21475851924492,23479.754288,0.004098,3169766.8289
optic-gen_add_6_carry_991,7,400,95.47368052393794,408.199704,0.23389,55106.96
optic-gen_add_6_carry_991,4,2000,96.225265296116,23292.262835,0.004131,3144455.4827
optic-gen_add_6_carry_991,8,400,95.4680769096067,406.240138,0.235004,54842.4186
optic-gen_add_6_carry_991,5,2000,96.22106258536756,23734.449682,0.004054,3204150.7071
optic-gen_add_6_carry_991,9,400,95.4680769096067,444.762093,0.21465,60042.8826
optic-gen_add_6_carry_991,6,1000,96.21475851924492,23744.258152,0.004052,3205474.8505
optic-gen_add_6_carry_991,8,1000,95.49609498126291,1035.480088,0.092224,139789.8119
optic-gen_add_6_carry_991,9,1000,95.50099814380276,1018.499144,0.093766,137497.3844
optic-gen_add_6_carry_991,7,1000,96.21475851924492,23617.431329,0.004074,3188353.2294
optic-gen_add_6_carry_991,8,2000,96.21475851924492,23588.573128,0.004079,3184457.3723
optic-gen_add_6_carry_991,6,2000,96.22246348895035,24035.232317,0.004003,3244756.3628
optimizing-BDDs-primary-tumor-un-wcnf_incomplete_improved_1_2019_4,0,400,99.75436624409336,420.257599,0.237365,56734.7759
optic-gen_add_6_carry_991,9,2000,96.22036213357616,23495.420942,0.004095,3171881.8272
optimizing-BDDs-primary-tumor-un-wcnf_incomplete_improved_1_2019_4,1,400,99.74187639209808,406.486091,0.245376,54875.6223
optic-gen_add_6_carry_991,7,2000,96.21475851924492,23327.732765,0.004124,3149243.9233
optimizing-BDDs-primary-tumor-un-wcnf_incomplete_improved_1_2019_4,2,400,99.77726430608465,426.518788,0.233934,57580.0364
optimizing-BDDs-primary-tumor-un-wcnf_incomplete_improved_1_2019_4,0,1000,99.82514207206644,1026.111614,0.097285,138525.0679
optimizing-BDDs-primary-tumor-un-wcnf_incomplete_improved_1_2019_4,1,1000,99.90216282603718,1016.646558,0.098266,137247.2853
optimizing-BDDs-primary-tumor-un-wcnf_incomplete_improved_1_2019_4,3,400,99.75020296009492,434.056346,0.229809,58597.6067
optimizing-BDDs-primary-tumor-un-wcnf_incomplete_improved_1_2019_4,2,1000,99.8626116280522,1009.662056,0.098907,136304.3776
optimizing-BDDs-primary-tumor-un-wcnf_incomplete_improved_1_2019_4,3,1000,99.8376319240617,1047.920221,0.095272,141469.2298
optimizing-BDDs-primary-tumor-un-wcnf_incomplete_improved_1_2019_4,1,2000,99.93338745602532,2011.188242,0.049689,271510.4127
optimizing-BDDs-primary-tumor-un-wcnf_incomplete_improved_1_2019_4,0,2000,99.94587730802056,2051.477548,0.048719,276949.469
optimizing-BDDs-primary-tumor-un-wcnf_incomplete_improved_1_2019_4,2,2000,99.94379566602136,2004.466627,0.049861,270602.9946
optimizing-BDDs-primary-tumor-un-wcnf_incomplete_improved_1_2019_4,5,400,99.76061117009095,408.265346,0.244352,55115.8217
optimizing-BDDs-primary-tumor-un-wcnf_incomplete_improved_1_2019_4,4,400,99.73563146610046,446.00633,0.223619,60210.8545
optimizing-BDDs-primary-tumor-un-wcnf_incomplete_improved_1_2019_4,3,2000,99.94379566602136,2016.898646,0.049553,272281.3172
optimizing-BDDs-primary-tumor-un-wcnf_incomplete_improved_1_2019_4,6,400,99.7689377380878,405.478733,0.246052,54739.629
optimizing-BDDs-primary-tumor-un-wcnf_incomplete_improved_1_2019_4,5,1000,99.92297924602929,1009.380984,0.098994,136266.4328
optimizing-BDDs-primary-tumor-un-wcnf_incomplete_improved_1_2019_4,4,1000,99.92714253002768,1024.353349,0.097551,138287.7021
optimizing-BDDs-primary-tumor-un-wcnf_incomplete_improved_1_2019_4,7,400,99.74395803409728,410.028211,0.243261,55353.8085
optimizing-BDDs-primary-tumor-un-wcnf_incomplete_improved_1_2019_4,6,1000,99.92089760403006,1024.439863,0.097537,138299.3815
optimizing-BDDs-primary-tumor-un-wcnf_incomplete_improved_1_2019_4,7,1000,99.88134640604508,1006.251261,0.099261,135843.9202
optimizing-BDDs-primary-tumor-un-wcnf_incomplete_improved_1_2019_4,5,2000,99.94379566602136,2033.590474,0.049146,274534.714
optimizing-BDDs-primary-tumor-un-wcnf_incomplete_improved_1_2019_4,4,2000,99.96669372801266,2019.815556,0.049493,272675.1001
optimizing-BDDs-primary-tumor-un-wcnf_incomplete_improved_1_2019_4,6,2000,99.9313058140261,2018.349245,0.049511,272477.1481
optimizing-BDDs-primary-tumor-un-wcnf_incomplete_improved_1_2019_4,8,400,99.73354982410125,402.518696,0.247774,54340.024
optimizing-BDDs-primary-tumor-un-wcnf_incomplete_improved_1_2019_4,9,400,99.75852952809176,442.772227,0.225304,59774.2506
optimizing-BDDs-primary-tumor-un-wcnf_incomplete_improved_1_2019_4,7,2000,99.94587730802056,2001.840769,0.049927,270248.5038
optimizing-BDDs-lymph-un-wcnf_incomplete_improved_1_2019_6,0,400,99.74203939017566,446.53663,0.223368,60282.4451
optimizing-BDDs-primary-tumor-un-wcnf_incomplete_improved_1_2019_4,8,1000,99.9313058140261,1015.58719,0.098398,137104.2706
optimizing-BDDs-primary-tumor-un-wcnf_incomplete_improved_1_2019_4,9,1000,99.88134640604508,1001.034556,0.099778,135139.6651
optimizing-BDDs-lymph-un-wcnf_incomplete_improved_1_2019_6,1,400,99.7406745192242,448.582469,0.222346,60558.6333
optimizing-BDDs-lymph-un-wcnf_incomplete_improved_1_2019_6,0,1000,99.8594182920005,1592.605586,0.062702,215001.7541
optimizing-BDDs-lymph-un-wcnf_incomplete_improved_1_2019_6,1,1000,99.7829855187192,1491.230858,0.066913,201316.1658
optimizing-BDDs-primary-tumor-un-wcnf_incomplete_improved_1_2019_4,8,2000,99.96669372801266,2029.40571,0.049259,273969.7709
optimizing-BDDs-primary-tumor-un-wcnf_incomplete_improved_1_2019_4,9,2000,99.94171402402216,2023.881941,0.049381,273224.062
optimizing-BDDs-lymph-un-wcnf_incomplete_improved_1_2019_6,2,400,99.72156632590388,407.993317,0.24442,55079.0978
optimizing-BDDs-lymph-un-wcnf_incomplete_improved_1_2019_6,3,400,99.74340426112713,407.981416,0.24448,55077.4912
optimizing-BDDs-lymph-un-wcnf_incomplete_improved_1_2019_6,0,2000,99.88125622722372,2036.70361,0.049041,274954.9874
optimizing-BDDs-lymph-un-wcnf_incomplete_improved_1_2019_6,1,2000,99.87579674341792,2036.358952,0.049046,274908.4585
optimizing-BDDs-lymph-un-wcnf_incomplete_improved_1_2019_6,4,400,99.75022861588435,401.538248,0.24842,54207.6635
optimizing-BDDs-lymph-un-wcnf_incomplete_improved_1_2019_6,2,1000,99.86487777580628,1560.233729,0.064006,210631.5534
optimizing-BDDs-lymph-un-wcnf_incomplete_improved_1_2019_6,3,1000,99.7747962930105,1546.778982,0.064505,208815.1626
optimizing-BDDs-lymph-un-wcnf_incomplete_improved_1_2019_6,5,400,99.74613400303,432.031528,0.230877,58324.2563
optimizing-BDDs-lymph-un-wcnf_incomplete_improved_1_2019_6,4,1000,99.79936397013662,1048.350264,0.095197,141527.2856
optimizing-BDDs-lymph-un-wcnf_incomplete_improved_1_2019_6,5,1000,99.88125622722372,1577.273066,0.063325,212931.8639
optimizing-BDDs-lymph-un-wcnf_incomplete_improved_1_2019_6,2,2000,99.88535084007808,2013.528359,0.049607,271826.3285
optimizing-BDDs-lymph-un-wcnf_incomplete_improved_1_2019_6,3,2000,99.87716161436936,2052.744404,0.048655,277120.4945
optimizing-BDDs-lymph-un-wcnf_incomplete_improved_1_2019_6,4,2000,99.89626980768968,2006.455929,0.049787,270871.5504
optimizing-BDDs-lymph-un-wcnf_incomplete_improved_1_2019_6,6,400,99.75295835778726,437.739882,0.227882,59094.8841
optimizing-BDDs-lymph-un-wcnf_incomplete_improved_1_2019_6,7,400,99.71474197114662,446.069555,0.223541,60219.3899
optimizing-BDDs-lymph-un-wcnf_incomplete_improved_1_2019_6,8,400,99.72839068066116,411.959861,0.242083,55614.5812
optimizing-BDDs-lymph-un-wcnf_incomplete_improved_1_2019_6,6,1000,99.83075600202,1026.509594,0.097253,138578.7952
optimizing-BDDs-lymph-un-wcnf_incomplete_improved_1_2019_6,5,2000,99.8621480339034,2021.891327,0.04939,272955.3291
optimizing-BDDs-lymph-un-wcnf_incomplete_improved_1_2019_6,7,1000,99.79117474442792,1005.301614,0.099265,135715.7179
optimizing-BDDs-lymph-un-wcnf_incomplete_improved_1_2019_6,8,1000,99.78571526062213,1012.911462,0.098514,136743.0474
optimizing-BDDs-lymph-un-wcnf_incomplete_improved_1_2019_6,9,400,99.7379447773213,402.202092,0.24798,54297.2824
optimizing-BDDs-lymph-un-wcnf_incomplete_improved_1_2019_6,9,1000,99.79799909918518,1041.375193,0.095833,140585.6511
optimizing-BDDs-lymph-un-wcnf_incomplete_improved_1_2019_6,6,2000,99.89763467864114,2013.62969,0.049611,271840.0081
optimizing-BDDs-lymph-un-wcnf_incomplete_improved_1_2019_6,7,2000,99.88808058198096,2011.405273,0.049661,271539.7119
optimizing-BDDs-lymph-un-wcnf_incomplete_improved_1_2019_6,8,2000,99.87716161436936,2020.431023,0.049434,272758.1881
scheduling-cnf_small,0,400,95.0132795070647,452.051964,0.210182,61027.0151
scheduling-cnf_small,2,400,94.75618825029215,424.830571,0.223045,57352.1271
optimizing-BDDs-lymph-un-wcnf_incomplete_improved_1_2019_6,9,2000,99.87579674341792,2037.789064,0.049012,275101.5236
scheduling-cnf_small,3,400,94.97078508445766,430.212729,0.220753,58078.7184
scheduling-cnf_small,1,400,97.0657601189844,7079.662377,0.013711,955754.4209
scheduling-cnf_small,0,1000,97.71380006374164,7440.812547,0.013132,1004509.6938
scheduling-cnf_small,2,1000,96.87028577499204,7517.616441,0.012886,1014878.2195
scheduling-cnf_small,3,1000,97.2761075108892,7619.570508,0.012767,1028642.0186
scheduling-cnf_small,1,1000,98.4000849888452,7772.239419,0.01266,1049252.3216
scheduling-cnf_small,0,2000,98.03463295442474,7641.963783,0.012828,1031665.1107
scheduling-cnf_small,2,2000,96.93827685116328,7667.544536,0.012643,1035118.5124
scheduling-cnf_small,4,400,94.84755125889728,433.024736,0.219035,58458.3394
scheduling-cnf_small,3,2000,98.00913630086052,8050.262979,0.012175,1086785.5022
scheduling-cnf_small,1,2000,98.3915861043238,7937.23072,0.012396,1071526.1472
scheduling-cnf_small,7,400,94.65207691490492,412.727007,0.229333,55718.1459
scheduling-cnf_small,5,400,96.906406034208,7706.87679,0.012574,1040428.3667
scheduling-cnf_small,4,1000,97.8072877934771,7832.377218,0.012488,1057370.9244
scheduling-cnf_small,6,400,96.68331031552108,7548.263965,0.012809,1019015.6353
scheduling-cnf_small,7,1000,95.76118134494848,7651.90933,0.012515,1033007.7595
scheduling-cnf_small,4,2000,97.94751938808032,7526.705505,0.013013,1016105.2432
scheduling-cnf_small,5,1000,98.39583554658452,7783.328854,0.012642,1050749.3953
scheduling-cnf_small,8,400,94.78380962498672,437.307824,0.216744,59036.5562
scheduling-cnf_small,6,1000,98.38096249867203,7675.257585,0.012818,1036159.774
scheduling-cnf_small,7,2000,95.7909274407734,7525.759239,0.012728,1015977.4973
scheduling-cnf_small,5,2000,98.38946138319344,7685.704642,0.012802,1037570.1267
scheduling-cnf_small,8,1000,97.38659300966748,7632.732613,0.012759,1030418.9028
setcover-sts-data.135,0,400,96.25396825396824,413.809813,0.232604,55864.3248
scheduling-cnf_small,6,2000,98.42345692127908,7281.004209,0.013518,982935.5682
setcover-sts-data.135,1,400,96.28571428571428,438.995602,0.219332,59264.4063
setcover-sts-data.135,0,1000,96.34920634920636,1039.769356,0.092664,140368.8631
setcover-sts-data.135,1,1000,96.34920634920636,1010.371761,0.09536,136400.1877
setcover-sts-data.135,0,2000,96.47619047619048,2030.065893,0.047524,274058.8956
scheduling-cnf_small,9,400,96.73430362264952,6812.784247,0.014199,919725.8733
setcover-sts-data.135,2,400,96.1904761904762,428.686122,0.224384,57872.6265
setcover-sts-data.135,1,2000,96.38095238095238,2010.617994,0.047936,271433.4292
scheduling-cnf_small,8,2000,97.9262721767768,6674.428633,0.014672,901047.8655
setcover-sts-data.135,3,400,96.31746031746032,439.531208,0.219137,59336.7131
setcover-sts-data.135,2,1000,96.41269841269842,1032.991463,0.093333,139453.8475
setcover-sts-data.135,4,400,96.28571428571428,437.702744,0.21998,59089.8704
setcover-sts-data.135,3,1000,96.41269841269842,1000.906409,0.096325,135122.3652
setcover-sts-data.135,4,1000,96.31746031746032,1000.083285,0.096309,135011.2435
setcover-sts-data.135,2,2000,96.38095238095238,2006.638414,0.048031,270896.1859
setcover-sts-data.135,5,400,96.31746031746032,414.712877,0.232251,55986.2384
setcover-sts-data.135,3,2000,96.34920634920636,2012.227463,0.047882,271650.7075
scheduling-cnf_small,9,1000,98.3830872198024,5852.273532,0.016811,790056.9268
setcover-sts-data.135,6,400,96.22222222222224,401.913894,0.23941,54258.3757
setcover-sts-data.135,4,2000,96.38095238095238,2042.432544,0.047189,275728.3934
setcover-sts-data.135,5,1000,96.31746031746032,1005.603999,0.095781,135756.5399
setcover-sts-data.135,7,400,96.22222222222224,414.07209,0.23238,55899.7321
setcover-sts-data.135,6,1000,96.41269841269842,1030.911029,0.093522,139172.9889
setcover-sts-data.135,7,1000,96.38095238095238,1007.671964,0.095647,136035.7151
setcover-sts-data.135,5,2000,96.44444444444444,2001.808989,0.048179,270244.2135
setcover-sts-data.135,8,400,96.31746031746032,407.498436,0.236363,55012.2889
setcover-sts-data.135,6,2000,96.38095238095238,2016.481821,0.047797,272225.0458
scheduling-cnf_small,9,2000,98.374588335281,5676.075717,0.017331,766270.2218
setcover-sts-data.135,9,400,96.38095238095238,422.866737,0.227923,57087.0095
setcover-sts-data.135,7,2000,96.5079365079365,2003.334908,0.048174,270450.2126
setcover-sts-data.405,0,400,98.6558265582656,426.543498,0.231291,57583.3722
setcover-sts-data.135,8,1000,96.38095238095238,1023.649264,0.094154,138192.6506
setcover-sts-data.405,1,400,98.64859981933152,413.800548,0.238396,55863.074
setcover-sts-data.135,9,1000,96.34920634920636,1000.633445,0.096288,135085.5151
setcover-sts-data.405,0,1000,98.66666666666669,1015.87066,0.097125,137142.5391
setcover-sts-data.405,1,1000,98.66305329719964,1025.481919,0.096211,138440.0591
setcover-sts-data.135,8,2000,96.38095238095238,2031.064715,0.047453,274193.7365
setcover-sts-data.405,0,2000,98.67389340560072,2016.770646,0.048927,272264.0372
setcover-sts-data.135,9,2000,96.44444444444444,2023.955865,0.047651,273234.0418
setcover-sts-data.405,2,400,98.61246612466124,419.965532,0.234811,56695.3468
setcover-sts-data.405,1,2000,98.67389340560072,2006.85593,0.049168,270925.5505
setcover-sts-data.405,3,400,98.6305329719964,410.318906,0.240375,55393.0523
setcover-sts-data.405,4,400,98.61607949412829,417.562755,0.236171,56370.9719
setcover-sts-data.405,5,400,98.62691960252936,402.847452,0.244824,54384.406
setcover-sts-data.405,2,1000,98.66305329719964,1007.887794,0.097891,136064.8522
setcover-sts-data.405,3,1000,98.6558265582656,1008.748376,0.0978,136181.0308
setcover-sts-data.405,4,1000,98.68834688346884,1038.193414,0.095058,140156.1109
setcover-sts-data.405,5,1000,98.6558265582656,1009.441276,0.097733,136274.5723
setcover-sts-data.405,2,2000,98.67028003613368,2024.309808,0.048743,273281.8241
setcover-sts-data.405,3,2000,98.67750677506776,2004.881929,0.049219,270659.0604
setcover-sts-data.405,4,2000,98.68834688346884,2011.55825,0.049061,271560.3638
setcover-sts-data.405,5,2000,98.67750677506776,2017.419901,0.048913,272351.6866
setcover-sts-data.405,6,400,98.6305329719964,414.936851,0.2377,56016.4749
setcover-sts-data.405,7,400,98.62691960252936,411.586243,0.239626,55564.1428
setcover-sts-data.405,8,400,98.64137308039749,401.895742,0.24544,54255.9252
setcover-sts-data.405,9,400,98.63414634146342,430.03376,0.229364,58054.5576
setcover-sts-data.405,6,1000,98.67750677506776,1032.568214,0.095565,139396.7089
setcover-sts-data.405,7,1000,98.67028003613368,1014.391638,0.09727,136942.8711
setcover-sts-data.405,8,1000,98.6594399277326,1001.988558,0.098464,135268.4553
setcover-sts-data.405,9,1000,98.66666666666669,1044.024003,0.094506,140943.2404
setcover-sts-data.405,6,2000,98.67028003613368,2025.002003,0.048726,273375.2704
setcover-sts-data.405,7,2000,98.67750677506776,2025.650214,0.048714,273462.7789
setcover-sts-data.405,8,2000,98.6594399277326,2011.112287,0.049057,271500.1587
setcover-sts-data.405,9,2000,98.67389340560072,2034.106353,0.04851,274604.3577
treewidth-computation-TWComp_queen5_5_N25,0,400,99.31284743668932,418.646527,0.237224,56517.2811
treewidth-computation-TWComp_queen5_5_N25,2,400,99.25365451925056,436.458755,0.227407,58921.9319
treewidth-computation-TWComp_queen5_5_N25,3,400,99.2562281243566,408.886168,0.242748,55199.6327
treewidth-computation-TWComp_queen5_5_N25,0,1000,99.51101502985382,1019.037839,0.097652,137570.1083
treewidth-computation-TWComp_queen5_5_N25,1,400,99.51358863495985,1312.686666,0.075809,177212.6999
treewidth-computation-TWComp_queen5_5_N25,2,1000,99.4929997941116,1294.787481,0.076841,174796.3099
treewidth-computation-TWComp_queen5_5_N25,3,1000,99.51101502985382,1266.673373,0.078561,171000.9054
treewidth-computation-TWComp_queen5_5_N25,1,1000,99.52130945027795,1009.399767,0.098595,136268.9685
treewidth-computation-TWComp_queen5_5_N25,0,2000,99.51358863495985,2046.620591,0.048623,276293.7798
treewidth-computation-TWComp_queen5_5_N25,2,2000,99.50072060942968,1896.302066,0.052471,256000.7789
treewidth-computation-TWComp_queen5_5_N25,4,400,99.30512662137122,429.548772,0.231185,57989.0842
treewidth-computation-TWComp_queen5_5_N25,3,2000,99.51873584517192,1992.812729,0.049939,269029.7184
treewidth-computation-TWComp_queen5_5_N25,1,2000,99.54189829112622,2000.162229,0.049767,270021.9009
treewidth-computation-TWComp_queen5_5_N25,4,1000,99.51873584517192,1227.87932,0.081049,165763.7082
treewidth-computation-TWComp_queen5_5_N25,5,400,99.5084414247478,1317.384742,0.075535,177846.9402
treewidth-computation-TWComp_queen5_5_N25,6,400,99.51616224006588,1264.351442,0.078709,170687.4447
treewidth-computation-TWComp_queen5_5_N25,7,400,99.50586781964176,1583.927064,0.062822,213830.1536
treewidth-computation-TWComp_queen5_5_N25,5,1000,99.51358863495985,1028.842639,0.096724,138893.7563
treewidth-computation-TWComp_queen5_5_N25,6,1000,99.53160387070209,1029.680357,0.096663,139006.8482
treewidth-computation-TWComp_queen5_5_N25,7,1000,99.52130945027795,1051.539799,0.094643,141957.8729
treewidth-computation-TWComp_queen5_5_N25,4,2000,99.52130945027795,2008.487905,0.04955,271145.8672
treewidth-computation-TWComp_queen5_5_N25,5,2000,99.53932468602018,2046.908877,0.048629,276332.6984
treewidth-computation-TWComp_queen5_5_N25,6,2000,99.57792876261068,2030.730632,0.049036,274148.6353
treewidth-computation-TWComp_queen5_5_N25,7,2000,99.56763434218654,2006.746966,0.049616,270910.8404
treewidth-computation-TWComp_queen5_5_N25,8,400,99.51101502985382,1397.963369,0.071183,188725.0548
treewidth-computation-TWComp_queen5_5_N25,9,400,99.31542104179536,437.676207,0.226915,59086.2879
treewidth-computation-TWComp_queen5_5_N25,8,1000,99.52130945027795,1041.962409,0.095513,140664.9252
treewidth-computation-TWComp_queen5_5_N25,9,1000,99.52130945027795,1262.039078,0.078858,170375.2755
xai-mindset2-postoperative-patient-data,0,400,98.03622497616776,2420.910192,0.040496,326822.8759
xai-mindset2-postoperative-patient-data,1,400,98.0711789005402,2499.482797,0.039237,337430.1776
treewidth-computation-TWComp_queen5_5_N25,8,2000,99.53160387070209,2013.181061,0.04944,271779.4432
treewidth-computation-TWComp_queen5_5_N25,9,2000,99.52130945027795,1998.342557,0.049802,269776.2452
xai-mindset2-postoperative-patient-data,0,1000,98.35081029551954,2546.524826,0.038622,343780.8515
xai-mindset2-postoperative-patient-data,3,400,92.76136002542104,412.527028,0.224861,55691.1488
xai-mindset2-postoperative-patient-data,1,1000,98.41754051477598,2559.930638,0.038445,345590.6361
xai-mindset2-postoperative-patient-data,2,400,98.0680012710518,2363.435147,0.041494,319063.7448
xai-mindset2-postoperative-patient-data,0,2000,98.36352081347314,2375.010983,0.041416,320626.4827
xai-mindset2-postoperative-patient-data,3,1000,98.10295519542422,2508.1447,0.039114,338599.5345
xai-mindset2-postoperative-patient-data,1,2000,98.4302510327296,2452.190253,0.04014,331045.6842
xai-mindset2-postoperative-patient-data,5,400,92.85033365109628,404.578359,0.229499,54618.0785
xai-mindset2-postoperative-patient-data,2,1000,98.38576421989195,2500.106097,0.039353,337514.3231
xai-mindset2-postoperative-patient-data,4,400,98.045757864633,2314.265304,0.042366,312425.816
xai-mindset2-postoperative-patient-data,3,2000,98.0648236415634,2489.722692,0.039388,336112.5634
xai-mindset2-postoperative-patient-data,6,400,92.85668891007307,432.948588,0.214475,58448.0594
xai-mindset2-postoperative-patient-data,5,1000,98.02669208770256,2540.638,0.038583,342986.13
xai-mindset2-postoperative-patient-data,2,2000,98.38576421989195,2477.442916,0.039713,334454.7937
xai-mindset2-postoperative-patient-data,7,400,92.78678106132826,438.044619,0.21182,59136.0236
xai-mindset2-postoperative-patient-data,4,1000,98.35398792500794,2486.343286,0.039558,335656.3436
xai-mindset2-postoperative-patient-data,6,1000,98.093422306959,2373.756905,0.041324,320457.1822
xai-mindset2-postoperative-patient-data,5,2000,98.01080394026056,2492.100795,0.039329,336433.6073
xai-mindset2-postoperative-patient-data,7,1000,98.0902446774706,2375.949306,0.041285,320753.1563
xai-mindset2-postoperative-patient-data,8,400,92.7105179536066,419.294228,0.221111,56604.7208
xai-mindset2-postoperative-patient-data,4,2000,98.33492214807754,2486.452669,0.039548,335671.1103
xai-mindset2-postoperative-patient-data,6,2000,98.0807117890054,2324.307736,0.042198,313781.5444
xai-mindset2-postoperative-patient-data,9,400,92.81537972672386,436.514249,0.212629,58929.4236
xai-mindset2-postoperative-patient-data,7,2000,98.02986971719098,2423.698941,0.040446,327199.357
xai-mindset2-postoperative-patient-data,8,1000,98.0711789005402,2546.580564,0.038511,343788.3761
xai-mindset2-postoperative-patient-data,9,1000,98.061646012075,2600.836704,0.037704,351112.955
xai-mindset2-postoperative-patient-data,8,2000,98.03622497616776,2621.00147,0.037404,353835.1985
xai-mindset2-lymphography,0,400,98.44991212653778,4957.855578,0.019857,669310.503
xai-mindset2-postoperative-patient-data,9,2000,98.0711789005402,2701.275064,0.036306,364672.1336
xai-mindset2-lymphography,1,400,98.4481546572935,4983.892585,0.019753,672825.499
xai-mindset2-lymphography,2,400,98.44463971880492,4921.853998,0.020002,664450.2897
xai-mindset2-lymphography,0,1000,98.66608084358523,4978.529137,0.019818,672101.4335
xai-mindset2-lymphography,3,400,98.43936731107206,4953.90764,0.019871,668777.5314
xai-mindset2-lymphography,1,1000,98.65026362038664,5161.655771,0.019112,696823.5291
xai-mindset2-lymphography,2,1000,98.65202108963094,5099.627911,0.019345,688449.768
xai-mindset2-lymphography,0,2000,98.68365553602813,5053.248199,0.019529,682188.5069
xai-mindset2-lymphography,3,1000,98.66432337434097,4913.413764,0.020081,663310.8581
xai-mindset2-lymphography,1,2000,98.68717047451668,4918.174592,0.020066,663953.5699
xai-mindset2-lymphography,5,400,93.90158172231986,451.700811,0.207884,60979.6095
xai-mindset2-lymphography,2,2000,98.6695957820738,5019.301271,0.019658,677605.6716
xai-mindset2-lymphography,3,2000,98.66432337434097,4935.968255,0.019989,666355.7144
xai-mindset2-lymphography,4,400,98.42882249560633,4963.131507,0.019832,670022.7534
xai-mindset2-lymphography,7,400,93.9560632688928,407.307084,0.230676,54986.4563
xai-mindset2-lymphography,5,1000,98.44288224956064,4908.967126,0.020054,662710.562
xai-mindset2-lymphography,6,400,98.4182776801406,4883.810487,0.020152,659314.4157
xai-mindset2-lymphography,4,1000,98.65553602811951,5143.926715,0.019179,694430.1065
xai-mindset2-lymphography,7,1000,98.43936731107206,5026.716763,0.019583,678606.763
xai-mindset2-lymphography,5,2000,98.45518453427066,5087.435131,0.019353,686803.7427
xai-mindset2-lymphography,8,400,94.05096660808437,415.032638,0.226611,56029.4061
xai-mindset2-lymphography,6,1000,98.63620386643234,5020.470082,0.019647,677763.4611
xai-mindset2-lymphography,4,2000,98.65905096660808,4876.716597,0.020231,658356.7406
xai-mindset2-lymphography,7,2000,98.44463971880492,5048.347242,0.0195,681526.8777
xai-mindset2-lymphography,9,400,94.01933216168716,456.932365,0.205762,61685.8693
xai-mindset2-lymphography,8,1000,98.42882249560633,4696.125717,0.02096,633976.9718
xai-mindset2-lymphography,6,2000,98.65377855887522,4653.296491,0.021201,628195.0263
xai-mindset2-lymphography,9,1000,98.42882249560633,4483.579038,0.021953,605283.1701
xai-mindset2-lymphography,8,2000,98.45518453427066,4661.133621,0.021123,629253.0388
xai-mindset2-lymphography,9,2000,98.4463971880492,4087.291043,0.024086,551784.2908
min-fill-MinFill_R0_queen9_9,0,400,94.13623140067078,817.794287,0.11511,110402.2287
min-fill-MinFill_R0_queen9_9,0,1000,94.45563955750735,1040.46084,0.090783,140462.2134
min-fill-MinFill_R0_queen9_9,0,2000,94.71644708803528,2094.134656,0.045229,282708.1786
min-fill-MinFill_R0_queen9_9,1,400,94.18371412159284,580.631865,0.162209,78385.3018
min-fill-MinFill_R0_queen9_9,1,1000,94.4683788240962,1100.738738,0.085823,148599.7296
min-fill-MinFill_R0_queen9_9,1,2000,94.83573294791262,2059.219379,0.046054,277994.6162
min-fill-MinFill_R0_queen9_9,2,400,94.2483369466526,509.005336,0.185162,68715.7204
min-fill-MinFill_R0_queen9_9,2,1000,94.47718049919396,1067.865241,0.088473,144161.8075
min-fill-MinFill_R0_queen9_9,2,2000,94.9054514796079,2045.30274,0.046402,276115.8699
min-fill-MinFill_R0_queen9_9,3,400,94.21428836140603,432.626731,0.217773,58404.6087
min-fill-MinFill_R0_queen9_9,3,1000,94.586738191858,1077.029093,0.087822,145398.9276
min-fill-MinFill_R0_queen9_9,3,2000,94.86005336594586,2030.528361,0.046717,274121.3287
min-fill-MinFill_R0_queen9_9,4,400,94.12372375711082,784.644699,0.119957,105927.0344
min-fill-MinFill_R0_queen9_9,4,1000,94.36438008412549,1114.33746,0.084682,150435.5571
min-fill-MinFill_R0_queen9_9,4,2000,94.64047473456002,2008.596188,0.047118,271160.4854
min-fill-MinFill_R0_queen9_9,5,400,94.20849778568385,650.3656,0.144855,87799.356
min-fill-MinFill_R0_queen9_9,5,1000,94.39379620879426,1085.73197,0.08694,146573.816
min-fill-MinFill_R0_queen9_9,5,2000,94.76207682472622,2107.838404,0.044957,284558.1845
min-fill-MinFill_R0_queen9_9,6,400,94.25852835992366,669.081535,0.140877,90326.0072
min-fill-MinFill_R0_queen9_9,6,1000,94.49408898030278,1016.766049,0.092936,137263.4166
min-fill-MinFill_R0_queen9_9,6,2000,94.76555117015954,2060.429531,0.045993,278157.9867
min-fill-MinFill_R0_queen9_9,7,400,94.22841736616822,499.293384,0.188724,67404.6068
min-fill-MinFill_R0_queen9_9,7,1000,94.43873107639854,1001.619567,0.094286,135218.6415
min-fill-MinFill_R0_queen9_9,7,2000,94.77111012285286,2037.456205,0.046514,275056.5877
min-fill-MinFill_R0_queen9_9,8,400,94.24764207756591,542.084741,0.173861,73181.44
min-fill-MinFill_R0_queen9_9,8,1000,94.47949672948285,1071.885912,0.088143,144704.5981
min-fill-MinFill_R0_queen9_9,8,2000,94.89942928085682,2019.950535,0.046981,272693.3222
min-fill-MinFill_R0_queen9_9,9,400,94.20039097967276,483.072629,0.195003,65214.8049
min-fill-MinFill_R0_queen9_9,9,1000,94.58812793003132,1007.657742,0.093869,136033.7952
min-fill-MinFill_R0_queen9_9,9,2000,94.87626697796802,2049.708422,0.046288,276710.637
MaxSATQueriesinInterpretableClassifiers-toms_test_5_DNF_5_1,0,400,99.0560125688462,481.302906,0.205808,64975.8923
MaxSATQueriesinInterpretableClassifiers-toms_test_5_DNF_5_1,0,1000,99.5286682671939,33997.852512,0.002927,4589710.0891
MaxSATQueriesinInterpretableClassifiers-toms_test_5_DNF_5_1,0,2000,99.53241950289508,34693.360318,0.002869,4683603.6429
MaxSATQueriesinInterpretableClassifiers-toms_test_5_DNF_5_1,1,400,99.0573365343878,501.350153,0.197581,67682.2707
MaxSATQueriesinInterpretableClassifiers-toms_test_5_DNF_5_1,1,1000,99.05910182177658,1068.218323,0.092733,144209.4736
MaxSATQueriesinInterpretableClassifiers-toms_test_5_DNF_5_1,1,2000,99.37839817822342,33420.755742,0.002974,4511802.0252
MaxSATQueriesinInterpretableClassifiers-toms_test_5_DNF_5_1,2,400,99.0573365343878,417.770527,0.237109,56399.0211
MaxSATQueriesinInterpretableClassifiers-toms_test_5_DNF_5_1,2,1000,99.53021289365908,38111.818157,0.002612,5145095.4512
MaxSATQueriesinInterpretableClassifiers-toms_test_5_DNF_5_1,2,2000,99.56463599774044,39992.717086,0.00249,5399016.8066
MaxSATQueriesinInterpretableClassifiers-toms_test_5_DNF_5_1,3,400,99.0584398390058,542.615242,0.182557,73253.0577
MaxSATQueriesinInterpretableClassifiers-toms_test_5_DNF_5_1,3,1000,99.0586604999294,1070.759913,0.092512,144552.5883
MaxSATQueriesinInterpretableClassifiers-toms_test_5_DNF_5_1,3,2000,99.55227898601892,39568.586786,0.002516,5341759.2161
MaxSATQueriesinInterpretableClassifiers-toms_test_5_DNF_5_1,4,400,99.0549092642282,493.606828,0.200676,66636.9218
MaxSATQueriesinInterpretableClassifiers-toms_test_5_DNF_5_1,4,1000,99.0560125688462,1028.610152,0.096301,138862.3705
MaxSATQueriesinInterpretableClassifiers-toms_test_5_DNF_5_1,4,2000,99.55183766417171,40951.630118,0.002431,5528470.0659
MaxSATQueriesinInterpretableClassifiers-toms_test_5_DNF_5_1,5,400,99.0579985171586,402.450032,0.246137,54330.7543
MaxSATQueriesinInterpretableClassifiers-toms_test_5_DNF_5_1,5,1000,99.53087487642988,40296.879822,0.00247,5440078.776
MaxSATQueriesinInterpretableClassifiers-toms_test_5_DNF_5_1,5,2000,99.56507731958764,41207.603376,0.002416,5563026.4558
MaxSATQueriesinInterpretableClassifiers-toms_test_5_DNF_5_1,6,400,99.0579985171586,416.185465,0.238014,56185.0378
MaxSATQueriesinInterpretableClassifiers-toms_test_5_DNF_5_1,6,1000,99.0586604999294,1072.187832,0.092389,144745.3573
MaxSATQueriesinInterpretableClassifiers-toms_test_5_DNF_5_1,6,2000,99.53131619827708,40082.401202,0.002483,5411124.1623
MaxSATQueriesinInterpretableClassifiers-toms_test_5_DNF_5_1,7,400,99.056674551617,518.996602,0.190862,70064.5413
MaxSATQueriesinInterpretableClassifiers-toms_test_5_DNF_5_1,7,1000,99.05535058607542,1010.65525,0.098011,136438.4587
MaxSATQueriesinInterpretableClassifiers-toms_test_5_DNF_5_1,7,2000,99.5284476062703,39833.449235,0.002499,5377515.6467
MaxSATQueriesinInterpretableClassifiers-toms_test_5_DNF_5_1,8,400,99.0557919079226,615.342306,0.160977,83071.2113
MaxSATQueriesinInterpretableClassifiers-toms_test_5_DNF_5_1,8,1000,99.37839817822342,37459.570576,0.002653,5057042.0278
MaxSATQueriesinInterpretableClassifiers-toms_test_5_DNF_5_1,8,2000,99.406642776444,38182.323661,0.002603,5154613.6942
MaxSATQueriesinInterpretableClassifiers-toms_test_5_DNF_5_1,9,400,99.05446794238102,441.150833,0.224537,59555.3625
MaxSATQueriesinInterpretableClassifiers-toms_test_5_DNF_5_1,9,1000,99.37839817822342,37222.853489,0.00267,5025085.221
MaxSATQueriesinInterpretableClassifiers-toms_test_5_DNF_5_1,9,2000,99.53925999152662,41090.158894,0.002422,5547171.4507
causal-discovery-causal_n6_i1_N500_uai13_harddeps_int,0,400,95.97011015104108,2488.070735,0.038572,335889.5492
des-cnf.16.p.6,0,400,95.96227671141683,572.510687,0.167617,77288.9427
des-cnf.16.p.6,0,1000,99.6462886941085,107063.401972,0.000931,14453559.2662
des-cnf.16.p.6,0,2000,99.72129146787972,111324.30382,0.000896,15028781.0157
des-cnf.16.p.6,1,400,96.0115388882725,405.132161,0.236988,54692.8417
des-cnf.19.p.10,0,400,95.98821777152794,414.103774,0.231797,55904.0095
des-cnf.19.p.10,0,400,95.95360331499988,450.861971,0.212823,60866.3661
fault-diagnosis-s38584_nan_explicit_33_0,0,400,92.82162370120268,447.69744,0.207331,60439.1544
optic-gen_mult_4_5_991,0,400,39.26468664137119,404.028066,0.097183,54543.7889
optic-gen_mult_4_5_991,1,400,39.81420908020411,405.603155,0.098161,54756.4259
optic-gen_mult_4_5_991,2,400,40.04971869684679,405.223592,0.098834,54705.1849
optic-gen_mult_4_5_991,3,400,40.19364124035065,405.591113,0.099099,54754.8003
optic-gen_mult_4_5_991,1,1000,44.87766583802172,1005.784752,0.04462,135780.9415
optic-gen_mult_4_5_991,0,1000,45.28326573335078,1011.250673,0.044779,136518.8409
optic-gen_mult_4_5_991,2,1000,45.6365301583148,1014.111682,0.045001,136905.0771
optic-gen_mult_4_5_991,3,1000,45.78045270181866,1008.861394,0.045378,136196.2882
optic-gen_mult_4_5_991,0,2000,79.85084390945964,2000.302002,0.039919,270040.7703
optic-gen_mult_4_5_991,2,2000,80.80596624362161,2001.122174,0.04038,270151.4935
optic-gen_mult_4_5_991,1,2000,79.99476645296349,2015.907486,0.039682,272147.5106
optic-gen_mult_4_5_991,3,2000,80.98914038989925,2054.311591,0.039424,277332.0648
optic-gen_mult_4_5_991,4,400,40.272144445898206,401.201199,0.100379,54162.1619
optic-gen_mult_4_5_991,6,400,39.78804134502159,407.622235,0.09761,55029.0017
optic-gen_mult_4_5_991,5,400,39.26468664137119,409.454186,0.095895,55276.3151
optic-gen_mult_4_5_991,7,400,39.14693183304985,412.929559,0.094803,55745.4905
optic-gen_mult_4_5_991,4,1000,44.56365301583148,1002.443632,0.044455,135329.8903
optic-gen_mult_4_5_991,5,1000,44.3935627371451,1001.928731,0.044308,135260.3787
optic-gen_mult_4_5_991,6,1000,43.5431113437132,1009.881558,0.043117,136334.0103
optic-gen_mult_4_5_991,7,1000,45.21784639539448,1009.025983,0.044813,136218.5077
optic-gen_mult_4_5_991,6,2000,78.47703781237733,2009.599695,0.039051,271295.9588
optic-gen_mult_4_5_991,5,2000,79.49757948449562,2000.781005,0.039733,270105.4357
optic-gen_mult_4_5_991,4,2000,79.58916655763444,2016.105523,0.039477,272174.2456
optic-gen_mult_4_5_991,7,2000,80.34803087792751,2010.391089,0.039966,271402.797
ramsey-ram_k4_n20.ra0,0,400,99.44272445820434,403.963898,0.246167,54535.1262
optic-gen_mult_4_5_991,8,400,39.801125212612845,401.554933,0.099118,54209.916
optic-gen_mult_4_5_991,9,400,40.20672510794191,409.739042,0.098128,55314.7707
ramsey-ram_k4_n20.ra0,1,400,99.46336429308566,406.036301,0.244962,54814.9006
ramsey-ram_k4_n20.ra0,1,1000,99.58720330237358,538.866284,0.184809,72746.9483
ramsey-ram_k4_n20.ra0,0,1000,99.59752321981424,772.906946,0.128861,104342.4377
ramsey-ram_k4_n20.ra0,1,2000,99.62848297213624,376.400139,0.264688,50814.0188
ramsey-ram_k4_n20.ra0,0,2000,99.59752321981424,243.002134,0.409863,32805.2881
optic-gen_mult_4_5_991,8,1000,45.36176893889834,1002.728121,0.045238,135368.2963
optic-gen_mult_4_5_991,9,1000,45.66269789349732,1011.392116,0.045148,136537.9357
ramsey-ram_k4_n20.ra0,2,400,99.43240454076368,401.492966,0.247657,54201.5504
ramsey-ram_k4_n20.ra0,3,400,99.30856553147576,404.251615,0.24566,54573.968
ramsey-ram_k4_n20.ra0,2,1000,99.51496388028896,458.681751,0.216959,61922.0364
ramsey-ram_k4_n20.ra0,3,1000,99.453044375645,667.543849,0.148984,90118.4196
ramsey-ram_k4_n20.ra0,2,2000,99.59752321981424,465.605187,0.21391,62856.7002
optic-gen_mult_4_5_991,9,2000,90.7497056129792,2010.503173,0.045138,271417.9284
optic-gen_mult_4_5_991,8,2000,90.8151249509355,2142.11916,0.042395,289186.0866
ramsey-ram_k4_n20.ra0,4,400,99.3498452012384,405.704674,0.244882,54770.131
ramsey-ram_k4_n20.ra0,3,2000,99.53560371517028,771.804169,0.128965,104193.5628
ramsey-ram_k4_n20.ra0,5,400,99.44272445820434,410.812745,0.242063,55459.7206
ramsey-ram_k4_n20.ra0,6,400,99.453044375645,405.030447,0.245545,54679.1103
ramsey-ram_k4_n20.ra0,4,1000,99.47368421052632,379.409337,0.26218,51220.2605
ramsey-ram_k4_n20.ra0,6,1000,99.453044375645,223.109092,0.44576,30119.7274
ramsey-ram_k4_n20.ra0,4,2000,99.47368421052632,220.726179,0.450666,29798.0342
ramsey-ram_k4_n20.ra0,7,400,99.37048503611972,402.577574,0.246836,54347.9725
ramsey-ram_k4_n20.ra0,5,1000,99.49432404540764,516.108861,0.192778,69674.6962
ramsey-ram_k4_n20.ra0,6,2000,99.49432404540764,257.154514,0.386905,34715.8594
ramsey-ram_k4_n20.ra0,5,2000,99.49432404540764,219.531949,0.453211,29636.8131
ramsey-ram_k4_n20.ra0,8,400,99.39112487100104,400.278951,0.248305,54037.6584
ramsey-ram_k4_n20.ra0,9,400,99.44272445820434,400.530311,0.248278,54071.592
ramsey-ram_k4_n20.ra0,7,1000,99.5562435500516,686.23549,0.145076,92641.7912
setcover-sts-data.243,0,400,97.8494623655914,406.324504,0.240816,54853.808
ramsey-ram_k4_n20.ra0,7,2000,99.5562435500516,223.967266,0.444512,30235.5809
ramsey-ram_k4_n20.ra0,8,1000,99.48400412796698,500.100605,0.198928,67513.5817
ramsey-ram_k4_n20.ra0,8,2000,99.5562435500516,387.252244,0.257084,52279.0529
setcover-sts-data.243,1,400,97.8594185583433,414.189623,0.236267,55915.5991
ramsey-ram_k4_n20.ra0,9,1000,99.57688338493293,905.306475,0.109992,122216.3741
ramsey-ram_k4_n20.ra0,9,2000,99.57688338493293,218.134681,0.456493,29448.1819
setcover-sts-data.243,2,400,97.86937475109518,401.949348,0.243487,54263.162
setcover-sts-data.243,0,1000,97.8395061728395,1013.882883,0.0965,136874.1892
setcover-sts-data.243,3,400,97.86937475109518,409.469091,0.239015,55278.3273
setcover-sts-data.243,1,1000,97.88928713659897,1000.231042,0.097867,135031.1907
setcover-sts-data.243,2,1000,97.87933094384708,1011.279131,0.096788,136522.6827
setcover-sts-data.243,3,1000,97.86937475109518,1006.525051,0.097235,135880.8819
setcover-sts-data.243,0,2000,97.90919952210275,2007.85015,0.048763,271059.7703
setcover-sts-data.243,4,400,97.8395061728395,412.192364,0.237364,55645.9691
setcover-sts-data.243,1,2000,97.90919952210275,2014.169398,0.04861,271912.8687
setcover-sts-data.243,2,2000,97.90919952210275,2009.009637,0.048735,271216.301
setcover-sts-data.243,5,400,97.8395061728395,407.607484,0.240034,55027.0103
setcover-sts-data.243,3,2000,97.89924332935084,2010.452638,0.048695,271411.1061
setcover-sts-data.243,6,400,97.8594185583433,407.25768,0.240289,54979.7868
setcover-sts-data.243,4,1000,97.87933094384708,1012.421411,0.096678,136676.8905
setcover-sts-data.243,7,400,97.8594185583433,406.771008,0.240576,54914.0861
setcover-sts-data.243,5,1000,97.88928713659897,1001.580833,0.097735,135213.4125
setcover-sts-data.243,6,1000,97.8594185583433,1007.034104,0.097176,135949.604
setcover-sts-data.243,7,1000,97.86937475109518,1006.278083,0.097259,135847.5412
setcover-sts-data.243,4,2000,97.89924332935084,2002.684843,0.048884,270362.4538
setcover-sts-data.243,8,400,97.82954998008762,408.286883,0.23961,55118.7292
setcover-sts-data.243,5,2000,97.90919952210275,2008.624082,0.048744,271164.2511
setcover-sts-data.243,6,2000,97.89924332935084,2001.037415,0.048924,270140.051
setcover-sts-data.243,9,400,97.8494623655914,411.53588,0.237767,55557.3438
setcover-sts-data.243,7,2000,97.91915571485464,2011.727827,0.048674,271583.2566
setcover-sts-data.243,8,1000,97.8594185583433,1005.598124,0.097315,135755.7467
optic-gen_mult_4_6_991,0,400,36.25789856288095,413.297584,0.087728,55795.1738
optic-gen_mult_4_6_991,1,400,36.201979533635296,401.247078,0.090224,54168.3555
setcover-sts-data.243,9,1000,97.89924332935084,1009.531062,0.096975,136286.6934
optic-gen_mult_4_6_991,0,1000,38.05849130459095,1006.273398,0.037821,135846.9087
optic-gen_mult_4_6_991,1,1000,38.13677794553487,1008.179312,0.037827,136104.2071
setcover-sts-data.243,8,2000,97.88928713659897,2011.810313,0.048657,271594.3923
optic-gen_mult_4_6_991,0,2000,50.15936923335011,2006.307126,0.025001,270851.462
optic-gen_mult_4_6_991,2,400,35.698708270424426,411.85296,0.086678,55600.1496
setcover-sts-data.243,9,2000,97.90919952210275,2016.141073,0.048563,272179.0449
optic-gen_mult_4_6_991,1,2000,50.0475311748588,2018.071225,0.0248,272439.6154
optic-gen_mult_4_6_991,3,400,35.81054632891573,412.841366,0.086742,55733.5844
optic-gen_mult_4_6_991,4,400,36.15165240731421,407.305277,0.088758,54986.2124
optic-gen_mult_4_6_991,5,400,36.0398143488229,404.349478,0.08913,54587.1795
optic-gen_mult_4_6_991,2,1000,37.700609517418776,1004.163327,0.037544,135562.0491
optic-gen_mult_4_6_991,3,1000,37.20852206005704,1002.793472,0.037105,135377.1187
optic-gen_mult_4_6_991,4,1000,37.46015769166248,1003.107412,0.037344,135419.5006
optic-gen_mult_4_6_991,5,1000,37.01839736062182,1003.408617,0.036893,135460.1633
optic-gen_mult_4_6_991,2,2000,49.50511659117598,3115.74554,0.015889,420625.6479
optic-gen_mult_4_6_991,6,400,35.866465358161385,420.042712,0.085388,56705.7661
optic-gen_mult_4_6_991,3,2000,49.10809148353184,3435.424035,0.014295,463782.2447
optic-gen_mult_4_6_991,4,2000,49.49952468825141,3410.112637,0.014516,460365.206
optic-gen_mult_4_6_991,5,2000,49.11368338645641,3340.585545,0.014702,450979.0486
optic-gen_mult_4_6_991,7,400,36.090141475144,413.531102,0.087273,55826.6988
optic-gen_mult_4_6_991,8,400,36.201979533635296,407.251361,0.088893,54978.9337
optic-gen_mult_4_6_991,9,400,36.11250908684225,405.130289,0.089138,54692.589
optic-gen_mult_4_6_991,6,1000,37.49930101213443,1010.687253,0.037103,136442.7792
optic-gen_mult_4_6_991,7,1000,37.75652854666443,1002.105989,0.037677,135284.3085
optic-gen_mult_4_6_991,8,1000,37.309176312699215,1009.410302,0.036961,136270.3908
optic-gen_mult_4_6_991,9,1000,37.38746295364312,1008.136691,0.037086,136098.4533
optic-gen_mult_4_6_991,6,2000,49.41564614438293,2531.071968,0.019524,341694.7157
xai-mindset2-cleveland-nominal,0,400,93.23574969021064,438.097995,0.212819,59143.2293
optic-gen_mult_4_6_991,7,2000,49.68964938768663,3262.868232,0.015229,440487.2113
optic-gen_mult_4_6_991,8,2000,49.21992954202315,3285.637322,0.01498,443561.0385
optic-gen_mult_4_6_991,9,2000,49.33735950343902,3337.675567,0.014782,450586.2015
xai-mindset2-cleveland-nominal,0,1000,93.6462205700124,1007.346441,0.092963,135991.7695
xai-mindset2-cleveland-nominal,1,400,93.41852540272616,420.49351,0.222164,56766.6239
xai-mindset2-cleveland-nominal,2,400,93.26208178438662,402.486688,0.231715,54335.7029
xai-mindset2-cleveland-nominal,3,400,93.29615861214374,409.313822,0.227933,55257.366
xai-mindset2-cleveland-nominal,1,1000,94.03345724907064,1008.417864,0.093249,136136.4116
xai-mindset2-cleveland-nominal,2,1000,93.94826517967782,1010.381902,0.092983,136401.5568
xai-mindset2-cleveland-nominal,3,1000,93.85687732342008,1005.114079,0.093379,135690.4007
xai-mindset2-cleveland-nominal,0,2000,98.1954770755886,2505.101067,0.039198,338188.644
xai-mindset2-cleveland-nominal,4,400,93.24659231722428,416.206664,0.224039,56187.8996
xai-mindset2-cleveland-nominal,4,1000,93.71592317224288,1022.484497,0.091655,138035.4071
xai-mindset2-cleveland-nominal,1,2000,98.22490706319702,3151.009413,0.031173,425386.2708
xai-mindset2-cleveland-nominal,2,2000,98.2001239157373,3174.878636,0.03093,428608.6159
xai-mindset2-cleveland-nominal,3,2000,98.17534076827756,3124.038897,0.031426,421745.2511
xai-mindset2-cleveland-nominal,5,400,93.29770755885995,402.914443,0.231557,54393.4498
xai-mindset2-cleveland-nominal,6,400,93.20631970260224,400.543454,0.2327,54073.3663
xai-mindset2-cleveland-nominal,7,400,93.317843866171,419.947538,0.222213,56692.9176
xai-mindset2-cleveland-nominal,5,1000,93.85997521685256,1003.393131,0.093543,135458.0727
xai-mindset2-cleveland-nominal,4,2000,98.20786864931848,2346.479946,0.041853,316774.7927
xai-mindset2-cleveland-nominal,6,1000,93.99008674101611,1006.751082,0.09336,135911.3961
xai-mindset2-cleveland-nominal,7,1000,93.92038413878562,1020.24451,0.092057,137733.0089
xai-mindset2-cleveland-nominal,8,400,93.1861833952912,415.466668,0.224293,56088.0002
xai-mindset2-cleveland-nominal,8,1000,93.6756505576208,1013.266766,0.092449,136791.0134
xai-mindset2-cleveland-nominal,5,2000,98.18773234200744,3276.493258,0.029967,442326.5898
xai-mindset2-cleveland-nominal,6,2000,98.17069392812888,3328.888365,0.029491,449399.9293
xai-mindset2-cleveland-nominal,7,2000,98.1908302354399,3398.317313,0.028894,458772.8373
xai-mindset2-cleveland-nominal,9,400,93.3271375464684,417.147724,0.223727,56314.9427
xai-mindset2-house-votes-84,0,400,97.42482214383932,415.272458,0.234605,56061.7818
xai-mindset2-house-votes-84,1,400,97.24098762479824,401.981585,0.241904,54267.514
xai-mindset2-cleveland-nominal,8,2000,98.19392812887236,2693.8063,0.036452,363663.8505
xai-mindset2-house-votes-84,2,400,97.16177437675614,400.168951,0.242802,54022.8084
xai-mindset2-cleveland-nominal,9,1000,93.7407063197026,1022.186772,0.091706,137995.2142
xai-mindset2-house-votes-84,0,1000,97.71477252346506,1004.428916,0.097284,135597.9037
xai-mindset2-house-votes-84,1,1000,97.5518622586238,1010.251373,0.096562,136383.9354
xai-mindset2-house-votes-84,2,1000,97.4950678543672,1009.963665,0.096533,136345.0948
xai-mindset2-house-votes-84,0,2000,98.96424941711008,2025.639429,0.048856,273461.3229
xai-mindset2-house-votes-84,1,2000,98.99264661923836,2014.720707,0.049135,271987.2954
xai-mindset2-house-votes-84,3,400,97.30973874574042,415.243352,0.234344,56057.8525
xai-mindset2-cleveland-nominal,9,2000,98.1815365551425,2957.433958,0.033198,399253.5843
xai-mindset2-house-votes-84,4,400,97.28731990195492,411.018131,0.236698,55487.4477
xai-mindset2-house-votes-84,2,2000,99.00011956716686,2004.038001,0.0494,270545.1301
xai-mindset2-house-votes-84,5,400,97.42482214383932,408.532862,0.238475,55151.9364
xai-mindset2-house-votes-84,6,400,97.3187062832546,410.766076,0.23692,55453.4203
xai-mindset2-house-votes-84,3,1000,97.70132121719377,1011.560657,0.096585,136560.6887
xai-mindset2-house-votes-84,4,1000,97.75512644227896,1006.289857,0.097144,135849.1307
xai-mindset2-house-votes-84,5,1000,97.82537215280684,1029.368111,0.095034,138964.695
xai-mindset2-house-votes-84,6,1000,97.75961021103603,1009.825512,0.096808,136326.4441
xai-mindset2-house-votes-84,3,2000,98.99115202965264,2010.480102,0.049238,271414.8138
xai-mindset2-house-votes-84,4,2000,98.96873318586717,2009.962861,0.049239,271344.9862
xai-mindset2-house-votes-84,7,400,97.26639564775512,408.913463,0.237865,55203.3175
xai-mindset2-house-votes-84,8,400,97.31571710408322,407.293917,0.238932,54984.6788
xai-mindset2-house-votes-84,5,2000,98.97770072338136,2018.976008,0.049024,272561.7611
xai-mindset2-house-votes-84,6,2000,98.99713038799544,2018.119866,0.049054,272446.1819
xai-mindset2-house-votes-84,9,400,97.4233275542536,414.470752,0.235055,55953.5515
setcover-sts-data.729,0,400,99.2341418015048,414.652356,0.239319,55978.0681
xai-mindset2-house-votes-84,7,1000,97.84928558617804,1012.482188,0.096643,136685.0954
xai-mindset2-house-votes-84,8,1000,97.87618819872064,1010.101734,0.096897,136363.7341
xai-mindset2-house-votes-84,9,1000,97.82686674239254,1007.832144,0.097067,136057.3394
setcover-sts-data.729,0,1000,99.2341418015048,1008.305434,0.098417,136121.2336
xai-mindset2-house-votes-84,8,2000,99.00161415675257,2007.169748,0.049324,270967.916
xai-mindset2-house-votes-84,7,2000,98.98068990255275,2032.577535,0.048697,274397.9672
setcover-sts-data.729,1,400,99.22629259595654,415.183031,0.238994,56049.7092
xai-mindset2-house-votes-84,9,2000,98.98965744006696,2008.757418,0.049279,271182.2514
setcover-sts-data.729,2,400,99.2296565411915,415.082131,0.23906,56036.0877
setcover-sts-data.729,0,2000,99.23974837689644,2005.428379,0.049486,270732.8312
setcover-sts-data.729,3,400,99.22404996579988,412.684464,0.240436,55712.4026
setcover-sts-data.729,2,1000,99.22629259595654,818.121936,0.121285,110446.4614
setcover-sts-data.729,4,400,99.2296565411915,413.968785,0.239703,55885.786
setcover-sts-data.729,1,1000,99.23302048642648,1022.84462,0.097017,138084.0237
setcover-sts-data.729,3,1000,99.23638443166143,1002.692748,0.09897,135363.521
setcover-sts-data.729,4,1000,99.23189917134816,1003.880438,0.098848,135523.8591
setcover-sts-data.729,1,2000,99.252082842758,1538.875012,0.064497,207748.1266
setcover-sts-data.729,2,2000,99.23750574673976,2018.907915,0.049154,272552.5685
setcover-sts-data.729,5,400,99.22180733564323,416.838338,0.238034,56273.1756
setcover-sts-data.729,6,400,99.22853522611318,414.657293,0.239303,55978.7346
setcover-sts-data.729,3,2000,99.23750574673976,2012.421415,0.049312,271676.891
setcover-sts-data.729,7,400,99.23189917134816,403.11005,0.246166,54419.8567
setcover-sts-data.729,4,2000,99.23974837689644,2005.8084,0.049476,270784.134
setcover-sts-data.729,5,1000,99.23302048642648,922.750176,0.107541,124571.2738
setcover-sts-data.729,6,1000,99.23750574673976,1007.879859,0.098462,136063.781
setcover-sts-data.729,8,400,99.21732207532996,415.839949,0.238595,56138.3931
setcover-sts-data.729,7,1000,99.23526311658313,907.721276,0.109323,122542.3723
setcover-sts-data.729,8,1000,99.23526311658313,1003.34646,0.098904,135451.7721
setcover-sts-data.729,5,2000,99.23750574673976,2011.946717,0.049324,271612.8068
setcover-sts-data.729,6,2000,99.2431123221314,2018.158974,0.049175,272451.4615
setcover-sts-data.729,7,2000,99.2341418015048,1632.90634,0.060771,220442.3559
setcover-sts-data.729,9,400,99.22741391103486,429.385706,0.231092,57967.0703
MaxSATQueriesinInterpretableClassifiers-compas_train_5_DNF_5_1,0,400,94.93616233886388,413.904103,0.229368,55877.0539
MaxSATQueriesinInterpretableClassifiers-compas_train_5_DNF_5_1,1,400,94.9392462838463,402.123457,0.236095,54286.6667
setcover-sts-data.729,9,1000,99.23638443166143,1001.947865,0.099043,135262.9618
setcover-sts-data.729,8,2000,99.2431123221314,2000.948071,0.049598,270127.9896
MaxSATQueriesinInterpretableClassifiers-compas_train_5_DNF_5_1,0,1000,94.98704743107383,1006.524901,0.094371,135880.8616
MaxSATQueriesinInterpretableClassifiers-compas_train_5_DNF_5_1,1,1000,94.99552827977548,1004.338076,0.094585,135585.6403
MaxSATQueriesinInterpretableClassifiers-compas_train_5_DNF_5_1,2,400,94.92151360019736,440.898072,0.215291,59521.2397
MaxSATQueriesinInterpretableClassifiers-compas_train_5_DNF_5_1,2,1000,94.97856658237215,1022.497688,0.092889,138037.1879
setcover-sts-data.729,9,2000,99.23750574673976,1778.797876,0.055789,240137.7133
MaxSATQueriesinInterpretableClassifiers-compas_train_5_DNF_5_1,3,400,94.91842965521496,421.298887,0.2253,56875.3497
MaxSATQueriesinInterpretableClassifiers-compas_train_5_DNF_5_1,3,1000,94.97933756861778,1018.394436,0.093264,137483.2489
MaxSATQueriesinInterpretableClassifiers-compas_train_5_DNF_5_1,0,2000,97.7371553691482,11786.909695,0.008292,1591232.8088
MaxSATQueriesinInterpretableClassifiers-compas_train_5_DNF_5_1,1,2000,97.32390674150372,11606.627098,0.008385,1566894.6582
MaxSATQueriesinInterpretableClassifiers-compas_train_5_DNF_5_1,4,400,94.9253685314254,400.786446,0.236848,54106.1702
MaxSATQueriesinInterpretableClassifiers-compas_train_5_DNF_5_1,5,400,94.951582063776,401.146212,0.236701,54154.7386
MaxSATQueriesinInterpretableClassifiers-compas_train_5_DNF_5_1,2,2000,97.60300376241288,11463.286445,0.008514,1547543.6701
MaxSATQueriesinInterpretableClassifiers-compas_train_5_DNF_5_1,5,1000,94.99475729352989,1015.1078,0.093581,137039.553
MaxSATQueriesinInterpretableClassifiers-compas_train_5_DNF_5_1,4,1000,94.9839634860914,1010.755065,0.093973,136451.9338
MaxSATQueriesinInterpretableClassifiers-compas_train_5_DNF_5_1,6,400,94.92305557268858,408.873346,0.232158,55197.9017
MaxSATQueriesinInterpretableClassifiers-compas_train_5_DNF_5_1,6,1000,94.97394066489854,1011.082903,0.093933,136496.1919
MaxSATQueriesinInterpretableClassifiers-compas_train_5_DNF_5_1,3,2000,97.67393449700856,11547.303141,0.008459,1558885.924
MaxSATQueriesinInterpretableClassifiers-compas_train_5_DNF_5_1,7,400,94.93539135261828,416.072015,0.228171,56169.722
MaxSATQueriesinInterpretableClassifiers-compas_train_5_DNF_5_1,7,1000,94.9839634860914,1019.910347,0.09313,137687.8968
MaxSATQueriesinInterpretableClassifiers-compas_train_5_DNF_5_1,5,2000,97.7371553691482,12277.448512,0.007961,1657455.5491
MaxSATQueriesinInterpretableClassifiers-compas_train_5_DNF_5_1,4,2000,97.7371553691482,12456.728085,0.007846,1681658.2915
MaxSATQueriesinInterpretableClassifiers-compas_train_5_DNF_5_1,8,400,94.91842965521496,410.041849,0.231485,55355.6496
MaxSATQueriesinInterpretableClassifiers-compas_train_5_DNF_5_1,9,400,94.94618516005674,414.321531,0.229161,55933.4067
MaxSATQueriesinInterpretableClassifiers-compas_train_5_DNF_5_1,6,2000,97.14118300129526,12064.393142,0.008052,1628693.0742
optimizing-BDDs-anneal-un-wcnf_incomplete_improved_1_2019_2,0,400,99.87214169392068,416.230656,0.239944,56191.1386
MaxSATQueriesinInterpretableClassifiers-compas_train_5_DNF_5_1,8,1000,94.97702460988096,1023.219029,0.092822,138134.5689
MaxSATQueriesinInterpretableClassifiers-compas_train_5_DNF_5_1,9,1000,94.99090236230184,1020.910738,0.093045,137822.9496
MaxSATQueriesinInterpretableClassifiers-compas_train_5_DNF_5_1,7,2000,97.7363843829026,11675.256377,0.008371,1576159.6109
optimizing-BDDs-anneal-un-wcnf_incomplete_improved_1_2019_2,0,1000,99.90848037038532,1018.989503,0.098047,137563.5829
optimizing-BDDs-anneal-un-wcnf_incomplete_improved_1_2019_2,1,400,99.86877700165545,407.786193,0.244905,55051.1361
optimizing-BDDs-anneal-un-wcnf_incomplete_improved_1_2019_2,0,2000,99.99798118464084,1531.680686,0.065286,206776.8926
optimizing-BDDs-anneal-un-wcnf_incomplete_improved_1_2019_2,1,1000,99.90107804740178,1014.685257,0.098455,136982.5097
optimizing-BDDs-anneal-un-wcnf_incomplete_improved_1_2019_2,2,400,99.88021695535728,408.161044,0.244708,55101.7409
optimizing-BDDs-anneal-un-wcnf_incomplete_improved_1_2019_2,1,2000,99.9986541230939,1411.243199,0.070859,190517.8319
optimizing-BDDs-anneal-un-wcnf_incomplete_improved_1_2019_2,2,1000,99.91588269336889,1018.923737,0.09806,137554.7045
optimizing-BDDs-anneal-un-wcnf_incomplete_improved_1_2019_2,3,400,99.87819813999812,410.79902,0.243132,55457.8677
optimizing-BDDs-anneal-un-wcnf_incomplete_improved_1_2019_2,2,2000,99.9973082461878,1327.810406,0.07531,179254.4048
optimizing-BDDs-anneal-un-wcnf_incomplete_improved_1_2019_2,3,1000,99.91722857027496,1018.819177,0.098072,137540.5889
optimizing-BDDs-anneal-un-wcnf_incomplete_improved_1_2019_2,4,400,99.87483344773288,410.750528,0.243152,55451.3213
optimizing-BDDs-anneal-un-wcnf_incomplete_improved_1_2019_2,3,2000,99.9986541230939,1420.749312,0.070384,191801.1571
optimizing-BDDs-anneal-un-wcnf_incomplete_improved_1_2019_2,4,1000,99.91319093955669,1026.483659,0.097335,138575.294
optimizing-BDDs-anneal-un-wcnf_incomplete_improved_1_2019_2,5,400,99.87214169392068,411.97446,0.242423,55616.5521
optimizing-BDDs-anneal-un-wcnf_incomplete_improved_1_2019_2,4,2000,99.99798118464084,1594.261258,0.062724,215225.2698
optimizing-BDDs-anneal-un-wcnf_incomplete_improved_1_2019_2,5,1000,99.8943486628713,1001.388969,0.099756,135187.5108
MaxSATQueriesinInterpretableClassifiers-compas_train_5_DNF_5_1,8,2000,96.87904767778944,10109.788822,0.009583,1364821.491
MaxSATQueriesinInterpretableClassifiers-compas_train_5_DNF_5_1,9,2000,97.49583667427372,10264.305521,0.009499,1385681.2453
optimizing-BDDs-anneal-un-wcnf_incomplete_improved_1_2019_2,6,400,99.87617932463895,414.747691,0.240812,55990.9383
optimizing-BDDs-anneal-un-wcnf_incomplete_improved_1_2019_2,7,400,99.87617932463895,424.50425,0.235277,57308.0738
optimizing-BDDs-anneal-un-wcnf_incomplete_improved_1_2019_2,8,400,99.87819813999812,422.408796,0.236449,57025.1875
optimizing-BDDs-anneal-un-wcnf_incomplete_improved_1_2019_2,5,2000,99.9986541230939,1249.016442,0.080062,168617.2197
optimizing-BDDs-anneal-un-wcnf_incomplete_improved_1_2019_2,6,1000,99.931360277789,1046.579121,0.095484,141288.1813
optimizing-BDDs-anneal-un-wcnf_incomplete_improved_1_2019_2,9,400,99.87079581701458,412.404975,0.242167,55674.6716
optimizing-BDDs-anneal-un-wcnf_incomplete_improved_1_2019_2,7,1000,99.92530383171156,1025.678493,0.097424,138466.5966
optimizing-BDDs-anneal-un-wcnf_incomplete_improved_1_2019_2,8,1000,99.91386387800972,1009.458295,0.098978,136276.8698
optimizing-BDDs-anneal-un-wcnf_incomplete_improved_1_2019_2,9,1000,99.91117212419752,1007.293307,0.099188,135984.5964
optimizing-BDDs-anneal-un-wcnf_incomplete_improved_1_2019_2,6,2000,99.9986541230939,1348.300218,0.074166,182020.5294
optimizing-BDDs-anneal-un-wcnf_incomplete_improved_1_2019_2,7,2000,99.9973082461878,1436.504205,0.069612,193928.0677
optimizing-BDDs-tic-tac-toe-un-wcnf_incomplete_improved_1_2019_5,0,400,99.76357724384432,423.008999,0.235843,57106.2149
optimizing-BDDs-anneal-un-wcnf_incomplete_improved_1_2019_2,8,2000,99.99798118464084,1501.449991,0.066601,202695.7488
optimizing-BDDs-tic-tac-toe-un-wcnf_incomplete_improved_1_2019_5,1,400,99.76730043685464,405.392907,0.2461,54728.0424
optimizing-BDDs-tic-tac-toe-un-wcnf_incomplete_improved_1_2019_5,2,400,99.76109511517078,406.808651,0.245229,54919.1679
optimizing-BDDs-anneal-un-wcnf_incomplete_improved_1_2019_2,9,2000,99.9986541230939,1456.966959,0.068635,196690.5395
optimizing-BDDs-tic-tac-toe-un-wcnf_incomplete_improved_1_2019_5,0,1000,99.79398332009532,1017.239321,0.098103,137327.3083
optimizing-BDDs-tic-tac-toe-un-wcnf_incomplete_improved_1_2019_5,3,400,99.759854050834,422.806351,0.235947,57078.8574
optimizing-BDDs-tic-tac-toe-un-wcnf_incomplete_improved_1_2019_5,1,1000,99.79832704527402,1022.076199,0.097643,137980.2869
optimizing-BDDs-tic-tac-toe-un-wcnf_incomplete_improved_1_2019_5,2,1000,99.790260127085,1045.590386,0.095439,141154.7021
optimizing-BDDs-tic-tac-toe-un-wcnf_incomplete_improved_1_2019_5,3,1000,99.77350575853852,1033.149042,0.096572,139475.1207
optimizing-BDDs-tic-tac-toe-un-wcnf_incomplete_improved_1_2019_5,0,2000,99.91188443208895,4057.031304,0.024627,547699.226
optimizing-BDDs-tic-tac-toe-un-wcnf_incomplete_improved_1_2019_5,1,2000,99.80577343129468,3964.014477,0.025178,535141.9544
optimizing-BDDs-tic-tac-toe-un-wcnf_incomplete_improved_1_2019_5,2,2000,99.919951350278,3885.770617,0.025714,524579.0333
optimizing-BDDs-tic-tac-toe-un-wcnf_incomplete_improved_1_2019_5,4,400,99.76667990468626,421.009015,0.23697,56836.217
optimizing-BDDs-tic-tac-toe-un-wcnf_incomplete_improved_1_2019_5,3,2000,99.7846753375695,3479.761582,0.028676,469767.8136
optimizing-BDDs-tic-tac-toe-un-wcnf_incomplete_improved_1_2019_5,5,400,99.76605937251789,425.476414,0.234481,57439.3159
optimizing-BDDs-tic-tac-toe-un-wcnf_incomplete_improved_1_2019_5,6,400,99.75737192216044,430.659731,0.231638,58139.0637
optimizing-BDDs-tic-tac-toe-un-wcnf_incomplete_improved_1_2019_5,7,400,99.76792096902304,423.316122,0.235682,57147.6765
optimizing-BDDs-tic-tac-toe-un-wcnf_incomplete_improved_1_2019_5,4,1000,99.79212172359016,1027.273775,0.097143,138681.9596
optimizing-BDDs-tic-tac-toe-un-wcnf_incomplete_improved_1_2019_5,5,1000,99.79336278792692,1019.073416,0.097926,137574.9112
optimizing-BDDs-tic-tac-toe-un-wcnf_incomplete_improved_1_2019_5,6,1000,99.78405480540113,1025.493535,0.097303,138441.6272
optimizing-BDDs-tic-tac-toe-un-wcnf_incomplete_improved_1_2019_5,7,1000,99.78777799841144,1025.933582,0.097265,138501.0336
optimizing-BDDs-tic-tac-toe-un-wcnf_incomplete_improved_1_2019_5,4,2000,99.9193308181096,3555.314568,0.028104,479967.4667
optimizing-BDDs-tic-tac-toe-un-wcnf_incomplete_improved_1_2019_5,5,2000,99.92119241461478,3541.532065,0.028214,478106.8288
optimizing-BDDs-tic-tac-toe-un-wcnf_incomplete_improved_1_2019_5,6,2000,99.90754070691024,3561.848608,0.028049,480849.5621
optimizing-BDDs-tic-tac-toe-un-wcnf_incomplete_improved_1_2019_5,8,400,99.75861298649724,424.617328,0.234938,57323.3393
optimizing-BDDs-tic-tac-toe-un-wcnf_incomplete_improved_1_2019_5,7,2000,99.80329130262112,3557.865709,0.028051,480311.8707
optimizing-BDDs-tic-tac-toe-un-wcnf_incomplete_improved_1_2019_5,9,400,99.759854050834,407.732116,0.24467,55043.8357
ramsey-ram_k3_n12.ra0,0,400,98.32167832167832,415.130071,0.236845,56042.5596
ramsey-ram_k3_n12.ra0,1,400,98.1818181818182,404.629443,0.242646,54624.9748
optimizing-BDDs-tic-tac-toe-un-wcnf_incomplete_improved_1_2019_5,8,1000,99.79274225575854,1016.974075,0.098127,137291.5001
optimizing-BDDs-tic-tac-toe-un-wcnf_incomplete_improved_1_2019_5,9,1000,99.79584491660049,1018.942061,0.097941,137557.1782
ramsey-ram_k3_n12.ra0,0,1000,98.46153846153848,1011.696154,0.097323,136578.9808
ramsey-ram_k3_n12.ra0,1,1000,98.32167832167832,1017.522251,0.096629,137365.5039
optimizing-BDDs-tic-tac-toe-un-wcnf_incomplete_improved_1_2019_5,8,2000,99.92801826846704,2250.986509,0.044393,303883.1787
optimizing-BDDs-tic-tac-toe-un-wcnf_incomplete_improved_1_2019_5,9,2000,99.9348441223193,2278.033051,0.043869,307534.4619
ramsey-ram_k3_n12.ra0,2,400,98.1818181818182,406.499448,0.24153,54877.4255
ramsey-ram_k3_n12.ra0,3,400,98.32167832167832,408.088563,0.240932,55091.956
ramsey-ram_k3_n12.ra0,0,2000,98.32167832167832,2003.96907,0.049063,270535.8245
ramsey-ram_k3_n12.ra0,1,2000,98.32167832167832,2004.008609,0.049063,270541.1622
ramsey-ram_k3_n12.ra0,2,1000,98.32167832167832,1014.315972,0.096934,136932.6562
ramsey-ram_k3_n12.ra0,4,400,98.32167832167832,403.300544,0.243793,54445.5734
ramsey-ram_k3_n12.ra0,3,1000,98.32167832167832,1003.397101,0.097989,135458.6086
ramsey-ram_k3_n12.ra0,5,400,98.1818181818182,413.894658,0.237215,55875.7788
ramsey-ram_k3_n12.ra0,4,1000,98.32167832167832,1002.608874,0.098066,135352.198
ramsey-ram_k3_n12.ra0,5,1000,98.32167832167832,1012.797128,0.097079,136727.6123
ramsey-ram_k3_n12.ra0,2,2000,98.32167832167832,2003.179074,0.049083,270429.175
ramsey-ram_k3_n12.ra0,3,2000,98.46153846153848,2009.878764,0.048989,271333.6331
ramsey-ram_k3_n12.ra0,6,400,98.1818181818182,408.038845,0.240619,55085.2441
ramsey-ram_k3_n12.ra0,7,400,98.32167832167832,404.900316,0.242829,54661.5427
ramsey-ram_k3_n12.ra0,4,2000,98.32167832167832,2024.063604,0.048576,273248.5865
ramsey-ram_k3_n12.ra0,8,400,98.04195804195804,405.836426,0.24158,54787.9175
ramsey-ram_k3_n12.ra0,7,400,97.9020979020979,401.217222,0.244013,54164.325
ramsey-ram_k3_n12.ra0,6,400,98.32167832167832,413.80842,0.237602,55864.1367
ramsey-ram_k3_n12.ra0,5,400,98.1818181818182,405.92961,0.241869,54800.4973
ramsey-ram_k3_n12.ra0,8,1000,98.32167832167832,1010.718816,0.097279,136447.0402
ramsey-ram_k3_n12.ra0,7,1000,98.32167832167832,1013.696302,0.096993,136849.0008
ramsey-ram_k3_n12.ra0,5,1000,98.46153846153848,1002.993945,0.098168,135404.1826
ramsey-ram_k3_n12.ra0,6,1000,98.6013986013986,1004.080004,0.098201,135550.8005
ramsey-ram_k3_n12.ra0,8,2000,98.46153846153848,2012.348601,0.048929,271667.0611
ramsey-ram_k3_n12.ra0,7,2000,98.32167832167832,2003.745224,0.049069,270505.6052
ramsey-ram_k3_n12.ra0,6,2000,98.32167832167832,2003.624283,0.049072,270489.2782
ramsey-ram_k3_n12.ra0,5,2000,98.46153846153848,2011.271724,0.048955,271521.6827
ramsey-ram_k3_n12.ra0,9,400,98.1818181818182,408.466316,0.240367,55142.9527
ramsey-ram_k3_n18.ra0,1,400,97.80701754385964,412.129254,0.237321,55637.4493
ramsey-ram_k3_n18.ra0,0,400,97.80701754385964,411.839598,0.237488,55598.3457
ramsey-ram_k3_n18.ra0,2,400,97.96181630546955,409.066307,0.239477,55223.9514
ramsey-ram_k3_n18.ra0,1,1000,97.8844169246646,1003.479826,0.097545,135469.7765
ramsey-ram_k3_n18.ra0,0,1000,97.91021671826626,1003.836981,0.097536,135517.9924
ramsey-ram_k3_n12.ra0,9,1000,98.32167832167832,1005.073514,0.097825,135684.9244
ramsey-ram_k3_n18.ra0,2,1000,97.9876160990712,1009.075654,0.097106,136225.2133
ramsey-ram_k3_n18.ra0,0,2000,98.21981424148606,2000.11074,0.049107,270014.9499
ramsey-ram_k3_n18.ra0,1,2000,97.96181630546955,2005.288532,0.048852,270713.9518
ramsey-ram_k3_n18.ra0,2,2000,97.9876160990712,2013.510871,0.048665,271823.9676
ramsey-ram_k3_n12.ra0,9,2000,98.32167832167832,2008.555787,0.048951,271155.0312
ramsey-ram_k3_n18.ra0,4,400,97.83281733746132,400.446917,0.244309,54060.3338
ramsey-ram_k3_n18.ra0,3,400,97.85861713106296,409.198722,0.239147,55241.8275
ramsey-ram_k3_n18.ra0,5,400,97.7296181630547,412.755822,0.236773,55722.036
ramsey-ram_k3_n18.ra0,6,400,97.6780185758514,413.221225,0.236382,55784.8654
ramsey-ram_k3_n18.ra0,4,1000,98.06501547987617,1004.315515,0.097644,135582.5945
ramsey-ram_k3_n18.ra0,3,1000,98.01341589267284,1006.705718,0.097361,135905.2719
ramsey-ram_k3_n18.ra0,5,1000,98.03921568627452,1006.45242,0.097411,135871.0767
ramsey-ram_k3_n18.ra0,6,1000,97.91021671826626,1011.764833,0.096772,136588.2525
ramsey-ram_k3_n18.ra0,4,2000,98.01341589267284,2011.72997,0.048721,271583.5459
ramsey-ram_k3_n18.ra0,5,2000,98.24561403508773,2003.183492,0.049045,270429.7714
ramsey-ram_k3_n18.ra0,3,2000,98.11661506707948,2007.572305,0.048873,271022.2612
ramsey-ram_k3_n18.ra0,6,2000,98.01341589267284,2004.369881,0.0489,270589.9339
ramsey-ram_k3_n18.ra0,7,400,97.781217750258,404.348767,0.241824,54587.0835
ramsey-ram_k3_n18.ra0,8,400,97.6780185758514,404.227065,0.241641,54570.6538
ramsey-ram_k3_n18.ra0,9,400,97.83281733746132,409.107873,0.239137,55229.5629
inconsistency-measurement-im-hit-C-2-stb_304_352.tgf.pl,0,400,98.17942531256854,407.578743,0.240885,55023.1303
ramsey-ram_k3_n18.ra0,7,1000,98.03921568627452,1010.057029,0.097063,136357.6989
ramsey-ram_k3_n18.ra0,9,1000,97.9360165118679,1009.613922,0.097003,136297.8795
ramsey-ram_k3_n18.ra0,8,1000,97.83281733746132,1005.917446,0.097257,135798.8552
inconsistency-measurement-im-hit-C-2-stb_304_352.tgf.pl,0,1000,98.3549023908752,1010.778555,0.097306,136455.1049
ramsey-ram_k3_n18.ra0,7,2000,98.09081527347782,2008.250409,0.048844,271113.8052
inconsistency-measurement-im-hit-C-2-stb_304_352.tgf.pl,0,2000,98.68392191270016,2009.53398,0.049108,271287.0873
ramsey-ram_k3_n18.ra0,9,2000,98.09081527347782,2012.972536,0.048729,271751.2924
ramsey-ram_k3_n18.ra0,8,2000,98.14241486068111,2010.458844,0.048816,271411.9439
inconsistency-measurement-im-hit-C-2-stb_304_352.tgf.pl,2,400,98.31103312129854,409.08405,0.24032,55226.3467
inconsistency-measurement-im-hit-C-2-stb_304_352.tgf.pl,1,400,98.26716385172188,409.381874,0.240038,55266.553
inconsistency-measurement-im-hit-C-2-stb_304_352.tgf.pl,4,400,98.3549023908752,410.387854,0.239663,55402.3603
inconsistency-measurement-im-hit-C-2-stb_304_352.tgf.pl,3,400,98.39877166045186,409.074633,0.24054,55225.0755
inconsistency-measurement-im-hit-C-2-stb_304_352.tgf.pl,1,1000,98.42070629524018,1003.255597,0.098101,135439.5056
inconsistency-measurement-im-hit-C-2-stb_304_352.tgf.pl,4,1000,98.42070629524018,1003.647877,0.098063,135492.4634
inconsistency-measurement-im-hit-C-2-stb_304_352.tgf.pl,2,1000,98.39877166045186,1012.588117,0.097176,136699.3958
inconsistency-measurement-im-hit-C-2-stb_304_352.tgf.pl,3,1000,98.5084448343935,1014.172947,0.097132,136913.3478
inconsistency-measurement-im-hit-C-2-stb_304_352.tgf.pl,2,2000,98.6400526431235,2005.522716,0.049184,270745.5667
inconsistency-measurement-im-hit-C-2-stb_304_352.tgf.pl,4,2000,98.61811800833516,2017.136997,0.04889,272313.4946
inconsistency-measurement-im-hit-C-2-stb_304_352.tgf.pl,3,2000,98.68392191270016,2006.791648,0.049175,270916.8725
inconsistency-measurement-im-hit-C-2-stb_304_352.tgf.pl,1,2000,98.59618337354684,2023.77915,0.048719,273210.1853
inconsistency-measurement-im-hit-C-2-stb_304_352.tgf.pl,5,400,98.20135994735688,410.604422,0.239163,55431.597
inconsistency-measurement-im-hit-C-2-stb_304_352.tgf.pl,6,400,98.31103312129854,407.418109,0.241303,55001.4447
inconsistency-measurement-im-hit-C-2-stb_304_352.tgf.pl,7,400,98.44264093002852,414.202788,0.237668,55917.3764
inconsistency-measurement-im-hit-C-2-stb_304_352.tgf.pl,8,400,98.26716385172188,404.430822,0.242976,54598.161
inconsistency-measurement-im-hit-C-2-stb_304_352.tgf.pl,6,1000,98.46457556481684,1000.788025,0.098387,135106.3834
inconsistency-measurement-im-hit-C-2-stb_304_352.tgf.pl,5,1000,98.31103312129854,1005.559077,0.097768,135750.4754
inconsistency-measurement-im-hit-C-2-stb_304_352.tgf.pl,8,1000,98.31103312129854,1005.231402,0.097799,135706.2393
inconsistency-measurement-im-hit-C-2-stb_304_352.tgf.pl,7,1000,98.55231410397018,1011.759984,0.097407,136587.5978
inconsistency-measurement-im-hit-C-2-stb_304_352.tgf.pl,6,2000,98.61811800833516,2006.767106,0.049143,270913.5593
inconsistency-measurement-im-hit-C-2-stb_304_352.tgf.pl,8,2000,98.72779118227682,2005.258035,0.049234,270709.8347
inconsistency-measurement-im-hit-C-2-stb_304_352.tgf.pl,5,2000,98.59618337354684,2012.310668,0.048997,271661.9402
inconsistency-measurement-im-hit-C-2-stb_304_352.tgf.pl,7,2000,98.59618337354684,2017.218041,0.048877,272324.4355
inconsistency-measurement-im-sum-B-3-stb_390_450.tgf.pl,0,400,77.12888947611812,404.202019,0.190818,54567.2726
inconsistency-measurement-im-sum-B-3-stb_390_450.tgf.pl,1,400,76.9967628988571,410.399661,0.187614,55403.9542
inconsistency-measurement-im-sum-B-3-stb_390_450.tgf.pl,2,400,77.24780339565304,402.348677,0.191992,54317.0714
inconsistency-measurement-im-hit-C-2-stb_304_352.tgf.pl,9,400,98.31103312129854,400.069342,0.245735,54009.3612
inconsistency-measurement-im-sum-B-3-stb_390_450.tgf.pl,1,1000,79.8176653233798,1000.336743,0.079791,135045.4603
inconsistency-measurement-im-sum-B-3-stb_390_450.tgf.pl,0,1000,79.69214507498184,1010.563651,0.078859,136426.0929
inconsistency-measurement-im-sum-B-3-stb_390_450.tgf.pl,2,1000,79.94318557177776,1010.108497,0.079143,136364.6471
inconsistency-measurement-im-hit-C-2-stb_304_352.tgf.pl,9,1000,98.42070629524018,1018.295497,0.096652,137469.8921
inconsistency-measurement-im-sum-B-3-stb_390_450.tgf.pl,0,2000,93.45312809671664,2005.725193,0.046593,270772.9011
inconsistency-measurement-im-sum-B-3-stb_390_450.tgf.pl,1,2000,93.36063949263394,2014.720625,0.046339,271987.2844
inconsistency-measurement-im-sum-B-3-stb_390_450.tgf.pl,2,2000,93.82968884191057,2006.764977,0.046757,270913.2719
inconsistency-measurement-im-hit-C-2-stb_304_352.tgf.pl,9,2000,98.61811800833516,2014.2135,0.048961,271918.8225
inconsistency-measurement-im-sum-B-3-stb_390_450.tgf.pl,3,400,77.16852744929642,406.796415,0.189698,54917.516
inconsistency-measurement-im-sum-B-3-stb_390_450.tgf.pl,4,400,77.13549580498118,409.415977,0.188404,55271.1569
inconsistency-measurement-im-sum-B-3-stb_390_450.tgf.pl,5,400,76.9174869525005,401.614442,0.191521,54217.9497
inconsistency-measurement-im-sum-B-3-stb_390_450.tgf.pl,6,400,76.99015656999406,410.00851,0.187777,55351.1489
inconsistency-measurement-im-sum-B-3-stb_390_450.tgf.pl,3,1000,78.9720552289093,1012.073533,0.07803,136629.927
inconsistency-measurement-im-sum-B-3-stb_390_450.tgf.pl,5,1000,78.64173878575676,1042.259029,0.075453,140704.9689
inconsistency-measurement-im-sum-B-3-stb_390_450.tgf.pl,4,1000,79.04472484640286,1008.171993,0.078404,136103.2191
inconsistency-measurement-im-sum-B-3-stb_390_450.tgf.pl,6,1000,78.75404637642862,1017.313996,0.077414,137337.3895
inconsistency-measurement-im-sum-B-3-stb_390_450.tgf.pl,3,2000,92.19131928387397,2016.696522,0.045714,272254.0305
inconsistency-measurement-im-sum-B-3-stb_390_450.tgf.pl,4,2000,92.7462509083702,2002.72091,0.04631,270367.3228
inconsistency-measurement-im-sum-B-3-stb_390_450.tgf.pl,5,2000,87.91041818061703,2012.284737,0.043687,271658.4395
inconsistency-measurement-im-sum-B-3-stb_390_450.tgf.pl,7,400,76.97694391226796,413.533691,0.186144,55827.0483
inconsistency-measurement-im-sum-B-3-stb_390_450.tgf.pl,8,400,76.91088062363744,408.821145,0.188128,55190.8546
inconsistency-measurement-im-sum-B-3-stb_390_450.tgf.pl,6,2000,88.78245359053973,2014.748849,0.044066,271991.0946
inconsistency-measurement-im-sum-B-3-stb_390_450.tgf.pl,9,400,77.06282618748762,407.534828,0.189095,55017.2018
minimize-5gons-u5-cube-maxcdcl-13-tmp-15-2655746,0,400,92.22216381032489,400.426422,0.23031,54057.567
inconsistency-measurement-im-sum-B-3-stb_390_450.tgf.pl,7,1000,78.87956662482658,1001.849535,0.078734,135249.6872
inconsistency-measurement-im-sum-B-3-stb_390_450.tgf.pl,8,1000,79.34200964524014,1006.960447,0.078794,135939.6603
inconsistency-measurement-im-sum-B-3-stb_390_450.tgf.pl,9,1000,79.71196406157098,1011.013739,0.078844,136486.8548
minimize-5gons-u5-cube-maxcdcl-13-tmp-15-2655746,0,1000,92.59278729891705,1014.734171,0.091248,136989.1131
inconsistency-measurement-im-sum-B-3-stb_390_450.tgf.pl,7,2000,92.75946356609631,2018.174366,0.045962,272453.5394
inconsistency-measurement-im-sum-B-3-stb_390_450.tgf.pl,8,2000,92.49521041157428,2030.980058,0.045542,274182.3078
inconsistency-measurement-im-sum-B-3-stb_390_450.tgf.pl,9,2000,93.0567483649336,2073.818428,0.044872,279965.4878
minimize-5gons-u5-cube-maxcdcl-13-tmp-15-2655746,1,400,92.19324992114394,400.133449,0.230406,54018.0156
minimize-5gons-u5-cube-maxcdcl-13-tmp-15-2655746,2,400,92.23267795184525,409.349768,0.225315,55262.2187
minimize-5gons-u5-cube-maxcdcl-13-tmp-15-2655746,0,2000,96.02039743454948,2006.59361,0.047852,270890.1373
minimize-5gons-u5-cube-maxcdcl-13-tmp-15-2655746,3,400,92.22479234570496,402.237875,0.229279,54302.1131
minimize-5gons-u5-cube-maxcdcl-13-tmp-15-2655746,4,400,92.1827357796236,403.830821,0.228271,54517.1608
minimize-5gons-u5-cube-maxcdcl-13-tmp-15-2655746,1,1000,92.68478603722006,1007.711718,0.091975,136041.0819
minimize-5gons-u5-cube-maxcdcl-13-tmp-15-2655746,2,1000,92.6769004310798,1010.187528,0.091742,136375.3163
minimize-5gons-u5-cube-maxcdcl-13-tmp-15-2655746,3,1000,92.70844285564084,1018.339213,0.091039,137475.7938
minimize-5gons-u5-cube-maxcdcl-13-tmp-15-2655746,4,1000,92.6769004310798,1015.743795,0.09124,137125.4123
minimize-5gons-u5-cube-maxcdcl-13-tmp-15-2655746,2,2000,97.2006098202082,2064.463461,0.047083,278702.5672
minimize-5gons-u5-cube-maxcdcl-13-tmp-15-2655746,1,2000,97.2321522447692,2241.583493,0.043377,302613.7716
minimize-5gons-u5-cube-maxcdcl-13-tmp-15-2655746,3,2000,96.52770476290613,2012.478046,0.047965,271684.5362
minimize-5gons-u5-cube-maxcdcl-13-tmp-15-2655746,6,400,92.23004941646516,401.511508,0.229707,54204.0536
minimize-5gons-u5-cube-maxcdcl-13-tmp-15-2655746,5,400,92.13279360740196,405.662395,0.227117,54764.4233
minimize-5gons-u5-cube-maxcdcl-13-tmp-15-2655746,4,2000,96.40416360004204,2005.276685,0.048075,270712.3525
minimize-5gons-u5-cube-maxcdcl-13-tmp-15-2655746,7,400,92.256334770266,409.518488,0.22528,55284.9959
minimize-5gons-u5-cube-maxcdcl-13-tmp-15-2655746,8,400,92.22479234570496,414.589185,0.222449,55969.54
minimize-5gons-u5-cube-maxcdcl-13-tmp-15-2655746,5,1000,92.78729891704344,1005.981845,0.092236,135807.5491
minimize-5gons-u5-cube-maxcdcl-13-tmp-15-2655746,6,1000,92.71632846178107,1014.998264,0.091346,137024.7656
minimize-5gons-u5-cube-maxcdcl-13-tmp-15-2655746,7,1000,92.84249816002524,1012.219677,0.091722,136649.6564
minimize-5gons-u5-cube-maxcdcl-13-tmp-15-2655746,8,1000,92.60067290505732,1025.395836,0.090307,138428.4379
minimize-5gons-u5-cube-maxcdcl-13-tmp-15-2655746,5,2000,96.88781410997792,2002.193373,0.048391,270296.1054
minimize-5gons-u5-cube-maxcdcl-13-tmp-15-2655746,6,2000,96.74324466407316,2014.167273,0.048031,271912.5819
minimize-5gons-u5-cube-maxcdcl-13-tmp-15-2655746,7,2000,96.28587950793818,2002.94905,0.048072,270398.1217
minimize-5gons-u5-cube-maxcdcl-11-tmp-15-2655746,0,400,92.19324992114394,408.578191,0.225644,55158.0558
minimize-5gons-u5-cube-maxcdcl-13-tmp-15-2655746,8,2000,97.19009567868784,2020.634436,0.048099,272785.6489
minimize-5gons-u5-cube-maxcdcl-13-tmp-15-2655746,9,400,92.22742088108504,409.964583,0.224964,55345.2187
minimize-5gons-u5-cube-maxcdcl-11-tmp-15-2655746,1,400,92.19850699190413,411.517174,0.224045,55554.8185
minimize-5gons-u5-cube-maxcdcl-11-tmp-15-2655746,2,400,92.19587845652404,400.055647,0.230458,54007.5123
minimize-5gons-u5-cube-maxcdcl-11-tmp-15-2655746,0,1000,92.61644411733782,1002.761187,0.092361,135372.7602
minimize-5gons-u5-cube-maxcdcl-13-tmp-15-2655746,9,1000,92.78467038166332,1005.549114,0.092273,135749.1304
minimize-5gons-u5-cube-maxcdcl-11-tmp-15-2655746,1,1000,92.60067290505732,1003.519955,0.092276,135475.1939
minimize-5gons-u5-cube-maxcdcl-11-tmp-15-2655746,2,1000,92.6190726527179,1002.861683,0.092355,135386.3272
minimize-5gons-u5-cube-maxcdcl-11-tmp-15-2655746,0,2000,95.9389128377668,2008.96884,0.047755,271210.7934
minimize-5gons-u5-cube-maxcdcl-13-tmp-15-2655746,9,2000,96.65650299653034,2030.467915,0.047603,274113.1685
minimize-5gons-u5-cube-maxcdcl-11-tmp-15-2655746,1,2000,95.69971611817896,2006.385274,0.047698,270862.012
minimize-5gons-u5-cube-maxcdcl-11-tmp-15-2655746,3,400,92.09599411208076,411.410655,0.223854,55540.4384
minimize-5gons-u5-cube-maxcdcl-11-tmp-15-2655746,2,2000,96.06508253601092,2044.713841,0.046982,276036.3685
minimize-5gons-u5-cube-maxcdcl-11-tmp-15-2655746,4,400,91.9146251708548,404.506087,0.227227,54608.3217
minimize-5gons-u5-cube-maxcdcl-11-tmp-15-2655746,5,400,92.1406792135422,400.783048,0.229902,54105.7115
minimize-5gons-u5-cube-maxcdcl-11-tmp-15-2655746,6,400,92.23530648722532,400.923867,0.230057,54124.722
minimize-5gons-u5-cube-maxcdcl-11-tmp-15-2655746,3,1000,92.57701608663652,1009.46021,0.091709,136277.1283
minimize-5gons-u5-cube-maxcdcl-11-tmp-15-2655746,4,1000,92.51655977289454,1011.549685,0.09146,136559.2075
minimize-5gons-u5-cube-maxcdcl-11-tmp-15-2655746,5,1000,92.55598780359584,1014.754132,0.09121,136991.8078
minimize-5gons-u5-cube-maxcdcl-11-tmp-15-2655746,6,1000,92.61118704657764,1020.041153,0.090792,137705.5557
minimize-5gons-u5-cube-maxcdcl-11-tmp-15-2655746,3,2000,96.81947219009568,2004.083038,0.048311,270551.2101
minimize-5gons-u5-cube-maxcdcl-11-tmp-15-2655746,4,2000,96.65124592577016,2110.614737,0.045793,284932.9895
minimize-5gons-u5-cube-maxcdcl-11-tmp-15-2655746,5,2000,95.7470297550205,2009.852814,0.047639,271330.1299
minimize-5gons-u5-cube-maxcdcl-11-tmp-15-2655746,7,400,92.20376406266428,406.268775,0.226953,54846.2846
minimize-5gons-u5-cube-maxcdcl-11-tmp-15-2655746,6,2000,96.71695931027232,2012.726244,0.048053,271718.0429
minimize-5gons-u5-cube-maxcdcl-11-tmp-15-2655746,8,400,92.164336031963,413.376178,0.222955,55805.784
minimize-5gons-u5-cube-maxcdcl-11-tmp-15-2655746,9,400,92.17747870886342,405.632227,0.227244,54760.3506
gen-hyper-tw-GenHyperTW_uf20-099,0,400,93.5191554661869,403.036776,0.232036,54409.9648
minimize-5gons-u5-cube-maxcdcl-11-tmp-15-2655746,7,1000,92.65587214803912,1014.302816,0.091349,136930.8802
minimize-5gons-u5-cube-maxcdcl-11-tmp-15-2655746,8,1000,92.70055724950058,1004.921465,0.092247,135664.3978
minimize-5gons-u5-cube-maxcdcl-11-tmp-15-2655746,9,1000,92.62695825885817,1003.967503,0.092261,135535.6129
gen-hyper-tw-GenHyperTW_uf20-099,0,1000,93.9464493597206,1022.692187,0.091862,138063.4452
minimize-5gons-u5-cube-maxcdcl-11-tmp-15-2655746,7,2000,96.4514772368836,2000.58125,0.048212,270078.4688
minimize-5gons-u5-cube-maxcdcl-11-tmp-15-2655746,8,2000,96.48039112606456,2002.043163,0.048191,270275.827
minimize-5gons-u5-cube-maxcdcl-11-tmp-15-2655746,9,2000,96.36999264010092,2014.537525,0.047837,271962.5659
gen-hyper-tw-GenHyperTW_uf20-099,1,400,93.4371362048894,428.392224,0.218111,57832.9502
gen-hyper-tw-GenHyperTW_uf20-099,2,400,93.53370727061063,404.844069,0.231036,54653.9493
gen-hyper-tw-GenHyperTW_uf20-099,3,400,93.51783257487564,418.187283,0.223627,56455.2832
gen-hyper-tw-GenHyperTW_uf20-099,1,1000,93.81283733728436,1010.258034,0.09286,136384.8346
gen-hyper-tw-GenHyperTW_uf20-099,2,1000,93.86310720711188,1017.097039,0.092285,137308.1003
gen-hyper-tw-GenHyperTW_uf20-099,3,1000,93.86839877235688,1016.38381,0.092355,137211.8144
gen-hyper-tw-GenHyperTW_uf20-099,0,2000,99.23801460472008,12143.642117,0.008172,1639391.6858
gen-hyper-tw-GenHyperTW_uf20-099,4,400,93.52973859667688,421.784244,0.221748,56940.8729
gen-hyper-tw-GenHyperTW_uf20-099,4,1000,93.8723674462906,1038.226668,0.090416,140160.6002
gen-hyper-tw-GenHyperTW_uf20-099,2,2000,99.28034712668008,14134.986761,0.007024,1908223.2127
gen-hyper-tw-GenHyperTW_uf20-099,3,2000,99.24462906127631,14156.34249,0.007011,1911106.2362
gen-hyper-tw-GenHyperTW_uf20-099,1,2000,99.18642184358131,14622.595405,0.006783,1974050.3797
gen-hyper-tw-GenHyperTW_uf20-099,5,400,93.4900518573394,407.810451,0.229249,55054.4109
gen-hyper-tw-GenHyperTW_uf20-099,6,400,93.5270928140544,408.352463,0.229035,55127.5825
gen-hyper-tw-GenHyperTW_uf20-099,7,400,93.47153137898192,413.959603,0.225799,55884.5464
gen-hyper-tw-GenHyperTW_uf20-099,5,1000,93.96100116414436,1018.595149,0.092246,137510.3451
gen-hyper-tw-GenHyperTW_uf20-099,6,1000,93.96364694676686,1010.040115,0.09303,136355.4155
gen-hyper-tw-GenHyperTW_uf20-099,7,1000,93.9332204466081,1020.8066,0.092019,137808.891
gen-hyper-tw-GenHyperTW_uf20-099,4,2000,99.18774473489258,11719.501969,0.008463,1582132.7658
gen-hyper-tw-GenHyperTW_uf20-099,8,400,93.42258440046564,410.486705,0.22759,55415.7052
gen-hyper-tw-GenHyperTW_uf20-099,8,1000,93.80093131548313,1010.231449,0.092851,136381.2456
gen-hyper-tw-GenHyperTW_uf20-099,5,2000,99.21287966980633,12515.153609,0.007927,1689545.7372
gen-hyper-tw-GenHyperTW_uf20-099,6,2000,99.22875436554132,12786.824656,0.00776,1726221.3286
gen-hyper-tw-GenHyperTW_uf20-099,7,2000,99.22875436554132,12707.6682,0.007809,1715535.207
gen-hyper-tw-GenHyperTW_uf20-099,9,400,93.4635940311144,407.229796,0.229511,54976.0225
judgment-aggregation-ja-maxham-preflib-00049-00000003,0,400,98.68680833376632,419.277397,0.235374,56602.4486
judgment-aggregation-ja-maxham-preflib-00049-00000003,1,400,98.67252039278848,426.890444,0.231142,57630.2099
gen-hyper-tw-GenHyperTW_uf20-099,9,1000,93.87104455497936,1000.220982,0.09385,135029.8326
judgment-aggregation-ja-maxham-preflib-00049-00000003,0,1000,98.73486777160078,1014.382048,0.097335,136941.5765
judgment-aggregation-ja-maxham-preflib-00049-00000003,1,1000,98.72057983062297,1001.345256,0.098588,135181.6096
judgment-aggregation-ja-maxham-preflib-00049-00000003,0,2000,98.93230113783966,2008.499839,0.049257,271147.4783
judgment-aggregation-ja-maxham-preflib-00049-00000003,1,2000,98.92450771548812,2018.145625,0.049018,272449.6594
judgment-aggregation-ja-maxham-preflib-00049-00000003,3,400,98.66862368161271,412.13541,0.239408,55638.2804
judgment-aggregation-ja-maxham-preflib-00049-00000003,2,400,98.68161271886528,423.647422,0.232933,57192.402
judgment-aggregation-ja-maxham-preflib-00049-00000003,3,1000,98.68810723749156,1007.554412,0.097948,136019.8456
judgment-aggregation-ja-maxham-preflib-00049-00000003,2,1000,98.70239517846936,1002.257642,0.09848,135304.7817
gen-hyper-tw-GenHyperTW_uf20-099,8,2000,99.1824531696476,11212.277018,0.008846,1513657.3974
judgment-aggregation-ja-maxham-preflib-00049-00000003,4,400,98.67252039278848,418.687964,0.235671,56522.8751
judgment-aggregation-ja-maxham-preflib-00049-00000003,4,1000,98.71798202317244,1009.130637,0.097825,136232.636
judgment-aggregation-ja-maxham-preflib-00049-00000003,3,2000,98.9193121005871,2006.564265,0.049298,270886.1758
judgment-aggregation-ja-maxham-preflib-00049-00000003,2,2000,98.92710552293865,2008.986247,0.049242,271213.1433
judgment-aggregation-ja-maxham-preflib-00049-00000003,5,400,98.69719956356836,411.629883,0.239772,55570.0342
judgment-aggregation-ja-maxham-preflib-00049-00000003,6,400,98.6984984672936,402.065076,0.245479,54278.7853
judgment-aggregation-ja-maxham-preflib-00049-00000003,5,1000,98.73486777160078,1008.70918,0.097882,136175.7393
judgment-aggregation-ja-maxham-preflib-00049-00000003,6,1000,98.7127864082714,1006.629662,0.098063,135895.0044
judgment-aggregation-ja-maxham-preflib-00049-00000003,4,2000,98.93749675274069,2021.237549,0.048949,272867.0691
gen-hyper-tw-GenHyperTW_uf20-099,9,2000,99.20361943062758,9171.113962,0.010817,1238100.3849
judgment-aggregation-ja-maxham-preflib-00049-00000003,7,400,98.67122148906324,416.761463,0.236757,56262.7975
judgment-aggregation-ja-maxham-preflib-00049-00000003,8,400,98.70629188964514,406.950808,0.242551,54938.3591
judgment-aggregation-ja-maxham-preflib-00049-00000003,7,1000,98.67901491141475,1004.974761,0.098191,135671.5927
judgment-aggregation-ja-maxham-preflib-00049-00000003,8,1000,98.74655790512809,1016.868371,0.097108,137277.2301
judgment-aggregation-ja-maxham-preflib-00049-00000003,5,2000,98.92970333038916,2016.591026,0.049058,272239.7885
judgment-aggregation-ja-maxham-preflib-00049-00000003,6,2000,98.92320881176288,2015.664421,0.049077,272114.6968
judgment-aggregation-ja-maxham-preflib-00049-00000003,9,400,98.69979737101886,422.478521,0.233621,57034.6003
judgment-aggregation-ja-maxham-preflib-00049-00000092,0,400,98.79955840898616,420.567831,0.234919,56776.6572
judgment-aggregation-ja-maxham-preflib-00049-00000003,9,1000,98.73226996415026,1013.153845,0.09745,136775.7691
judgment-aggregation-ja-maxham-preflib-00049-00000092,0,1000,98.87672965412276,1007.036799,0.098186,135949.9679
judgment-aggregation-ja-maxham-preflib-00049-00000003,8,2000,98.9258066192134,2009.109955,0.049239,271229.8439
judgment-aggregation-ja-maxham-preflib-00049-00000003,7,2000,98.91801319686184,2025.17454,0.048844,273398.5629
judgment-aggregation-ja-maxham-preflib-00049-00000092,2,400,98.82742580306326,402.136197,0.245756,54288.3866
judgment-aggregation-ja-maxham-preflib-00049-00000092,1,400,98.83064127161065,423.295228,0.233479,57144.8558
judgment-aggregation-ja-maxham-preflib-00049-00000092,0,2000,99.0278566758486,2017.483648,0.049085,272360.2925
judgment-aggregation-ja-maxham-preflib-00049-00000092,2,1000,98.86922689417894,1008.992543,0.097988,136213.9933
judgment-aggregation-ja-maxham-preflib-00049-00000092,1,1000,98.86386777993332,1003.69834,0.0985,135499.2759
judgment-aggregation-ja-maxham-preflib-00049-00000003,9,2000,98.92190990803762,2010.186105,0.04921,271375.1242
judgment-aggregation-ja-maxham-preflib-00049-00000092,3,400,98.78455288909848,418.125334,0.236256,56446.9201
judgment-aggregation-ja-maxham-preflib-00049-00000092,4,400,98.78348106624937,450.214292,0.219414,60778.9294
judgment-aggregation-ja-maxham-preflib-00049-00000092,3,1000,98.84671861434742,1005.542916,0.098302,135748.2937
judgment-aggregation-ja-maxham-preflib-00049-00000092,4,1000,98.85529319714038,1009.733511,0.097902,136314.024
judgment-aggregation-ja-maxham-preflib-00049-00000092,2,2000,99.02035391590478,2011.405857,0.049229,271539.7907
judgment-aggregation-ja-maxham-preflib-00049-00000092,1,2000,99.02464120730126,2023.747631,0.048931,273205.9302
judgment-aggregation-ja-maxham-preflib-00049-00000092,5,400,98.8124202831756,400.034762,0.24701,54004.6929
judgment-aggregation-ja-maxham-preflib-00049-00000092,6,400,98.7631164321161,415.471406,0.237713,56088.6398
judgment-aggregation-ja-maxham-preflib-00049-00000092,5,1000,98.85529319714038,1000.854842,0.098771,135115.4037
judgment-aggregation-ja-maxham-preflib-00049-00000092,3,2000,99.00534839601713,2008.151348,0.049302,271100.432
judgment-aggregation-ja-maxham-preflib-00049-00000092,4,2000,99.02571303015036,2002.033433,0.049463,270274.5135
judgment-aggregation-ja-maxham-preflib-00049-00000092,6,1000,98.83064127161065,1033.579626,0.09562,139533.2495
judgment-aggregation-ja-maxham-preflib-00049-00000092,7,400,98.76418825496522,427.271189,0.231151,57681.6105
judgment-aggregation-ja-maxham-preflib-00049-00000092,8,400,98.78348106624937,421.108395,0.23458,56849.6333
judgment-aggregation-ja-maxham-preflib-00049-00000092,7,1000,98.8681550713298,1008.525769,0.098032,136150.9788
judgment-aggregation-ja-maxham-preflib-00049-00000092,8,1000,98.8231385116668,1016.961951,0.097175,137289.8634
judgment-aggregation-ja-maxham-preflib-00049-00000092,5,2000,99.02035391590478,2017.057624,0.049091,272302.7792
judgment-aggregation-ja-maxham-preflib-00049-00000092,6,2000,99.01821027020654,2010.176691,0.049258,271373.8533
judgment-aggregation-ja-maxham-preflib-00049-00000092,9,400,98.83707220870537,423.518016,0.233372,57174.9322
optimizing-BDDs-primary-tumor-un-wcnf_incomplete_improved_1_2019_8,0,400,99.84803753820812,408.745086,0.244279,55180.5866
optimizing-BDDs-primary-tumor-un-wcnf_incomplete_improved_1_2019_8,0,1000,99.87587798922344,1030.128998,0.096955,139067.4147
judgment-aggregation-ja-maxham-preflib-00049-00000092,7,2000,99.0278566758486,2004.618803,0.0494,270623.5384
judgment-aggregation-ja-maxham-preflib-00049-00000092,8,2000,99.01928209305566,2001.769437,0.049466,270238.874
judgment-aggregation-ja-maxham-preflib-00049-00000092,9,1000,98.8670832484807,1008.617897,0.098022,136163.4161
optimizing-BDDs-primary-tumor-un-wcnf_incomplete_improved_1_2019_8,2,400,99.85093758518887,422.553501,0.236304,57044.7226
optimizing-BDDs-primary-tumor-un-wcnf_incomplete_improved_1_2019_8,1,400,99.86369779190424,473.549432,0.210883,63929.1733
optimizing-BDDs-primary-tumor-un-wcnf_incomplete_improved_1_2019_8,2,1000,99.87587798922344,1018.792353,0.098034,137536.9677
optimizing-BDDs-primary-tumor-un-wcnf_incomplete_improved_1_2019_8,1,1000,99.88399812076956,1017.544613,0.098162,137368.5228
judgment-aggregation-ja-maxham-preflib-00049-00000092,9,2000,99.0278566758486,2019.436232,0.049037,272623.8913
optimizing-BDDs-primary-tumor-un-wcnf_incomplete_improved_1_2019_8,3,400,99.85209760398118,433.125207,0.230539,58471.9029
optimizing-BDDs-primary-tumor-un-wcnf_incomplete_improved_1_2019_8,0,2000,99.89095823352338,3035.324758,0.032909,409768.8423
optimizing-BDDs-primary-tumor-un-wcnf_incomplete_improved_1_2019_8,4,400,99.85093758518887,417.368824,0.239239,56344.7912
optimizing-BDDs-primary-tumor-un-wcnf_incomplete_improved_1_2019_8,3,1000,99.86717784828114,1020.873696,0.097825,137817.949
optimizing-BDDs-primary-tumor-un-wcnf_incomplete_improved_1_2019_8,4,1000,99.8712379140542,1036.823778,0.096324,139971.21
optimizing-BDDs-primary-tumor-un-wcnf_incomplete_improved_1_2019_8,1,2000,99.89385828050416,3122.050553,0.031996,421476.8247
optimizing-BDDs-primary-tumor-un-wcnf_incomplete_improved_1_2019_8,2,2000,99.91589863755792,3279.902907,0.030463,442786.8924
optimizing-BDDs-primary-tumor-un-wcnf_incomplete_improved_1_2019_8,5,400,99.85093758518887,435.920529,0.229058,58849.2714
optimizing-BDDs-primary-tumor-un-wcnf_incomplete_improved_1_2019_8,6,400,99.8544176415658,425.706351,0.234562,57470.3574
optimizing-BDDs-primary-tumor-un-wcnf_incomplete_improved_1_2019_8,5,1000,99.87413796103498,1014.526856,0.098444,136961.1256
optimizing-BDDs-primary-tumor-un-wcnf_incomplete_improved_1_2019_8,6,1000,99.87297794224268,1014.869736,0.09841,137007.4144
optimizing-BDDs-primary-tumor-un-wcnf_incomplete_improved_1_2019_8,3,2000,99.87877803620418,3287.71135,0.030379,443841.0322
optimizing-BDDs-primary-tumor-un-wcnf_incomplete_improved_1_2019_8,4,2000,99.91879868453869,3213.130194,0.031097,433772.5762
optimizing-BDDs-primary-tumor-un-wcnf_incomplete_improved_1_2019_8,7,400,99.85325762277348,403.432164,0.247509,54463.3421
optimizing-BDDs-primary-tumor-un-wcnf_incomplete_improved_1_2019_8,8,400,99.85151759458503,429.909899,0.232261,58037.8364
optimizing-BDDs-primary-tumor-un-wcnf_incomplete_improved_1_2019_8,7,1000,99.87413796103498,1010.650025,0.098822,136437.7534
optimizing-BDDs-primary-tumor-un-wcnf_incomplete_improved_1_2019_8,8,1000,99.86949788586575,1035.555425,0.096441,139799.9824
optimizing-BDDs-primary-tumor-un-wcnf_incomplete_improved_1_2019_8,5,2000,99.91705865635024,3364.790548,0.029695,454246.724
optimizing-BDDs-primary-tumor-un-wcnf_incomplete_improved_1_2019_8,6,2000,99.92517878789636,3252.865572,0.030719,439136.8522
optimizing-BDDs-primary-tumor-un-wcnf_incomplete_improved_1_2019_8,9,400,99.85093758518887,414.012424,0.241179,55891.6772
optimizing-BDDs-primary-tumor-un-wcnf_incomplete_improved_1_2019_8,9,1000,99.88051806439265,1007.62662,0.099125,136029.5937
optimizing-BDDs-primary-tumor-un-wcnf_incomplete_improved_1_2019_8,7,2000,99.92285875031176,2911.882776,0.034316,393104.1748
optimizing-BDDs-primary-tumor-un-wcnf_incomplete_improved_1_2019_8,8,2000,99.91241858118102,2591.762225,0.03855,349887.9004
optimizing-BDDs-primary-tumor-un-wcnf_incomplete_improved_1_2019_8,9,2000,99.93039887246174,2010.428728,0.049706,271407.8783
