instance,category,benchmark,file,n_vars,n_clauses,clause_var_ratio,mean_clause_len,std_clause_len,mean_var_degree,std_var_degree,max_var_degree,frac_unit_clauses,frac_binary_clauses,frac_horn_clauses,positive_literal_frac,energie_joules
BMS_k3_n100_m429_423,bms,BMS_k3_n100_m429,BMS_k3_n100_m429_423.cnf,100,278,2.78,3,0.0,8.34,3.4934796407020894,20,0.0,0.0,0.49280575539568344,0.5071942446043165,123.71000000000006
BMS_k3_n100_m429_164,bms,BMS_k3_n100_m429,BMS_k3_n100_m429_164.cnf,100,289,2.89,3,0.0,8.67,3.580656364411419,21,0.0,0.0,0.4740484429065744,0.510957324106113,239.3100000000001
BMS_k3_n100_m429_435,bms,BMS_k3_n100_m429,BMS_k3_n100_m429_435.cnf,100,297,2.97,3,0.0,8.91,3.079269393866019,19,0.0,0.0,0.48148148148148145,0.5028058361391695,165.41000000000003
BMS_k3_n100_m429_238,bms,BMS_k3_n100_m429,BMS_k3_n100_m429_238.cnf,100,296,2.96,3,0.0,8.88,3.1852158482589528,17,0.0,0.0,0.49324324324324326,0.4966216216216216,109.49000000000004
BMS_k3_n100_m429_192,bms,BMS_k3_n100_m429,BMS_k3_n100_m429_192.cnf,100,270,2.7,3,0.0,8.1,3.7456641600656084,18,0.0,0.0,0.5111111111111111,0.4925925925925926,200.04
BMS_k3_n100_m429_453,bms,BMS_k3_n100_m429,BMS_k3_n100_m429_453.cnf,100,298,2.98,3,0.0,8.94,3.319096262538946,17,0.0,0.0,0.5268456375838926,0.5100671140939598,149.10999999999996
BMS_k3_n100_m429_438,bms,BMS_k3_n100_m429,BMS_k3_n100_m429_438.cnf,100,282,2.82,3,0.0,8.46,3.22,16,0.0,0.0,0.49645390070921985,0.5141843971631206,80.21999999999997
BMS_k3_n100_m429_21,bms,BMS_k3_n100_m429,BMS_k3_n100_m429_21.cnf,100,274,2.74,3,0.0,8.22,3.474420815042415,17,0.0,0.0,0.5437956204379562,0.48905109489051096,109.58000000000007
BMS_k3_n100_m429_16,bms,BMS_k3_n100_m429,BMS_k3_n100_m429_16.cnf,100,289,2.89,3,0.0,8.67,2.778686740170615,17,0.0,0.0,0.4982698961937716,0.5040369088811996,91.28999999999999
BMS_k3_n100_m429_54,bms,BMS_k3_n100_m429,BMS_k3_n100_m429_54.cnf,100,289,2.89,3,0.0,8.67,3.48440812764521,17,0.0,0.0,0.4913494809688581,0.4982698961937716,48.919999999999995
BMS_k3_n100_m429_106,bms,BMS_k3_n100_m429,BMS_k3_n100_m429_106.cnf,100,293,2.93,3,0.0,8.79,3.3205270665965063,20,0.0,0.0,0.5051194539249146,0.49146757679180886,104.15000000000009
BMS_k3_n100_m429_273,bms,BMS_k3_n100_m429,BMS_k3_n100_m429_273.cnf,100,297,2.97,3,0.0,8.91,3.0662517835298524,16,0.0,0.0,0.4781144781144781,0.5263748597081931,61.48000000000002
BMS_k3_n100_m429_464,bms,BMS_k3_n100_m429,BMS_k3_n100_m429_464.cnf,100,269,2.69,3,0.0,8.07,3.4935798259092348,15,0.0,0.0,0.49814126394052044,0.4944237918215613,62.73000000000001
BMS_k3_n100_m429_174,bms,BMS_k3_n100_m429,BMS_k3_n100_m429_174.cnf,100,293,2.93,3,0.0,8.79,3.389085422352172,20,0.0,0.0,0.5324232081911263,0.4778156996587031,179.67000000000002
BMS_k3_n100_m429_432,bms,BMS_k3_n100_m429,BMS_k3_n100_m429_432.cnf,100,279,2.79,3,0.0,8.37,3.0713352145280397,15,0.0,0.0,0.4982078853046595,0.5101553166069295,201.93000000000004
BMS_k3_n100_m429_448,bms,BMS_k3_n100_m429,BMS_k3_n100_m429_448.cnf,100,264,2.64,3,0.0,7.92,3.5232939133714063,20,0.0,0.0,0.4659090909090909,0.5151515151515151,159.47999999999996
BMS_k3_n100_m429_95,bms,BMS_k3_n100_m429,BMS_k3_n100_m429_95.cnf,100,292,2.92,3,0.0,8.76,3.5415250952096895,21,0.0,0.0,0.4863013698630137,0.5148401826484018,105.12000000000003
BMS_k3_n100_m429_125,bms,BMS_k3_n100_m429,BMS_k3_n100_m429_125.cnf,100,291,2.91,3,0.0,8.73,3.0719863280945767,17,0.0,0.0,0.4845360824742268,0.5017182130584192,125.93000000000006
BMS_k3_n100_m429_383,bms,BMS_k3_n100_m429,BMS_k3_n100_m429_383.cnf,100,285,2.85,3,0.0,8.55,3.1603006186120965,17,0.0,0.0,0.48771929824561405,0.504093567251462,98.66000000000001
BMS_k3_n100_m429_466,bms,BMS_k3_n100_m429,BMS_k3_n100_m429_466.cnf,100,287,2.87,3,0.0,8.61,3.503983447449488,19,0.0,0.0,0.4878048780487805,0.5052264808362369,292.96000000000004
BMS_k3_n100_m429_90,bms,BMS_k3_n100_m429,BMS_k3_n100_m429_90.cnf,100,282,2.82,3,0.0,8.46,3.356843755672879,18,0.0,0.0,0.5283687943262412,0.4858156028368794,78.90000000000002
BMS_k3_n100_m429_91,bms,BMS_k3_n100_m429,BMS_k3_n100_m429_91.cnf,100,277,2.77,3,0.0,8.31,3.3902654763307254,15,0.0,0.0,0.5415162454873647,0.4813477737665463,337.63999999999993
BMS_k3_n100_m429_350,bms,BMS_k3_n100_m429,BMS_k3_n100_m429_350.cnf,100,275,2.75,3,0.0,8.25,3.332791622649097,18,0.0,0.0,0.5018181818181818,0.48848484848484847,171.97
BMS_k3_n100_m429_419,bms,BMS_k3_n100_m429,BMS_k3_n100_m429_419.cnf,100,301,3.01,3,0.0,9.03,3.041233302461355,18,0.0,0.0,0.5415282392026578,0.4684385382059801,77.19000000000003
BMS_k3_n100_m429_167,bms,BMS_k3_n100_m429,BMS_k3_n100_m429_167.cnf,100,296,2.96,3,0.0,8.88,2.923285822494954,20,0.0,0.0,0.4831081081081081,0.5022522522522522,99.35999999999996
BMS_k3_n100_m429_64,bms,BMS_k3_n100_m429,BMS_k3_n100_m429_64.cnf,100,287,2.87,3,0.0,8.61,3.006310030585668,15,0.0,0.0,0.4808362369337979,0.4901277584204414,70.87
BMS_k3_n100_m429_97,bms,BMS_k3_n100_m429,BMS_k3_n100_m429_97.cnf,100,295,2.95,3,0.0,8.85,3.395217224272992,17,0.0,0.0,0.49491525423728816,0.4994350282485876,174.67000000000004
BMS_k3_n100_m429_289,bms,BMS_k3_n100_m429,BMS_k3_n100_m429_289.cnf,100,277,2.77,3,0.0,8.31,3.448753397968605,17,0.0,0.0,0.4657039711191336,0.4969915764139591,57.900000000000034
BMS_k3_n100_m429_19,bms,BMS_k3_n100_m429,BMS_k3_n100_m429_19.cnf,100,301,3.01,3,0.0,9.03,3.1095176474816797,17,0.0,0.0,0.48172757475083056,0.512735326688815,75.78000000000002
BMS_k3_n100_m429_4,bms,BMS_k3_n100_m429,BMS_k3_n100_m429_4.cnf,100,286,2.86,3,0.0,8.58,3.18490188231914,17,0.0,0.0,0.5034965034965035,0.48717948717948717,55.55000000000001
BMS_k3_n100_m429_77,bms,BMS_k3_n100_m429,BMS_k3_n100_m429_77.cnf,100,277,2.77,3,0.0,8.31,3.4919765176759134,17,0.0,0.0,0.5090252707581228,0.48495788206979545,217.36000000000004
BMS_k3_n100_m429_400,bms,BMS_k3_n100_m429,BMS_k3_n100_m429_400.cnf,100,273,2.73,3,0.0,8.19,3.5600421345821176,18,0.0,0.0,0.4945054945054945,0.5042735042735043,226.66000000000003
BMS_k3_n100_m429_495,bms,BMS_k3_n100_m429,BMS_k3_n100_m429_495.cnf,100,288,2.88,3,0.0,8.64,3.278780261011707,17,0.0,0.0,0.5,0.5069444444444444,138.15000000000006
BMS_k3_n100_m429_254,bms,BMS_k3_n100_m429,BMS_k3_n100_m429_254.cnf,100,287,2.87,3,0.0,8.61,3.434807127045127,18,0.0,0.0,0.5087108013937283,0.49477351916376305,103.41000000000003
BMS_k3_n100_m429_10,bms,BMS_k3_n100_m429,BMS_k3_n100_m429_10.cnf,100,287,2.87,3,0.0,8.61,3.19967185817546,18,0.0,0.0,0.5017421602787456,0.49361207897793263,75.05000000000007
BMS_k3_n100_m429_399,bms,BMS_k3_n100_m429,BMS_k3_n100_m429_399.cnf,100,301,3.01,3,0.0,9.03,3.1982964215344394,16,0.0,0.0,0.5149501661129569,0.48172757475083056,104.31000000000003
BMS_k3_n100_m429_467,bms,BMS_k3_n100_m429,BMS_k3_n100_m429_467.cnf,100,274,2.74,3,0.0,8.22,4.097755483188327,22,0.0,0.0,0.46715328467153283,0.5170316301703163,128.64000000000004
BMS_k3_n100_m429_161,bms,BMS_k3_n100_m429,BMS_k3_n100_m429_161.cnf,100,283,2.83,3,0.0,8.49,3.479928160178023,20,0.0,0.0,0.5265017667844523,0.4840989399293286,78.2
BMS_k3_n100_m429_287,bms,BMS_k3_n100_m429,BMS_k3_n100_m429_287.cnf,100,298,2.98,3,0.0,8.94,3.1010320862577347,18,0.0,0.0,0.5335570469798657,0.48769574944071586,182.74000000000007
BMS_k3_n100_m429_155,bms,BMS_k3_n100_m429,BMS_k3_n100_m429_155.cnf,100,295,2.95,3,0.0,8.85,3.326785235027954,19,0.0,0.0,0.5220338983050847,0.47909604519774013,63.64999999999999
BMS_k3_n100_m429_444,bms,BMS_k3_n100_m429,BMS_k3_n100_m429_444.cnf,100,286,2.86,3,0.0,8.58,3.479022851319031,18,0.0,0.0,0.5209790209790209,0.48834498834498835,280.23
BMS_k3_n100_m429_182,bms,BMS_k3_n100_m429,BMS_k3_n100_m429_182.cnf,100,286,2.86,3,0.0,8.58,3.3050869882652107,18,0.0,0.0,0.5209790209790209,0.49067599067599066,91.91999999999999
BMS_k3_n100_m429_86,bms,BMS_k3_n100_m429,BMS_k3_n100_m429_86.cnf,100,298,2.98,3,0.0,8.94,3.224344894703419,18,0.0,0.0,0.5302013422818792,0.4843400447427293,71.97000000000001
BMS_k3_n100_m429_265,bms,BMS_k3_n100_m429,BMS_k3_n100_m429_265.cnf,100,304,3.04,3,0.0,9.12,3.210233636357329,18,0.0,0.0,0.5,0.49122807017543857,90.44
BMS_k3_n100_m429_128,bms,BMS_k3_n100_m429,BMS_k3_n100_m429_128.cnf,100,280,2.8,3,0.0,8.4,3.411744421846396,16,0.0,0.0,0.5035714285714286,0.5095238095238095,164.92999999999998
BMS_k3_n100_m429_168,bms,BMS_k3_n100_m429,BMS_k3_n100_m429_168.cnf,100,290,2.9,3,0.0,8.7,3.5986108430893164,21,0.0,0.0,0.5103448275862069,0.4954022988505747,61.310000000000024
BMS_k3_n100_m429_0,bms,BMS_k3_n100_m429,BMS_k3_n100_m429_0.cnf,100,286,2.86,3,0.0,8.58,3.4239742989689628,24,0.0,0.0,0.4825174825174825,0.5116550116550117,120.78000000000002
BMS_k3_n100_m429_108,bms,BMS_k3_n100_m429,BMS_k3_n100_m429_108.cnf,100,287,2.87,3,0.0,8.61,3.149269756626129,16,0.0,0.0,0.49825783972125437,0.4959349593495935,221.21
BMS_k3_n100_m429_472,bms,BMS_k3_n100_m429,BMS_k3_n100_m429_472.cnf,100,292,2.92,3,0.0,8.76,3.4702161315975695,18,0.0,0.0,0.5,0.4828767123287671,343.24000000000007
BMS_k3_n100_m429_118,bms,BMS_k3_n100_m429,BMS_k3_n100_m429_118.cnf,100,303,3.03,3,0.0,9.09,2.860402069639861,17,0.0,0.0,0.5016501650165016,0.48624862486248627,124.06000000000004
BMS_k3_n100_m429_163,bms,BMS_k3_n100_m429,BMS_k3_n100_m429_163.cnf,100,288,2.88,3,0.0,8.64,3.5454759906111337,17,0.0,0.0,0.4548611111111111,0.5162037037037037,113.13
BMS_k3_n100_m429_262,bms,BMS_k3_n100_m429,BMS_k3_n100_m429_262.cnf,100,296,2.96,3,0.0,8.88,3.163162973986639,18,0.0,0.0,0.49324324324324326,0.5056306306306306,78.73
BMS_k3_n100_m429_216,bms,BMS_k3_n100_m429,BMS_k3_n100_m429_216.cnf,100,294,2.94,3,0.0,8.82,3.1380885902090143,17,0.0,0.0,0.48299319727891155,0.5068027210884354,94.40000000000009
BMS_k3_n100_m429_468,bms,BMS_k3_n100_m429,BMS_k3_n100_m429_468.cnf,100,293,2.93,3,0.0,8.79,3.2597392533759506,21,0.0,0.0,0.5051194539249146,0.5017064846416383,223.37000000000006
BMS_k3_n100_m429_272,bms,BMS_k3_n100_m429,BMS_k3_n100_m429_272.cnf,100,285,2.85,3,0.0,8.55,2.971110903349116,18,0.0,0.0,0.5228070175438596,0.4888888888888889,49.21999999999998
BMS_k3_n100_m429_148,bms,BMS_k3_n100_m429,BMS_k3_n100_m429_148.cnf,100,294,2.94,3,0.0,8.82,3.1634790974495153,18,0.0,0.0,0.5374149659863946,0.47845804988662133,85.94000000000003
BMS_k3_n100_m429_231,bms,BMS_k3_n100_m429,BMS_k3_n100_m429_231.cnf,100,273,2.73,3,0.0,8.19,3.540324843852609,19,0.0,0.0,0.5421245421245421,0.48595848595848595,39.670000000000016
BMS_k3_n100_m429_114,bms,BMS_k3_n100_m429,BMS_k3_n100_m429_114.cnf,100,279,2.79,3,0.0,8.37,3.2974383997278855,17,0.0,0.0,0.48028673835125446,0.5125448028673835,83.78
BMS_k3_n100_m429_282,bms,BMS_k3_n100_m429,BMS_k3_n100_m429_282.cnf,100,280,2.8,3,0.0,8.4,3.2310988842807022,16,0.0,0.0,0.5035714285714286,0.5059523809523809,114.93000000000002
BMS_k3_n100_m429_169,bms,BMS_k3_n100_m429,BMS_k3_n100_m429_169.cnf,100,280,2.8,3,0.0,8.4,3.340658617698013,16,0.0,0.0,0.5,0.5023809523809524,88.61000000000004
BMS_k3_n100_m429_94,bms,BMS_k3_n100_m429,BMS_k3_n100_m429_94.cnf,100,283,2.83,3,0.0,8.49,3.2046684695924474,16,0.0,0.0,0.508833922261484,0.4923439340400471,91.09000000000003
BMS_k3_n100_m429_334,bms,BMS_k3_n100_m429,BMS_k3_n100_m429_334.cnf,100,288,2.88,3,0.0,8.64,3.0708956348270777,16,0.0,0.0,0.5347222222222222,0.49189814814814814,58.81
BMS_k3_n100_m429_39,bms,BMS_k3_n100_m429,BMS_k3_n100_m429_39.cnf,100,288,2.88,3,0.0,8.64,3.290957307532263,19,0.0,0.0,0.5520833333333334,0.49074074074074076,140.42000000000002
BMS_k3_n100_m429_84,bms,BMS_k3_n100_m429,BMS_k3_n100_m429_84.cnf,100,298,2.98,3,0.0,8.94,3.1900470215970174,17,0.0,0.0,0.47651006711409394,0.5089485458612976,58.22000000000004
BMS_k3_n100_m429_17,bms,BMS_k3_n100_m429,BMS_k3_n100_m429_17.cnf,100,270,2.7,3,0.0,8.1,3.6918829883949464,20,0.0,0.0,0.5185185185185185,0.5024691358024691,87.72999999999999
BMS_k3_n100_m429_133,bms,BMS_k3_n100_m429,BMS_k3_n100_m429_133.cnf,100,293,2.93,3,0.0,8.79,3.4446915681959105,17,0.0,0.0,0.5051194539249146,0.5005688282138794,121.70000000000005
BMS_k3_n100_m429_55,bms,BMS_k3_n100_m429,BMS_k3_n100_m429_55.cnf,100,289,2.89,3,0.0,8.67,3.1876480357781034,21,0.0,0.0,0.4809688581314879,0.5074971164936563,129.15000000000003
BMS_k3_n100_m429_14,bms,BMS_k3_n100_m429,BMS_k3_n100_m429_14.cnf,100,288,2.88,3,0.0,8.64,2.9138290958805393,15,0.0,0.0,0.4861111111111111,0.5069444444444444,254.74000000000004
BMS_k3_n100_m429_312,bms,BMS_k3_n100_m429,BMS_k3_n100_m429_312.cnf,100,287,2.87,3,0.0,8.61,3.2152604871145356,17,0.0,0.0,0.47038327526132406,0.5110336817653891,76.82000000000005
BMS_k3_n100_m429_450,bms,BMS_k3_n100_m429,BMS_k3_n100_m429_450.cnf,100,290,2.9,3,0.0,8.7,3.374907406137241,17,0.0,0.0,0.5137931034482759,0.503448275862069,153.35999999999999
BMS_k3_n100_m429_415,bms,BMS_k3_n100_m429,BMS_k3_n100_m429_415.cnf,100,310,3.1,3,0.0,9.3,3.154362059117501,18,0.0,0.0,0.4806451612903226,0.5021505376344086,96.66000000000007
BMS_k3_n100_m429_405,bms,BMS_k3_n100_m429,BMS_k3_n100_m429_405.cnf,100,307,3.07,3,0.0,9.21,3.00431356552541,16,0.0,0.0,0.48534201954397393,0.509229098805646,129.63000000000008
BMS_k3_n100_m429_348,bms,BMS_k3_n100_m429,BMS_k3_n100_m429_348.cnf,100,306,3.06,3,0.0,9.18,2.961013340057758,15,0.0,0.0,0.5065359477124183,0.48474945533769065,126.54999999999998
BMS_k3_n100_m429_36,bms,BMS_k3_n100_m429,BMS_k3_n100_m429_36.cnf,100,289,2.89,3,0.0,8.67,3.3527749700807536,18,0.0,0.0,0.5190311418685121,0.5051903114186851,102.79999999999997
BMS_k3_n100_m429_384,bms,BMS_k3_n100_m429,BMS_k3_n100_m429_384.cnf,100,294,2.94,3,0.0,8.82,3.4303935634267972,18,0.0,0.0,0.48639455782312924,0.4931972789115646,272.21000000000015
BMS_k3_n100_m429_372,bms,BMS_k3_n100_m429,BMS_k3_n100_m429_372.cnf,100,303,3.03,3,0.0,9.09,3.4090907878787857,18,0.0,0.0,0.46864686468646866,0.517051705170517,178.0100000000001
BMS_k3_n100_m429_34,bms,BMS_k3_n100_m429,BMS_k3_n100_m429_34.cnf,100,292,2.92,3,0.0,8.76,3.0170183957012924,15,0.0,0.0,0.4931506849315068,0.5102739726027398,62.68000000000002
BMS_k3_n100_m429_160,bms,BMS_k3_n100_m429,BMS_k3_n100_m429_160.cnf,100,289,2.89,3,0.0,8.67,3.1338634303364272,16,0.0,0.0,0.5224913494809689,0.497116493656286,105.31000000000009
BMS_k3_n100_m429_59,bms,BMS_k3_n100_m429,BMS_k3_n100_m429_59.cnf,100,300,3.0,3,0.0,9.0,3.304542328371661,20,0.0,0.0,0.49333333333333335,0.5,132.90999999999997
BMS_k3_n100_m429_68,bms,BMS_k3_n100_m429,BMS_k3_n100_m429_68.cnf,100,299,2.99,3,0.0,8.97,3.442252169728418,17,0.0,0.0,0.49498327759197325,0.5072463768115942,84.28999999999999
BMS_k3_n100_m429_237,bms,BMS_k3_n100_m429,BMS_k3_n100_m429_237.cnf,100,297,2.97,3,0.0,8.91,2.929488009874763,19,0.0,0.0,0.4983164983164983,0.49607182940516276,104.91000000000005
BMS_k3_n100_m429_172,bms,BMS_k3_n100_m429,BMS_k3_n100_m429_172.cnf,100,289,2.89,3,0.0,8.67,3.7068989735356963,22,0.0,0.0,0.45674740484429066,0.5236447520184544,221.71
BMS_k3_n100_m429_79,bms,BMS_k3_n100_m429,BMS_k3_n100_m429_79.cnf,100,298,2.98,3,0.0,8.94,3.0127064244628947,18,0.0,0.0,0.5167785234899329,0.4843400447427293,179.17999999999998
BMS_k3_n100_m429_253,bms,BMS_k3_n100_m429,BMS_k3_n100_m429_253.cnf,100,291,2.91,3,0.0,8.73,3.30410350927449,15,0.0,0.0,0.5360824742268041,0.49713631156930127,190.13000000000002
BMS_k3_n100_m429_388,bms,BMS_k3_n100_m429,BMS_k3_n100_m429_388.cnf,100,289,2.89,3,0.0,8.67,3.3854246410162494,18,0.0,0.0,0.5224913494809689,0.4798154555940023,195.16000000000005
BMS_k3_n100_m429_18,bms,BMS_k3_n100_m429,BMS_k3_n100_m429_18.cnf,100,291,2.91,3,0.0,8.73,3.4694524063604044,18,0.0,0.0,0.5154639175257731,0.4948453608247423,155.39
BMS_k3_n100_m429_260,bms,BMS_k3_n100_m429,BMS_k3_n100_m429_260.cnf,100,293,2.93,3,0.0,8.79,3.6477253186061036,17,0.0,0.0,0.5290102389078498,0.4926052332195677,50.92000000000004
BMS_k3_n100_m429_471,bms,BMS_k3_n100_m429,BMS_k3_n100_m429_471.cnf,100,288,2.88,3,0.0,8.64,3.5763668715611376,17,0.0,0.0,0.4930555555555556,0.49074074074074076,105.21000000000002
BMS_k3_n100_m429_38,bms,BMS_k3_n100_m429,BMS_k3_n100_m429_38.cnf,100,307,3.07,3,0.0,9.21,3.191535680514946,18,0.0,0.0,0.5342019543973942,0.4809989142236699,50.050000000000004
BMS_k3_n100_m429_349,bms,BMS_k3_n100_m429,BMS_k3_n100_m429_349.cnf,100,294,2.94,3,0.0,8.82,2.8857581326230375,16,0.0,0.0,0.5136054421768708,0.5079365079365079,85.71000000000005
BMS_k3_n100_m429_441,bms,BMS_k3_n100_m429,BMS_k3_n100_m429_441.cnf,100,291,2.91,3,0.0,8.73,3.2430078630801993,18,0.0,0.0,0.46735395189003437,0.5177548682703322,110.63000000000002
BMS_k3_n100_m429_74,bms,BMS_k3_n100_m429,BMS_k3_n100_m429_74.cnf,100,282,2.82,3,0.0,8.46,3.550830888679437,18,0.0,0.0,0.5212765957446809,0.483451536643026,76.47
BMS_k3_n100_m429_424,bms,BMS_k3_n100_m429,BMS_k3_n100_m429_424.cnf,100,292,2.92,3,0.0,8.76,2.993726774440179,19,0.0,0.0,0.4554794520547945,0.5091324200913242,56.79000000000001
BMS_k3_n100_m429_390,bms,BMS_k3_n100_m429,BMS_k3_n100_m429_390.cnf,100,299,2.99,3,0.0,8.97,3.0048460859085613,15,0.0,0.0,0.4916387959866221,0.4882943143812709,158.69
BMS_k3_n100_m429_487,bms,BMS_k3_n100_m429,BMS_k3_n100_m429_487.cnf,100,283,2.83,3,0.0,8.49,3.299984848450065,16,0.0,0.0,0.5477031802120141,0.4734982332155477,98.72000000000006
BMS_k3_n100_m429_410,bms,BMS_k3_n100_m429,BMS_k3_n100_m429_410.cnf,100,279,2.79,3,0.0,8.37,3.848779027172124,16,0.0,0.0,0.5125448028673835,0.4910394265232975,63.31999999999997
BMS_k3_n100_m429_176,bms,BMS_k3_n100_m429,BMS_k3_n100_m429_176.cnf,100,292,2.92,3,0.0,8.76,2.9970652311886705,17,0.0,0.0,0.4726027397260274,0.5079908675799086,104.17000000000003
BMS_k3_n100_m429_166,bms,BMS_k3_n100_m429,BMS_k3_n100_m429_166.cnf,100,290,2.9,3,0.0,8.7,3.3331666624997918,18,0.0,0.0,0.5275862068965518,0.48160919540229885,386.2000000000002
BMS_k3_n100_m429_493,bms,BMS_k3_n100_m429,BMS_k3_n100_m429_493.cnf,100,304,3.04,3,0.0,9.12,3.5419768491620607,20,0.0,0.0,0.5131578947368421,0.4901315789473684,88.16000000000005
BMS_k3_n100_m429_111,bms,BMS_k3_n100_m429,BMS_k3_n100_m429_111.cnf,100,291,2.91,3,0.0,8.73,3.149142740493038,19,0.0,0.0,0.5051546391752577,0.49942726231386025,89.75000000000003
BMS_k3_n100_m429_322,bms,BMS_k3_n100_m429,BMS_k3_n100_m429_322.cnf,100,282,2.82,3,0.0,8.46,3.48832337950483,18,0.0,0.0,0.5283687943262412,0.49763593380614657,127.53000000000004
BMS_k3_n100_m429_489,bms,BMS_k3_n100_m429,BMS_k3_n100_m429_489.cnf,100,310,3.1,3,0.0,9.3,2.903446228191595,15,0.0,0.0,0.5290322580645161,0.48494623655913977,84.54000000000003
BMS_k3_n100_m429_115,bms,BMS_k3_n100_m429,BMS_k3_n100_m429_115.cnf,100,297,2.97,3,0.0,8.91,3.124403943154598,16,0.0,0.0,0.49158249158249157,0.500561167227834,70.26000000000002
BMS_k3_n100_m429_389,bms,BMS_k3_n100_m429,BMS_k3_n100_m429_389.cnf,100,295,2.95,3,0.0,8.85,2.92702921065028,19,0.0,0.0,0.49491525423728816,0.49830508474576274,35.82999999999999
BMS_k3_n100_m429_398,bms,BMS_k3_n100_m429,BMS_k3_n100_m429_398.cnf,100,272,2.72,3,0.0,8.16,3.54039545813741,18,0.0,0.0,0.5147058823529411,0.47794117647058826,64.78000000000002
BMS_k3_n100_m429_149,bms,BMS_k3_n100_m429,BMS_k3_n100_m429_149.cnf,100,276,2.76,3,0.0,8.28,3.1625306322627136,16,0.0,0.0,0.5144927536231884,0.5120772946859904,63.47000000000002
BMS_k3_n100_m429_37,bms,BMS_k3_n100_m429,BMS_k3_n100_m429_37.cnf,100,303,3.03,3,0.0,9.09,3.215882460538631,19,0.0,0.0,0.4884488448844885,0.5027502750275028,70.26000000000003
BMS_k3_n100_m429_304,bms,BMS_k3_n100_m429,BMS_k3_n100_m429_304.cnf,100,298,2.98,3,0.0,8.94,3.0391446164998466,16,0.0,0.0,0.4966442953020134,0.5212527964205816,84.05
BMS_k3_n100_m429_397,bms,BMS_k3_n100_m429,BMS_k3_n100_m429_397.cnf,100,285,2.85,3,0.0,8.55,3.5591431553114017,17,0.0,0.0,0.49473684210526314,0.5111111111111111,123.1700000000001
BMS_k3_n100_m429_217,bms,BMS_k3_n100_m429,BMS_k3_n100_m429_217.cnf,100,274,2.74,3,0.0,8.22,3.245242671973854,16,0.0,0.0,0.5328467153284672,0.49148418491484186,262.78
BMS_k3_n100_m429_221,bms,BMS_k3_n100_m429,BMS_k3_n100_m429_221.cnf,100,292,2.92,3,0.0,8.76,3.316986584235758,16,0.0,0.0,0.476027397260274,0.5171232876712328,163.56
BMS_k3_n100_m429_48,bms,BMS_k3_n100_m429,BMS_k3_n100_m429_48.cnf,100,300,3.0,3,0.0,9.0,2.9933259094191533,16,0.0,0.0,0.49666666666666665,0.5011111111111111,69.68000000000002
BMS_k3_n100_m429_40,bms,BMS_k3_n100_m429,BMS_k3_n100_m429_40.cnf,100,276,2.76,3,0.0,8.28,3.2127247003128048,17,0.0,0.0,0.5036231884057971,0.49879227053140096,151.06
BMS_k3_n100_m429_120,bms,BMS_k3_n100_m429,BMS_k3_n100_m429_120.cnf,100,286,2.86,3,0.0,8.58,3.429810490391561,18,0.0,0.0,0.5,0.493006993006993,120.43000000000006
BMS_k3_n100_m429_67,bms,BMS_k3_n100_m429,BMS_k3_n100_m429_67.cnf,100,288,2.88,3,0.0,8.64,2.981677380267691,18,0.0,0.0,0.4965277777777778,0.5011574074074074,193.26000000000002
BMS_k3_n100_m429_351,bms,BMS_k3_n100_m429,BMS_k3_n100_m429_351.cnf,100,303,3.03,3,0.0,9.09,3.237576253928238,18,0.0,0.0,0.5115511551155115,0.48954895489548955,73.26000000000003
BMS_k3_n100_m429_320,bms,BMS_k3_n100_m429,BMS_k3_n100_m429_320.cnf,100,290,2.9,3,0.0,8.7,3.2726136343907144,17,0.0,0.0,0.5241379310344828,0.4862068965517241,101.22000000000007
BMS_k3_n100_m429_311,bms,BMS_k3_n100_m429,BMS_k3_n100_m429_311.cnf,100,280,2.8,3,0.0,8.4,3.2031234756093934,17,0.0,0.0,0.5214285714285715,0.49404761904761907,209.68000000000004
BMS_k3_n100_m429_203,bms,BMS_k3_n100_m429,BMS_k3_n100_m429_203.cnf,100,300,3.0,3,0.0,9.0,2.7748873851023217,18,0.0,0.0,0.49333333333333335,0.49777777777777776,60.920000000000016
BMS_k3_n100_m429_136,bms,BMS_k3_n100_m429,BMS_k3_n100_m429_136.cnf,100,272,2.72,3,0.0,8.16,3.042104534693047,17,0.0,0.0,0.5551470588235294,0.4852941176470588,48.24999999999999
BMS_k3_n100_m429_297,bms,BMS_k3_n100_m429,BMS_k3_n100_m429_297.cnf,100,286,2.86,3,0.0,8.58,3.2990301605168755,16,0.0,0.0,0.486013986013986,0.506993006993007,393.8000000000001
BMS_k3_n100_m429_257,bms,BMS_k3_n100_m429,BMS_k3_n100_m429_257.cnf,100,288,2.88,3,0.0,8.64,3.366065953008051,16,0.0,0.0,0.5138888888888888,0.5104166666666666,87.95000000000005
BMS_k3_n100_m429_387,bms,BMS_k3_n100_m429,BMS_k3_n100_m429_387.cnf,100,292,2.92,3,0.0,8.76,3.225275182058114,17,0.0,0.0,0.5034246575342466,0.4920091324200913,307.92
BMS_k3_n100_m429_236,bms,BMS_k3_n100_m429,BMS_k3_n100_m429_236.cnf,100,302,3.02,3,0.0,9.06,3.242899936784976,18,0.0,0.0,0.5198675496688742,0.4878587196467991,47.390000000000015
BMS_k3_n100_m429_306,bms,BMS_k3_n100_m429,BMS_k3_n100_m429_306.cnf,100,283,2.83,3,0.0,8.49,3.47417616133667,20,0.0,0.0,0.519434628975265,0.4958775029446408,330.67
BMS_k3_n100_m429_302,bms,BMS_k3_n100_m429,BMS_k3_n100_m429_302.cnf,100,288,2.88,3,0.0,8.64,3.0050623953588715,17,0.0,0.0,0.5173611111111112,0.49074074074074076,65.74000000000004
BMS_k3_n100_m429_474,bms,BMS_k3_n100_m429,BMS_k3_n100_m429_474.cnf,100,281,2.81,3,0.0,8.43,3.59792996040779,18,0.0,0.0,0.4804270462633452,0.5124555160142349,122.32000000000002
BMS_k3_n100_m429_281,bms,BMS_k3_n100_m429,BMS_k3_n100_m429_281.cnf,100,298,2.98,3,0.0,8.94,3.042433236736675,18,0.0,0.0,0.4597315436241611,0.5167785234899329,96.78000000000006
BMS_k3_n100_m429_211,bms,BMS_k3_n100_m429,BMS_k3_n100_m429_211.cnf,100,289,2.89,3,0.0,8.67,3.331831328263782,17,0.0,0.0,0.5294117647058824,0.48788927335640137,100.13000000000002
BMS_k3_n100_m429_395,bms,BMS_k3_n100_m429,BMS_k3_n100_m429_395.cnf,100,296,2.96,3,0.0,8.88,3.6311981493716368,20,0.0,0.0,0.5,0.5056306306306306,97.50000000000004
BMS_k3_n100_m429_126,bms,BMS_k3_n100_m429,BMS_k3_n100_m429_126.cnf,100,298,2.98,3,0.0,8.94,2.855941175864797,16,0.0,0.0,0.5268456375838926,0.49217002237136465,104.63000000000008
BMS_k3_n100_m429_20,bms,BMS_k3_n100_m429,BMS_k3_n100_m429_20.cnf,100,279,2.79,3,0.0,8.37,3.520383501836128,18,0.0,0.0,0.5232974910394266,0.4838709677419355,58.169999999999995
BMS_k3_n100_m429_72,bms,BMS_k3_n100_m429,BMS_k3_n100_m429_72.cnf,100,294,2.94,3,0.0,8.82,2.8926804178823486,15,0.0,0.0,0.5136054421768708,0.48639455782312924,130.35000000000002
BMS_k3_n100_m429_342,bms,BMS_k3_n100_m429,BMS_k3_n100_m429_342.cnf,100,280,2.8,3,0.0,8.4,3.165438358268883,20,0.0,0.0,0.5464285714285714,0.4726190476190476,60.47
BMS_k3_n100_m429_224,bms,BMS_k3_n100_m429,BMS_k3_n100_m429_224.cnf,100,304,3.04,3,0.0,9.12,3.175783367926723,18,0.0,0.0,0.48026315789473684,0.5120614035087719,80.06000000000002
BMS_k3_n100_m429_15,bms,BMS_k3_n100_m429,BMS_k3_n100_m429_15.cnf,100,268,2.68,3,0.0,8.04,3.911316913777251,17,0.0,0.0,0.48880597014925375,0.5099502487562189,131.97000000000003
BMS_k3_n100_m429_271,bms,BMS_k3_n100_m429,BMS_k3_n100_m429_271.cnf,100,292,2.92,3,0.0,8.76,3.215960198758685,16,0.0,0.0,0.4965753424657534,0.5045662100456622,120.07000000000002
BMS_k3_n100_m429_12,bms,BMS_k3_n100_m429,BMS_k3_n100_m429_12.cnf,100,301,3.01,3,0.0,9.03,3.1700315455843655,20,0.0,0.0,0.5049833887043189,0.48283499446290146,266.27
BMS_k3_n100_m429_113,bms,BMS_k3_n100_m429,BMS_k3_n100_m429_113.cnf,100,299,2.99,3,0.0,8.97,3.086924035346513,17,0.0,0.0,0.5150501672240803,0.496098104793757,163.87999999999997
BMS_k3_n100_m429_337,bms,BMS_k3_n100_m429,BMS_k3_n100_m429_337.cnf,100,276,2.76,3,0.0,8.28,3.429518916699542,15,0.0,0.0,0.45652173913043476,0.5108695652173914,91.44000000000003
BMS_k3_n100_m429_158,bms,BMS_k3_n100_m429,BMS_k3_n100_m429_158.cnf,100,284,2.84,3,0.0,8.52,3.4335986952467232,18,0.0,0.0,0.49295774647887325,0.5,135.24000000000004
BMS_k3_n100_m429_286,bms,BMS_k3_n100_m429,BMS_k3_n100_m429_286.cnf,100,288,2.88,3,0.0,8.64,3.398587942072413,20,0.0,0.0,0.46875,0.5081018518518519,119.44000000000004
BMS_k3_n100_m429_80,bms,BMS_k3_n100_m429,BMS_k3_n100_m429_80.cnf,100,288,2.88,3,0.0,8.64,3.31215941645326,18,0.0,0.0,0.4930555555555556,0.4930555555555556,292.02000000000004
BMS_k3_n100_m429_183,bms,BMS_k3_n100_m429,BMS_k3_n100_m429_183.cnf,100,281,2.81,3,0.0,8.43,3.3143777696575265,15,0.0,0.0,0.47686832740213525,0.4958481613285884,79.39000000000006
BMS_k3_n100_m429_326,bms,BMS_k3_n100_m429,BMS_k3_n100_m429_326.cnf,100,292,2.92,3,0.0,8.76,3.1404458282224836,17,0.0,0.0,0.5445205479452054,0.4851598173515982,68.77000000000008
BMS_k3_n100_m429_338,bms,BMS_k3_n100_m429,BMS_k3_n100_m429_338.cnf,100,287,2.87,3,0.0,8.61,3.641139931395112,20,0.0,0.0,0.49825783972125437,0.4831591173054588,181.91000000000003
BMS_k3_n100_m429_119,bms,BMS_k3_n100_m429,BMS_k3_n100_m429_119.cnf,100,295,2.95,3,0.0,8.85,3.1316928329579197,15,0.0,0.0,0.5288135593220339,0.4858757062146893,65.59
BMS_k3_n100_m429_299,bms,BMS_k3_n100_m429,BMS_k3_n100_m429_299.cnf,100,270,2.7,3,0.0,8.1,3.3808283008753937,18,0.0,0.0,0.48518518518518516,0.5061728395061729,279.39000000000004
BMS_k3_n100_m429_333,bms,BMS_k3_n100_m429,BMS_k3_n100_m429_333.cnf,100,283,2.83,3,0.0,8.49,3.2046684695924474,18,0.0,0.0,0.5229681978798587,0.5017667844522968,100.38000000000002
BMS_k3_n100_m429_482,bms,BMS_k3_n100_m429,BMS_k3_n100_m429_482.cnf,100,287,2.87,3,0.0,8.61,3.3908553493182216,18,0.0,0.0,0.5121951219512195,0.4912891986062718,100.83000000000004
BMS_k3_n100_m429_102,bms,BMS_k3_n100_m429,BMS_k3_n100_m429_102.cnf,100,283,2.83,3,0.0,8.49,3.3481188748310595,16,0.0,0.0,0.47703180212014135,0.502944640753828,117.87000000000006
BMS_k3_n100_m429_202,bms,BMS_k3_n100_m429,BMS_k3_n100_m429_202.cnf,100,290,2.9,3,0.0,8.7,3.366006535941367,21,0.0,0.0,0.4827586206896552,0.5114942528735632,142.16000000000005
BMS_k3_n100_m429_139,bms,BMS_k3_n100_m429,BMS_k3_n100_m429_139.cnf,100,291,2.91,3,0.0,8.73,3.30410350927449,19,0.0,0.0,0.5154639175257731,0.4879725085910653,108.3
BMS_k3_n100_m429_112,bms,BMS_k3_n100_m429,BMS_k3_n100_m429_112.cnf,100,277,2.77,3,0.0,8.31,3.279313952643144,19,0.0,0.0,0.48736462093862815,0.5054151624548736,210.82000000000002
BMS_k3_n100_m429_65,bms,BMS_k3_n100_m429,BMS_k3_n100_m429_65.cnf,100,288,2.88,3,0.0,8.64,3.106509295012651,16,0.0,0.0,0.4965277777777778,0.5162037037037037,198.97000000000008
BMS_k3_n100_m429_42,bms,BMS_k3_n100_m429,BMS_k3_n100_m429_42.cnf,100,291,2.91,3,0.0,8.73,3.6410300740312485,16,0.0,0.0,0.5017182130584192,0.4925544100801833,277.57000000000005
BMS_k3_n100_m429_100,bms,BMS_k3_n100_m429,BMS_k3_n100_m429_100.cnf,100,308,3.08,3,0.0,9.24,3.026945655276949,19,0.0,0.0,0.4707792207792208,0.512987012987013,60.61000000000002
BMS_k3_n100_m429_295,bms,BMS_k3_n100_m429,BMS_k3_n100_m429_295.cnf,100,275,2.75,3,0.0,8.25,3.7745860700214533,20,0.0,0.0,0.5236363636363637,0.4824242424242424,78.75999999999999
BMS_k3_n100_m429_463,bms,BMS_k3_n100_m429,BMS_k3_n100_m429_463.cnf,100,305,3.05,3,0.0,9.15,3.1476181471074285,20,0.0,0.0,0.5016393442622951,0.5060109289617486,79.35
BMS_k3_n100_m429_152,bms,BMS_k3_n100_m429,BMS_k3_n100_m429_152.cnf,100,305,3.05,3,0.0,9.15,3.1220986531498327,21,0.0,0.0,0.521311475409836,0.5016393442622951,93.58999999999999
BMS_k3_n100_m429_198,bms,BMS_k3_n100_m429,BMS_k3_n100_m429_198.cnf,100,283,2.83,3,0.0,8.49,3.47417616133667,17,0.0,0.0,0.5123674911660777,0.4876325088339223,254.33000000000007
BMS_k3_n100_m429_385,bms,BMS_k3_n100_m429,BMS_k3_n100_m429_385.cnf,100,293,2.93,3,0.0,8.79,3.4417873263756436,19,0.0,0.0,0.5085324232081911,0.4937428896473265,145.00000000000003
BMS_k3_n100_m429_484,bms,BMS_k3_n100_m429,BMS_k3_n100_m429_484.cnf,100,293,2.93,3,0.0,8.79,3.5532942461890205,18,0.0,0.0,0.48464163822525597,0.5073947667804323,233.38000000000002
BMS_k3_n100_m429_124,bms,BMS_k3_n100_m429,BMS_k3_n100_m429_124.cnf,100,311,3.11,3,0.0,9.33,3.036626417589098,17,0.0,0.0,0.5176848874598071,0.49517684887459806,113.74000000000002
BMS_k3_n100_m429_492,bms,BMS_k3_n100_m429,BMS_k3_n100_m429_492.cnf,100,301,3.01,3,0.0,9.03,3.0445196665484033,15,0.0,0.0,0.5049833887043189,0.5005537098560354,166.04000000000005
BMS_k3_n100_m429_73,bms,BMS_k3_n100_m429,BMS_k3_n100_m429_73.cnf,100,290,2.9,3,0.0,8.7,3.087069808086626,16,0.0,0.0,0.5172413793103449,0.5011494252873563,218.10000000000008
BMS_k3_n100_m429_121,bms,BMS_k3_n100_m429,BMS_k3_n100_m429_121.cnf,100,291,2.91,3,0.0,8.73,3.3995735026617675,18,0.0,0.0,0.4742268041237113,0.5108820160366552,164.25
BMS_k3_n100_m429_104,bms,BMS_k3_n100_m429,BMS_k3_n100_m429_104.cnf,100,311,3.11,3,0.0,9.33,3.108231008145952,17,0.0,0.0,0.4630225080385852,0.5187566988210075,100.99000000000002
BMS_k3_n100_m429_57,bms,BMS_k3_n100_m429,BMS_k3_n100_m429_57.cnf,100,313,3.13,3,0.0,9.39,3.0623357098789805,16,0.0,0.0,0.4728434504792332,0.5282215122470714,198.28000000000003
BMS_k3_n100_m429_196,bms,BMS_k3_n100_m429,BMS_k3_n100_m429_196.cnf,100,289,2.89,3,0.0,8.67,3.7843229249100823,19,0.0,0.0,0.5397923875432526,0.5005767012687428,47.50999999999999
BMS_k3_n100_m429_131,bms,BMS_k3_n100_m429,BMS_k3_n100_m429_131.cnf,100,304,3.04,3,0.0,9.12,3.089595442772403,15,0.0,0.0,0.5361842105263158,0.4901315789473684,154.6500000000001
BMS_k3_n100_m429_24,bms,BMS_k3_n100_m429,BMS_k3_n100_m429_24.cnf,100,296,2.96,3,0.0,8.88,3.1217943558152577,16,0.0,0.0,0.5472972972972973,0.48423423423423423,217.20999999999998
BMS_k3_n100_m429_9,bms,BMS_k3_n100_m429,BMS_k3_n100_m429_9.cnf,100,301,3.01,3,0.0,9.03,3.362900533765458,18,0.0,0.0,0.4983388704318937,0.512735326688815,76.58000000000003
BMS_k3_n100_m429_204,bms,BMS_k3_n100_m429,BMS_k3_n100_m429_204.cnf,100,290,2.9,3,0.0,8.7,3.093541659651604,19,0.0,0.0,0.5482758620689655,0.4827586206896552,114.79000000000005
BMS_k3_n100_m429_200,bms,BMS_k3_n100_m429,BMS_k3_n100_m429_200.cnf,100,290,2.9,3,0.0,8.7,3.640054944640259,17,0.0,0.0,0.5310344827586206,0.4885057471264368,168.44000000000005
BMS_k3_n100_m429_256,bms,BMS_k3_n100_m429,BMS_k3_n100_m429_256.cnf,100,284,2.84,3,0.0,8.52,3.336105513918887,17,0.0,0.0,0.4964788732394366,0.5105633802816901,151.33000000000004
BMS_k3_n100_m429_434,bms,BMS_k3_n100_m429,BMS_k3_n100_m429_434.cnf,100,284,2.84,3,0.0,8.52,3.269495373907111,17,0.0,0.0,0.5105633802816901,0.49765258215962443,298.5600000000001
BMS_k3_n100_m429_261,bms,BMS_k3_n100_m429,BMS_k3_n100_m429_261.cnf,100,301,3.01,3,0.0,9.03,2.923884402639749,15,0.0,0.0,0.5149501661129569,0.49612403100775193,109.17000000000003
BMS_k3_n100_m429_228,bms,BMS_k3_n100_m429,BMS_k3_n100_m429_228.cnf,100,299,2.99,3,0.0,8.97,2.74392055278574,17,0.0,0.0,0.4816053511705686,0.4972129319955407,153.73000000000013
BMS_k3_n100_m429_430,bms,BMS_k3_n100_m429,BMS_k3_n100_m429_430.cnf,100,305,3.05,3,0.0,9.15,3.1156861202630792,17,0.0,0.0,0.49508196721311476,0.49508196721311476,85.89000000000003
BMS_k3_n100_m429_45,bms,BMS_k3_n100_m429,BMS_k3_n100_m429_45.cnf,100,278,2.78,3,0.0,8.34,3.2809145066581666,16,0.0,0.0,0.4748201438848921,0.5155875299760192,187.06000000000003
BMS_k3_n100_m429_274,bms,BMS_k3_n100_m429,BMS_k3_n100_m429_274.cnf,100,280,2.8,3,0.0,8.4,3.6193922141707717,17,0.0,0.0,0.5035714285714286,0.4928571428571429,74.91000000000005
BMS_k3_n100_m429_462,bms,BMS_k3_n100_m429,BMS_k3_n100_m429_462.cnf,100,285,2.85,3,0.0,8.55,3.6588932752951404,23,0.0,0.0,0.5263157894736842,0.495906432748538,99.42000000000003
BMS_k3_n100_m429_346,bms,BMS_k3_n100_m429,BMS_k3_n100_m429_346.cnf,100,278,2.78,3,0.0,8.34,3.3592261013513216,16,0.0,0.0,0.5143884892086331,0.49760191846522783,69.80000000000001
BMS_k3_n100_m429_58,bms,BMS_k3_n100_m429,BMS_k3_n100_m429_58.cnf,100,290,2.9,3,0.0,8.7,3.556683848755748,16,0.0,0.0,0.49310344827586206,0.5057471264367817,59.129999999999995
BMS_k3_n100_m429_225,bms,BMS_k3_n100_m429,BMS_k3_n100_m429_225.cnf,100,306,3.06,3,0.0,9.18,3.1697949460493495,17,0.0,0.0,0.4869281045751634,0.5054466230936819,325.5
BMS_k3_n100_m429_427,bms,BMS_k3_n100_m429,BMS_k3_n100_m429_427.cnf,100,279,2.79,3,0.0,8.37,3.4947245957299695,17,0.0,0.0,0.46953405017921146,0.5113500597371565,25.289999999999974
BMS_k3_n100_m429_159,bms,BMS_k3_n100_m429,BMS_k3_n100_m429_159.cnf,100,303,3.03,3,0.0,9.09,3.0597222096131538,15,0.0,0.0,0.48184818481848185,0.5159515951595159,134.82000000000005
BMS_k3_n100_m429_288,bms,BMS_k3_n100_m429,BMS_k3_n100_m429_288.cnf,100,283,2.83,3,0.0,8.49,3.5622885902183725,22,0.0,0.0,0.5618374558303887,0.4746760895170789,156.39000000000007
BMS_k3_n100_m429_25,bms,BMS_k3_n100_m429,BMS_k3_n100_m429_25.cnf,100,291,2.91,3,0.0,8.73,3.7332425584202267,19,0.0,0.0,0.49140893470790376,0.4959908361970218,176.31
BMS_k3_n100_m429_93,bms,BMS_k3_n100_m429,BMS_k3_n100_m429_93.cnf,100,289,2.89,3,0.0,8.67,3.2895440413528436,15,0.0,0.0,0.4844290657439446,0.49596309111880044,130.11000000000004
BMS_k3_n100_m429_436,bms,BMS_k3_n100_m429,BMS_k3_n100_m429_436.cnf,100,299,2.99,3,0.0,8.97,3.3509849298377934,18,0.0,0.0,0.4916387959866221,0.5117056856187291,275.57
BMS_k3_n100_m429_459,bms,BMS_k3_n100_m429,BMS_k3_n100_m429_459.cnf,100,289,2.89,3,0.0,8.67,3.2405400784437153,15,0.0,0.0,0.49480968858131485,0.5086505190311419,65.48000000000005
BMS_k3_n100_m429_343,bms,BMS_k3_n100_m429,BMS_k3_n100_m429_343.cnf,100,308,3.08,3,0.0,9.24,3.1244839573920045,21,0.0,0.0,0.4967532467532468,0.4989177489177489,203.85000000000002
BMS_k3_n100_m429_197,bms,BMS_k3_n100_m429,BMS_k3_n100_m429_197.cnf,100,278,2.78,3,0.0,8.34,3.5134598332697644,17,0.0,0.0,0.49280575539568344,0.5059952038369304,125.77000000000001
BMS_k3_n100_m429_321,bms,BMS_k3_n100_m429,BMS_k3_n100_m429_321.cnf,100,294,2.94,3,0.0,8.82,3.269189502001987,17,0.0,0.0,0.48639455782312924,0.5102040816326531,135.07999999999998
BMS_k3_n100_m429_229,bms,BMS_k3_n100_m429,BMS_k3_n100_m429_229.cnf,100,297,2.97,3,0.0,8.91,3.3618298588715043,17,0.0,0.0,0.494949494949495,0.5016835016835017,76.53999999999999
BMS_k3_n100_m429_181,bms,BMS_k3_n100_m429,BMS_k3_n100_m429_181.cnf,100,279,2.79,3,0.0,8.37,3.3185991020308556,18,0.0,0.0,0.4982078853046595,0.5029868578255675,112.41000000000003
BMS_k3_n100_m429_235,bms,BMS_k3_n100_m429,BMS_k3_n100_m429_235.cnf,100,313,3.13,3,0.0,9.39,3.1871460587804883,18,0.0,0.0,0.4728434504792332,0.49201277955271566,112.53000000000002
BMS_k3_n100_m429_429,bms,BMS_k3_n100_m429,BMS_k3_n100_m429_429.cnf,100,268,2.68,3,0.0,8.04,3.72,19,0.0,0.0,0.5,0.4962686567164179,107.15
BMS_k3_n100_m429_7,bms,BMS_k3_n100_m429,BMS_k3_n100_m429_7.cnf,100,284,2.84,3,0.0,8.52,3.661912068851463,17,0.0,0.0,0.4894366197183099,0.49765258215962443,83.20000000000005
BMS_k3_n100_m429_173,bms,BMS_k3_n100_m429,BMS_k3_n100_m429_173.cnf,100,299,2.99,3,0.0,8.97,3.1191505253834735,20,0.0,0.0,0.4916387959866221,0.5016722408026756,53.22000000000003
BMS_k3_n100_m429_319,bms,BMS_k3_n100_m429,BMS_k3_n100_m429_319.cnf,100,300,3.0,3,0.0,9.0,2.9189039038652846,17,0.0,0.0,0.51,0.49444444444444446,79.01000000000003
BMS_k3_n100_m429_247,bms,BMS_k3_n100_m429,BMS_k3_n100_m429_247.cnf,100,265,2.65,3,0.0,7.95,3.427462618322773,14,0.0,0.0,0.4679245283018868,0.5094339622641509,60.660000000000025
BMS_k3_n100_m429_245,bms,BMS_k3_n100_m429,BMS_k3_n100_m429_245.cnf,100,307,3.07,3,0.0,9.21,2.9027400848164135,16,0.0,0.0,0.5472312703583062,0.48751357220412594,67.89999999999999
BMS_k3_n100_m429_278,bms,BMS_k3_n100_m429,BMS_k3_n100_m429_278.cnf,100,295,2.95,3,0.0,8.85,3.317755265235819,16,0.0,0.0,0.5491525423728814,0.47909604519774013,95.62000000000003
BMS_k3_n100_m429_303,bms,BMS_k3_n100_m429,BMS_k3_n100_m429_303.cnf,100,262,2.62,3,0.0,7.86,3.4612714426926994,19,0.0,0.0,0.5152671755725191,0.49236641221374045,65.49000000000001
BMS_k3_n100_m429_165,bms,BMS_k3_n100_m429,BMS_k3_n100_m429_165.cnf,100,294,2.94,3,0.0,8.82,2.977851574541619,16,0.0,0.0,0.47959183673469385,0.5079365079365079,89.85999999999999
BMS_k3_n100_m429_8,bms,BMS_k3_n100_m429,BMS_k3_n100_m429_8.cnf,100,298,2.98,3,0.0,8.94,3.3371245107127785,16,0.0,0.0,0.47651006711409394,0.5111856823266219,126.23000000000003
BMS_k3_n100_m429_420,bms,BMS_k3_n100_m429,BMS_k3_n100_m429_420.cnf,100,306,3.06,3,0.0,9.18,3.2477068833255256,17,0.0,0.0,0.47058823529411764,0.5,122.61000000000006
BMS_k3_n100_m429_323,bms,BMS_k3_n100_m429,BMS_k3_n100_m429_323.cnf,100,289,2.89,3,0.0,8.67,3.622305895420761,18,0.0,0.0,0.4844290657439446,0.5190311418685121,115.77
BMS_k3_n100_m429_205,bms,BMS_k3_n100_m429,BMS_k3_n100_m429_205.cnf,100,270,2.7,3,0.0,8.1,3.6482872693909396,17,0.0,0.0,0.4888888888888889,0.5111111111111111,75.77000000000002
BMS_k3_n100_m429_378,bms,BMS_k3_n100_m429,BMS_k3_n100_m429_378.cnf,100,293,2.93,3,0.0,8.79,3.1946674318307373,17,0.0,0.0,0.552901023890785,0.4664391353811149,45.37000000000004
BMS_k3_n100_m429_368,bms,BMS_k3_n100_m429,BMS_k3_n100_m429_368.cnf,100,308,3.08,3,0.0,9.24,3.2988482838712057,17,0.0,0.0,0.5162337662337663,0.5097402597402597,71.86000000000001
BMS_k3_n100_m429_328,bms,BMS_k3_n100_m429,BMS_k3_n100_m429_328.cnf,100,293,2.93,3,0.0,8.79,3.172680254926424,16,0.0,0.0,0.5324232081911263,0.4869169510807736,135.49
BMS_k3_n100_m429_417,bms,BMS_k3_n100_m429,BMS_k3_n100_m429_417.cnf,100,302,3.02,3,0.0,9.06,2.8976542236781806,16,0.0,0.0,0.45695364238410596,0.5132450331125827,127.40000000000003
BMS_k3_n100_m429_458,bms,BMS_k3_n100_m429,BMS_k3_n100_m429_458.cnf,100,286,2.86,3,0.0,8.58,3.368026128164685,16,0.0,0.0,0.479020979020979,0.506993006993007,95.83000000000003
BMS_k3_n100_m429_300,bms,BMS_k3_n100_m429,BMS_k3_n100_m429_300.cnf,100,282,2.82,3,0.0,8.46,3.6150242046215957,17,0.0,0.0,0.5106382978723404,0.49527186761229314,123.79
BMS_k3_n100_m429_416,bms,BMS_k3_n100_m429,BMS_k3_n100_m429_416.cnf,100,296,2.96,3,0.0,8.88,2.885411582426327,19,0.0,0.0,0.49324324324324326,0.5067567567567568,53.86000000000003
BMS_k3_n100_m429_309,bms,BMS_k3_n100_m429,BMS_k3_n100_m429_309.cnf,100,283,2.83,3,0.0,8.49,3.5227687974092197,23,0.0,0.0,0.47703180212014135,0.5170789163722026,144.09000000000003
BMS_k3_n100_m429_442,bms,BMS_k3_n100_m429,BMS_k3_n100_m429_442.cnf,100,305,3.05,3,0.0,9.15,3.191786333700926,16,0.0,0.0,0.5147540983606558,0.4972677595628415,289.2100000000001
BMS_k3_n100_m429_345,bms,BMS_k3_n100_m429,BMS_k3_n100_m429_345.cnf,100,293,2.93,3,0.0,8.79,3.4793533882030436,20,0.0,0.0,0.48464163822525597,0.5039817974971559,247.51000000000008
BMS_k3_n100_m429_130,bms,BMS_k3_n100_m429,BMS_k3_n100_m429_130.cnf,100,272,2.72,3,0.0,8.16,3.5964426868782438,16,0.0,0.0,0.4963235294117647,0.5,50.93000000000001
BMS_k3_n100_m429_275,bms,BMS_k3_n100_m429,BMS_k3_n100_m429_275.cnf,100,298,2.98,3,0.0,8.94,3.300969554539999,18,0.0,0.0,0.5234899328859061,0.47874720357941836,167.79000000000005
BMS_k3_n100_m429_223,bms,BMS_k3_n100_m429,BMS_k3_n100_m429_223.cnf,100,303,3.03,3,0.0,9.09,3.101918761025182,15,0.0,0.0,0.5148514851485149,0.48624862486248627,87.34000000000002
BMS_k3_n100_m429_426,bms,BMS_k3_n100_m429,BMS_k3_n100_m429_426.cnf,100,293,2.93,3,0.0,8.79,2.808184466875351,17,0.0,0.0,0.5051194539249146,0.4891922639362912,82.52000000000002
BMS_k3_n100_m429_318,bms,BMS_k3_n100_m429,BMS_k3_n100_m429_318.cnf,100,279,2.79,3,0.0,8.37,3.5402118580672544,19,0.0,0.0,0.5017921146953405,0.4982078853046595,69.26000000000002
BMS_k3_n100_m429_494,bms,BMS_k3_n100_m429,BMS_k3_n100_m429_494.cnf,100,279,2.79,3,0.0,8.37,3.2822400887198975,17,0.0,0.0,0.5089605734767025,0.4994026284348865,76.88000000000001
BMS_k3_n100_m429_356,bms,BMS_k3_n100_m429,BMS_k3_n100_m429_356.cnf,100,303,3.03,3,0.0,9.09,3.092232203441391,18,0.0,0.0,0.5181518151815182,0.49834983498349833,174.76999999999995
BMS_k3_n100_m429_151,bms,BMS_k3_n100_m429,BMS_k3_n100_m429_151.cnf,100,277,2.77,3,0.0,8.31,3.233249139797303,17,0.0,0.0,0.5342960288808665,0.4981949458483754,70.81000000000004
BMS_k3_n100_m429_199,bms,BMS_k3_n100_m429,BMS_k3_n100_m429_199.cnf,100,275,2.75,3,0.0,8.25,3.2476914878109957,17,0.0,0.0,0.5236363636363637,0.49454545454545457,118.25
BMS_k3_n100_m429_179,bms,BMS_k3_n100_m429,BMS_k3_n100_m429_179.cnf,100,285,2.85,3,0.0,8.55,3.2322592717787972,18,0.0,0.0,0.47368421052631576,0.5087719298245614,120.41000000000004
BMS_k3_n100_m429_491,bms,BMS_k3_n100_m429,BMS_k3_n100_m429_491.cnf,100,291,2.91,3,0.0,8.73,3.2858940944589192,18,0.0,0.0,0.5085910652920962,0.4868270332187858,145.32000000000005
BMS_k3_n100_m429_103,bms,BMS_k3_n100_m429,BMS_k3_n100_m429_103.cnf,100,301,3.01,3,0.0,9.03,3.3240186521739012,17,0.0,0.0,0.4717607973421927,0.5049833887043189,61.46000000000002
BMS_k3_n100_m429_422,bms,BMS_k3_n100_m429,BMS_k3_n100_m429_422.cnf,100,286,2.86,3,0.0,8.58,3.06,17,0.0,0.0,0.48951048951048953,0.493006993006993,83.22000000000003
BMS_k3_n100_m429_41,bms,BMS_k3_n100_m429,BMS_k3_n100_m429_41.cnf,100,305,3.05,3,0.0,9.15,3.2691742076555053,18,0.0,0.0,0.5245901639344263,0.4961748633879781,104.74
BMS_k3_n100_m429_402,bms,BMS_k3_n100_m429,BMS_k3_n100_m429_402.cnf,100,290,2.9,3,0.0,8.7,2.9614185789921694,16,0.0,0.0,0.506896551724138,0.49885057471264366,139.03000000000003
BMS_k3_n100_m429_240,bms,BMS_k3_n100_m429,BMS_k3_n100_m429_240.cnf,100,291,2.91,3,0.0,8.73,2.9558585893103886,18,0.0,0.0,0.4948453608247423,0.5108820160366552,64.53000000000004
BMS_k3_n100_m429_233,bms,BMS_k3_n100_m429,BMS_k3_n100_m429_233.cnf,100,295,2.95,3,0.0,8.85,3.080178566252288,17,0.0,0.0,0.49830508474576274,0.5028248587570622,108.78000000000006
BMS_k3_n100_m429_258,bms,BMS_k3_n100_m429,BMS_k3_n100_m429_258.cnf,100,306,3.06,3,0.0,9.18,3.1603164398521866,17,0.0,0.0,0.5261437908496732,0.4891067538126362,145.96
BMS_k3_n100_m429_452,bms,BMS_k3_n100_m429,BMS_k3_n100_m429_452.cnf,100,293,2.93,3,0.0,8.79,3.0109633010051784,17,0.0,0.0,0.49829351535836175,0.5130830489192264,241.57999999999998
BMS_k3_n100_m429_264,bms,BMS_k3_n100_m429,BMS_k3_n100_m429_264.cnf,100,286,2.86,3,0.0,8.58,3.4268936371005156,21,0.0,0.0,0.46153846153846156,0.5151515151515151,76.82000000000001
BMS_k3_n100_m429_53,bms,BMS_k3_n100_m429,BMS_k3_n100_m429_53.cnf,100,297,2.97,3,0.0,8.91,2.7680137282896555,17,0.0,0.0,0.5420875420875421,0.48035914702581367,100.07000000000002
BMS_k3_n100_m429_107,bms,BMS_k3_n100_m429,BMS_k3_n100_m429_107.cnf,100,269,2.69,3,0.0,8.07,3.7155214977173796,16,0.0,0.0,0.4944237918215613,0.5105328376703842,60.04000000000001
BMS_k3_n100_m429_440,bms,BMS_k3_n100_m429,BMS_k3_n100_m429_440.cnf,100,295,2.95,3,0.0,8.85,3.404041715373065,19,0.0,0.0,0.4847457627118644,0.5028248587570622,203.76000000000008
BMS_k3_n100_m429_191,bms,BMS_k3_n100_m429,BMS_k3_n100_m429_191.cnf,100,284,2.84,3,0.0,8.52,3.545363168985654,18,0.0,0.0,0.47183098591549294,0.5035211267605634,118.47000000000006
BMS_k3_n100_m429_171,bms,BMS_k3_n100_m429,BMS_k3_n100_m429_171.cnf,100,299,2.99,3,0.0,8.97,3.2138917218848553,17,0.0,0.0,0.4816053511705686,0.49498327759197325,75.63000000000005
BMS_k3_n100_m429_132,bms,BMS_k3_n100_m429,BMS_k3_n100_m429_132.cnf,100,288,2.88,3,0.0,8.64,3.1733893552477923,17,0.0,0.0,0.4965277777777778,0.5046296296296297,94.82000000000004
BMS_k3_n100_m429_381,bms,BMS_k3_n100_m429,BMS_k3_n100_m429_381.cnf,100,298,2.98,3,0.0,8.94,3.346102210034834,18,0.0,0.0,0.5268456375838926,0.48210290827740493,117.23000000000002
BMS_k3_n100_m429_249,bms,BMS_k3_n100_m429,BMS_k3_n100_m429_249.cnf,100,305,3.05,3,0.0,9.15,2.9542342493444895,15,0.0,0.0,0.5147540983606558,0.49508196721311476,69.77000000000004
BMS_k3_n100_m429_71,bms,BMS_k3_n100_m429,BMS_k3_n100_m429_71.cnf,100,282,2.82,3,0.0,8.46,3.22,15,0.0,0.0,0.5567375886524822,0.47635933806146574,112.15000000000005
BMS_k3_n100_m429_365,bms,BMS_k3_n100_m429,BMS_k3_n100_m429_365.cnf,100,286,2.86,3,0.0,8.58,3.2655168044277465,15,0.0,0.0,0.479020979020979,0.5011655011655012,119.85000000000002
BMS_k3_n100_m429_76,bms,BMS_k3_n100_m429,BMS_k3_n100_m429_76.cnf,100,279,2.79,3,0.0,8.37,3.285285375732221,16,0.0,0.0,0.5304659498207885,0.4946236559139785,186.35000000000005
BMS_k3_n100_m429_277,bms,BMS_k3_n100_m429,BMS_k3_n100_m429_277.cnf,100,281,2.81,3,0.0,8.43,3.1694005742411293,17,0.0,0.0,0.5480427046263345,0.5041518386714117,82.31000000000003
BMS_k3_n100_m429_366,bms,BMS_k3_n100_m429,BMS_k3_n100_m429_366.cnf,100,311,3.11,3,0.0,9.33,3.1274750198842516,18,0.0,0.0,0.5209003215434084,0.48981779206859594,188.56000000000006
BMS_k3_n100_m429_473,bms,BMS_k3_n100_m429,BMS_k3_n100_m429_473.cnf,100,290,2.9,3,0.0,8.7,3.0347981810987035,16,0.0,0.0,0.5344827586206896,0.496551724137931,68.31000000000003
BMS_k3_n100_m429_23,bms,BMS_k3_n100_m429,BMS_k3_n100_m429_23.cnf,100,304,3.04,3,0.0,9.12,2.818794068391659,16,0.0,0.0,0.47039473684210525,0.5208333333333334,74.14000000000003
BMS_k3_n100_m429_451,bms,BMS_k3_n100_m429,BMS_k3_n100_m429_451.cnf,100,292,2.92,3,0.0,8.76,2.939795911283639,17,0.0,0.0,0.4863013698630137,0.5159817351598174,102.33
BMS_k3_n100_m429_230,bms,BMS_k3_n100_m429,BMS_k3_n100_m429_230.cnf,100,295,2.95,3,0.0,8.85,3.2260657153877075,15,0.0,0.0,0.5288135593220339,0.4858757062146893,325.31000000000006
BMS_k3_n100_m429_51,bms,BMS_k3_n100_m429,BMS_k3_n100_m429_51.cnf,100,299,2.99,3,0.0,8.97,3.5565573241549195,17,0.0,0.0,0.5317725752508361,0.47268673355629875,124.56
BMS_k3_n100_m429_357,bms,BMS_k3_n100_m429,BMS_k3_n100_m429_357.cnf,100,292,2.92,3,0.0,8.76,3.1531571480026175,16,0.0,0.0,0.4931506849315068,0.5079908675799086,156.98999999999998
BMS_k3_n100_m429_209,bms,BMS_k3_n100_m429,BMS_k3_n100_m429_209.cnf,100,300,3.0,3,0.0,9.0,3.215587038162705,18,0.0,0.0,0.52,0.4922222222222222,107.12000000000002
BMS_k3_n100_m429_43,bms,BMS_k3_n100_m429,BMS_k3_n100_m429_43.cnf,100,279,2.79,3,0.0,8.37,3.6101385014982457,16,0.0,0.0,0.5698924731182796,0.4743130227001195,75.27000000000001
BMS_k3_n100_m429_185,bms,BMS_k3_n100_m429,BMS_k3_n100_m429_185.cnf,100,290,2.9,3,0.0,8.7,3.4219877264537346,20,0.0,0.0,0.496551724137931,0.5057471264367817,98.23000000000002
BMS_k3_n100_m429_227,bms,BMS_k3_n100_m429,BMS_k3_n100_m429_227.cnf,100,293,2.93,3,0.0,8.79,3.2505230348360863,17,0.0,0.0,0.4778156996587031,0.5085324232081911,155.95999999999995
BMS_k3_n100_m429_313,bms,BMS_k3_n100_m429,BMS_k3_n100_m429_313.cnf,100,284,2.84,3,0.0,8.52,3.299939393382854,18,0.0,0.0,0.5211267605633803,0.5011737089201878,206.02000000000007
BMS_k3_n100_m429_497,bms,BMS_k3_n100_m429,BMS_k3_n100_m429_497.cnf,100,277,2.77,3,0.0,8.31,3.342738398379389,19,0.0,0.0,0.49097472924187724,0.4981949458483754,61.87000000000001
BMS_k3_n100_m429_186,bms,BMS_k3_n100_m429,BMS_k3_n100_m429_186.cnf,100,292,2.92,3,0.0,8.76,3.215960198758685,16,0.0,0.0,0.5,0.5068493150684932,173.14000000000007
BMS_k3_n100_m429_465,bms,BMS_k3_n100_m429,BMS_k3_n100_m429_465.cnf,100,292,2.92,3,0.0,8.76,3.2622691489207325,17,0.0,0.0,0.523972602739726,0.4897260273972603,44.95
BMS_k3_n100_m429_208,bms,BMS_k3_n100_m429,BMS_k3_n100_m429_208.cnf,100,292,2.92,3,0.0,8.76,3.487463261455237,20,0.0,0.0,0.5034246575342466,0.4954337899543379,50.90999999999999
BMS_k3_n100_m429_263,bms,BMS_k3_n100_m429,BMS_k3_n100_m429_263.cnf,100,306,3.06,3,0.0,9.18,3.2966043135323355,19,0.0,0.0,0.5163398692810458,0.49673202614379086,157.84000000000006
BMS_k3_n100_m429_280,bms,BMS_k3_n100_m429,BMS_k3_n100_m429_280.cnf,100,276,2.76,3,0.0,8.28,3.429518916699542,17,0.0,0.0,0.5108695652173914,0.4891304347826087,47.23999999999999
BMS_k3_n100_m429_32,bms,BMS_k3_n100_m429,BMS_k3_n100_m429_32.cnf,100,303,3.03,3,0.0,9.09,3.1594145027204013,17,0.0,0.0,0.528052805280528,0.5038503850385039,52.64
BMS_k3_n100_m429_373,bms,BMS_k3_n100_m429,BMS_k3_n100_m429_373.cnf,100,286,2.86,3,0.0,8.58,3.5332138344572352,16,0.0,0.0,0.479020979020979,0.5081585081585082,120.11999999999998
BMS_k3_n100_m429_367,bms,BMS_k3_n100_m429,BMS_k3_n100_m429_367.cnf,100,299,2.99,3,0.0,8.97,3.217001709666938,17,0.0,0.0,0.4983277591973244,0.5072463768115942,91.98000000000005
BMS_k3_n100_m429_414,bms,BMS_k3_n100_m429,BMS_k3_n100_m429_414.cnf,100,282,2.82,3,0.0,8.46,3.290653430551446,17,0.0,0.0,0.5106382978723404,0.4905437352245863,82.47
BMS_k3_n100_m429_446,bms,BMS_k3_n100_m429,BMS_k3_n100_m429_446.cnf,100,291,2.91,3,0.0,8.73,3.5407767509403922,18,0.0,0.0,0.4879725085910653,0.5063001145475372,53.61999999999999
BMS_k3_n100_m429_454,bms,BMS_k3_n100_m429,BMS_k3_n100_m429_454.cnf,100,283,2.83,3,0.0,8.49,3.7269156148214573,17,0.0,0.0,0.4911660777385159,0.5017667844522968,69.63000000000002
BMS_k3_n100_m429_354,bms,BMS_k3_n100_m429,BMS_k3_n100_m429_354.cnf,100,291,2.91,3,0.0,8.73,3.25838917258206,16,0.0,0.0,0.5498281786941581,0.47308132875143183,80.00000000000004
BMS_k3_n100_m429_210,bms,BMS_k3_n100_m429,BMS_k3_n100_m429_210.cnf,100,270,2.7,3,0.0,8.1,3.5986108430893164,16,0.0,0.0,0.5333333333333333,0.49753086419753084,194.28000000000006
BMS_k3_n100_m429_370,bms,BMS_k3_n100_m429,BMS_k3_n100_m429_370.cnf,100,295,2.95,3,0.0,8.85,3.4478254016118624,19,0.0,0.0,0.4847457627118644,0.5005649717514125,102.70000000000002
BMS_k3_n100_m429_3,bms,BMS_k3_n100_m429,BMS_k3_n100_m429_3.cnf,100,279,2.79,3,0.0,8.37,3.2269335289094507,21,0.0,0.0,0.5232974910394266,0.4910394265232975,79.12000000000002
BMS_k3_n100_m429_475,bms,BMS_k3_n100_m429,BMS_k3_n100_m429_475.cnf,100,285,2.85,3,0.0,8.55,3.3147398087934445,18,0.0,0.0,0.49122807017543857,0.48771929824561405,201.24000000000012
BMS_k3_n100_m429_296,bms,BMS_k3_n100_m429,BMS_k3_n100_m429_296.cnf,100,269,2.69,3,0.0,8.07,3.4124917582318055,16,0.0,0.0,0.48698884758364314,0.5080545229244114,115.84000000000003
BMS_k3_n100_m429_214,bms,BMS_k3_n100_m429,BMS_k3_n100_m429_214.cnf,100,288,2.88,3,0.0,8.64,3.5000571423906783,19,0.0,0.0,0.5069444444444444,0.4849537037037037,138.45999999999998
BMS_k3_n100_m429_477,bms,BMS_k3_n100_m429,BMS_k3_n100_m429_477.cnf,100,296,2.96,3,0.0,8.88,3.3234921393016714,18,0.0,0.0,0.5371621621621622,0.48085585585585583,277.83
BMS_k3_n100_m429_359,bms,BMS_k3_n100_m429,BMS_k3_n100_m429_359.cnf,100,302,3.02,3,0.0,9.06,3.512321169824878,18,0.0,0.0,0.5132450331125827,0.4955849889624724,97.46000000000002
BMS_k3_n100_m429_499,bms,BMS_k3_n100_m429,BMS_k3_n100_m429_499.cnf,100,278,2.78,3,0.0,8.34,3.0535880534217448,15,0.0,0.0,0.4568345323741007,0.5203836930455635,181.10000000000005
BMS_k3_n100_m429_437,bms,BMS_k3_n100_m429,BMS_k3_n100_m429_437.cnf,100,295,2.95,3,0.0,8.85,3.1348843678834473,15,0.0,0.0,0.5288135593220339,0.4971751412429379,90.64000000000001
BMS_k3_n100_m429_360,bms,BMS_k3_n100_m429,BMS_k3_n100_m429_360.cnf,100,289,2.89,3,0.0,8.67,3.1242759161124036,19,0.0,0.0,0.5121107266435986,0.49019607843137253,99.88000000000008
BMS_k3_n100_m429_418,bms,BMS_k3_n100_m429,BMS_k3_n100_m429_418.cnf,100,279,2.79,3,0.0,8.37,3.523222956328481,18,0.0,0.0,0.4910394265232975,0.5017921146953405,42.72
BMS_k3_n100_m429_363,bms,BMS_k3_n100_m429,BMS_k3_n100_m429_363.cnf,100,295,2.95,3,0.0,8.85,3.1316928329579197,17,0.0,0.0,0.5050847457627119,0.49491525423728816,32.44999999999999
BMS_k3_n100_m429_455,bms,BMS_k3_n100_m429,BMS_k3_n100_m429_455.cnf,100,285,2.85,3,0.0,8.55,3.1760824926314495,15,0.0,0.0,0.4842105263157895,0.504093567251462,92.67000000000004
BMS_k3_n100_m429_404,bms,BMS_k3_n100_m429,BMS_k3_n100_m429_404.cnf,100,284,2.84,3,0.0,8.52,3.5312320796005463,18,0.0,0.0,0.49295774647887325,0.5,95.86000000000004
BMS_k3_n100_m429_2,bms,BMS_k3_n100_m429,BMS_k3_n100_m429_2.cnf,100,296,2.96,3,0.0,8.88,3.2688836014761984,17,0.0,0.0,0.5067567567567568,0.49099099099099097,106.65999999999998
BMS_k3_n100_m429_26,bms,BMS_k3_n100_m429,BMS_k3_n100_m429_26.cnf,100,286,2.86,3,0.0,8.58,3.3739590987443817,17,0.0,0.0,0.486013986013986,0.5163170163170163,165.21000000000006
BMS_k3_n100_m429_375,bms,BMS_k3_n100_m429,BMS_k3_n100_m429_375.cnf,100,289,2.89,3,0.0,8.67,3.181367630438205,17,0.0,0.0,0.5224913494809689,0.5028835063437139,113.84000000000002
BMS_k3_n100_m429_488,bms,BMS_k3_n100_m429,BMS_k3_n100_m429_488.cnf,100,296,2.96,3,0.0,8.88,3.1504920250652915,18,0.0,0.0,0.5101351351351351,0.49774774774774777,71.93
BMS_k3_n100_m429_88,bms,BMS_k3_n100_m429,BMS_k3_n100_m429_88.cnf,100,294,2.94,3,0.0,8.82,3.5337798460005967,17,0.0,0.0,0.5204081632653061,0.4852607709750567,64.85
BMS_k3_n100_m429_82,bms,BMS_k3_n100_m429,BMS_k3_n100_m429_82.cnf,100,286,2.86,3,0.0,8.58,2.9433993952571234,14,0.0,0.0,0.5104895104895105,0.4976689976689977,175.60000000000002
CBS_k3_n100_m403_b10_568,cbs,CBS_k3_n100_m403_b10,CBS_k3_n100_m403_b10_568.cnf,100,403,4.03,3,0.0,12.09,3.8369128215272235,28,0.0,0.0,0.5384615384615384,0.49296939619520264,169.20999999999992
CBS_k3_n100_m403_b10_762,cbs,CBS_k3_n100_m403_b10,CBS_k3_n100_m403_b10_762.cnf,100,403,4.03,3,0.0,12.09,3.277483790959156,20,0.0,0.0,0.4987593052109181,0.5012406947890818,248.5
CBS_k3_n100_m403_b10_765,cbs,CBS_k3_n100_m403_b10,CBS_k3_n100_m403_b10_765.cnf,100,403,4.03,3,0.0,12.09,3.114787312161137,19,0.0,0.0,0.5260545905707196,0.4921422663358147,172.85000000000005
CBS_k3_n100_m403_b10_693,cbs,CBS_k3_n100_m403_b10,CBS_k3_n100_m403_b10_693.cnf,100,403,4.03,3,0.0,12.09,3.8989614001679986,23,0.0,0.0,0.5161290322580645,0.48635235732009924,209.52
CBS_k3_n100_m403_b10_469,cbs,CBS_k3_n100_m403_b10,CBS_k3_n100_m403_b10_469.cnf,100,403,4.03,3,0.0,12.09,3.243747832369218,20,0.0,0.0,0.5161290322580645,0.5037220843672456,147.32000000000002
CBS_k3_n100_m403_b10_709,cbs,CBS_k3_n100_m403_b10,CBS_k3_n100_m403_b10_709.cnf,100,403,4.03,3,0.0,12.09,3.1276029159725502,20,0.0,0.0,0.5062034739454094,0.4921422663358147,251.41999999999996
CBS_k3_n100_m403_b10_662,cbs,CBS_k3_n100_m403_b10,CBS_k3_n100_m403_b10_662.cnf,100,403,4.03,3,0.0,12.09,3.464375845661091,24,0.0,0.0,0.48883374689826303,0.5153019023986766,137.92000000000004
CBS_k3_n100_m403_b10_560,cbs,CBS_k3_n100_m403_b10,CBS_k3_n100_m403_b10_560.cnf,100,403,4.03,3,0.0,12.09,3.0268630626442286,20,0.0,0.0,0.511166253101737,0.49379652605459057,186.95999999999995
CBS_k3_n100_m403_b10_872,cbs,CBS_k3_n100_m403_b10,CBS_k3_n100_m403_b10_872.cnf,100,403,4.03,3,0.0,12.09,3.1115751638036966,21,0.0,0.0,0.48883374689826303,0.5053763440860215,81.14000000000004
CBS_k3_n100_m403_b10_220,cbs,CBS_k3_n100_m403_b10,CBS_k3_n100_m403_b10_220.cnf,100,403,4.03,3,0.0,12.09,3.6058147484306513,24,0.0,0.0,0.49627791563275436,0.49627791563275436,117.71000000000001
CBS_k3_n100_m403_b10_829,cbs,CBS_k3_n100_m403_b10,CBS_k3_n100_m403_b10_829.cnf,100,403,4.03,3,0.0,12.09,3.2406635123073175,22,0.0,0.0,0.45905707196029777,0.5153019023986766,346.9100000000002
CBS_k3_n100_m403_b10_167,cbs,CBS_k3_n100_m403_b10,CBS_k3_n100_m403_b10_167.cnf,100,403,4.03,3,0.0,12.09,3.3319513801974963,22,0.0,0.0,0.4665012406947891,0.5194375516956162,198.94
CBS_k3_n100_m403_b10_671,cbs,CBS_k3_n100_m403_b10,CBS_k3_n100_m403_b10_671.cnf,100,403,4.03,3,0.0,12.09,3.50455417992075,23,0.0,0.0,0.5062034739454094,0.5028949545078577,74.26000000000002
CBS_k3_n100_m403_b10_975,cbs,CBS_k3_n100_m403_b10,CBS_k3_n100_m403_b10_975.cnf,100,403,4.03,3,0.0,12.09,3.549915491951886,21,0.0,0.0,0.5012406947890818,0.5028949545078577,51.500000000000036
CBS_k3_n100_m403_b10_943,cbs,CBS_k3_n100_m403_b10,CBS_k3_n100_m403_b10_943.cnf,100,403,4.03,3,0.0,12.09,3.549915491951886,21,0.0,0.0,0.5037220843672456,0.5004135649296939,90.88000000000007
CBS_k3_n100_m403_b10_908,cbs,CBS_k3_n100_m403_b10,CBS_k3_n100_m403_b10_908.cnf,100,403,4.03,3,0.0,12.09,3.0857576055160263,19,0.0,0.0,0.4392059553349876,0.5475599669148056,181.08
CBS_k3_n100_m403_b10_350,cbs,CBS_k3_n100_m403_b10,CBS_k3_n100_m403_b10_350.cnf,100,403,4.03,3,0.0,12.09,3.124403943154598,20,0.0,0.0,0.49379652605459057,0.5028949545078577,95.80000000000004
CBS_k3_n100_m403_b10_894,cbs,CBS_k3_n100_m403_b10,CBS_k3_n100_m403_b10_894.cnf,100,403,4.03,3,0.0,12.09,3.8654753912035194,23,0.0,0.0,0.5037220843672456,0.4946236559139785,130.64000000000001
CBS_k3_n100_m403_b10_784,cbs,CBS_k3_n100_m403_b10,CBS_k3_n100_m403_b10_784.cnf,100,403,4.03,3,0.0,12.09,3.530141640217854,21,0.0,0.0,0.4987593052109181,0.5037220843672456,131.81
CBS_k3_n100_m403_b10_386,cbs,CBS_k3_n100_m403_b10,CBS_k3_n100_m403_b10_386.cnf,100,403,4.03,3,0.0,12.09,3.316911213764999,20,0.0,0.0,0.4640198511166253,0.511166253101737,126.69000000000004
CBS_k3_n100_m403_b10_593,cbs,CBS_k3_n100_m403_b10,CBS_k3_n100_m403_b10_593.cnf,100,403,4.03,3,0.0,12.09,2.735306198581797,19,0.0,0.0,0.5062034739454094,0.48469809760132343,194.43000000000004
CBS_k3_n100_m403_b10_255,cbs,CBS_k3_n100_m403_b10,CBS_k3_n100_m403_b10_255.cnf,100,403,4.03,3,0.0,12.09,3.3078542894148164,22,0.0,0.0,0.5210918114143921,0.47808105872622003,71.50000000000004
CBS_k3_n100_m403_b10_432,cbs,CBS_k3_n100_m403_b10,CBS_k3_n100_m403_b10_432.cnf,100,403,4.03,3,0.0,12.09,3.490257870129369,24,0.0,0.0,0.4665012406947891,0.5177832919768404,144.83
CBS_k3_n100_m403_b10_573,cbs,CBS_k3_n100_m403_b10,CBS_k3_n100_m403_b10_573.cnf,100,403,4.03,3,0.0,12.09,3.633441894402606,22,0.0,0.0,0.5409429280397022,0.4681555004135649,267.84000000000003
CBS_k3_n100_m403_b10_288,cbs,CBS_k3_n100_m403_b10,CBS_k3_n100_m403_b10_288.cnf,100,403,4.03,3,0.0,12.09,3.8264735723639856,23,0.0,0.0,0.47642679900744417,0.5119933829611248,176.06000000000003
CBS_k3_n100_m403_b10_31,cbs,CBS_k3_n100_m403_b10,CBS_k3_n100_m403_b10_31.cnf,100,403,4.03,3,0.0,12.09,3.292704055939434,19,0.0,0.0,0.48883374689826303,0.5062034739454094,187.4200000000001
CBS_k3_n100_m403_b10_19,cbs,CBS_k3_n100_m403_b10,CBS_k3_n100_m403_b10_19.cnf,100,403,4.03,3,0.0,12.09,3.50455417992075,21,0.0,0.0,0.4813895781637717,0.5020678246484698,156.89000000000001
CBS_k3_n100_m403_b10_987,cbs,CBS_k3_n100_m403_b10,CBS_k3_n100_m403_b10_987.cnf,100,403,4.03,3,0.0,12.09,3.3737071597872865,19,0.0,0.0,0.5037220843672456,0.49627791563275436,154.57000000000002
CBS_k3_n100_m403_b10_910,cbs,CBS_k3_n100_m403_b10,CBS_k3_n100_m403_b10_910.cnf,100,403,4.03,3,0.0,12.09,3.4266455900778534,21,0.0,0.0,0.543424317617866,0.47890818858560796,112.52000000000004
CBS_k3_n100_m403_b10_951,cbs,CBS_k3_n100_m403_b10,CBS_k3_n100_m403_b10_951.cnf,100,403,4.03,3,0.0,12.09,3.5779742872189564,23,0.0,0.0,0.5161290322580645,0.4904880066170389,197.26000000000002
CBS_k3_n100_m403_b10_41,cbs,CBS_k3_n100_m403_b10,CBS_k3_n100_m403_b10_41.cnf,100,403,4.03,3,0.0,12.09,3.4061561913687988,20,0.0,0.0,0.46898263027295284,0.5244003308519437,283.64
CBS_k3_n100_m403_b10_223,cbs,CBS_k3_n100_m403_b10,CBS_k3_n100_m403_b10_223.cnf,100,403,4.03,3,0.0,12.09,3.4787785212628872,23,0.0,0.0,0.48883374689826303,0.5012406947890818,142.71000000000004
CBS_k3_n100_m403_b10_658,cbs,CBS_k3_n100_m403_b10,CBS_k3_n100_m403_b10_658.cnf,100,403,4.03,3,0.0,12.09,4.047455991113431,23,0.0,0.0,0.5235732009925558,0.5028949545078577,316.19000000000005
CBS_k3_n100_m403_b10_548,cbs,CBS_k3_n100_m403_b10,CBS_k3_n100_m403_b10_548.cnf,100,403,4.03,3,0.0,12.09,3.4237260404419043,21,0.0,0.0,0.533498759305211,0.4838709677419355,78.48
CBS_k3_n100_m403_b10_431,cbs,CBS_k3_n100_m403_b10,CBS_k3_n100_m403_b10_431.cnf,100,403,4.03,3,0.0,12.09,3.2560558963261057,22,0.0,0.0,0.47890818858560796,0.5103391232423491,363.74
CBS_k3_n100_m403_b10_277,cbs,CBS_k3_n100_m403_b10,CBS_k3_n100_m403_b10_277.cnf,100,403,4.03,3,0.0,12.09,3.9726439558560998,24,0.0,0.0,0.46898263027295284,0.522746071133168,269.81000000000006
CBS_k3_n100_m403_b10_717,cbs,CBS_k3_n100_m403_b10,CBS_k3_n100_m403_b10_717.cnf,100,403,4.03,3,0.0,12.09,3.2896656365047194,20,0.0,0.0,0.5062034739454094,0.49296939619520264,160.06
CBS_k3_n100_m403_b10_624,cbs,CBS_k3_n100_m403_b10,CBS_k3_n100_m403_b10_624.cnf,100,403,4.03,3,0.0,12.09,2.8252256547044166,21,0.0,0.0,0.5086848635235732,0.49958643507030603,343.18
CBS_k3_n100_m403_b10_91,cbs,CBS_k3_n100_m403_b10,CBS_k3_n100_m403_b10_91.cnf,100,403,4.03,3,0.0,12.09,3.4090907878787857,20,0.0,0.0,0.4987593052109181,0.5103391232423491,320.2800000000002
CBS_k3_n100_m403_b10_151,cbs,CBS_k3_n100_m403_b10,CBS_k3_n100_m403_b10_151.cnf,100,403,4.03,3,0.0,12.09,3.530141640217854,21,0.0,0.0,0.48883374689826303,0.5037220843672456,107.25000000000003
CBS_k3_n100_m403_b10_394,cbs,CBS_k3_n100_m403_b10,CBS_k3_n100_m403_b10_394.cnf,100,403,4.03,3,0.0,12.09,3.212771389314839,19,0.0,0.0,0.46153846153846156,0.5252274607113316,400.02000000000004
CBS_k3_n100_m403_b10_185,cbs,CBS_k3_n100_m403_b10,CBS_k3_n100_m403_b10_185.cnf,100,403,4.03,3,0.0,12.09,3.8212432531834453,23,0.0,0.0,0.5086848635235732,0.4921422663358147,400.25
CBS_k3_n100_m403_b10_38,cbs,CBS_k3_n100_m403_b10,CBS_k3_n100_m403_b10_38.cnf,100,403,4.03,3,0.0,12.09,3.1720498104538017,19,0.0,0.0,0.43424317617866004,0.5351530190239868,190.6900000000001
CBS_k3_n100_m403_b10_976,cbs,CBS_k3_n100_m403_b10,CBS_k3_n100_m403_b10_976.cnf,100,403,4.03,3,0.0,12.09,3.286624408112372,21,0.0,0.0,0.5186104218362283,0.48635235732009924,228.35000000000005
CBS_k3_n100_m403_b10_368,cbs,CBS_k3_n100_m403_b10,CBS_k3_n100_m403_b10_368.cnf,100,403,4.03,3,0.0,12.09,3.228296764549381,21,0.0,0.0,0.45161290322580644,0.5285359801488834,282.2600000000001
CBS_k3_n100_m403_b10_348,cbs,CBS_k3_n100_m403_b10,CBS_k3_n100_m403_b10_348.cnf,100,403,4.03,3,0.0,12.09,3.3199246979412047,21,0.0,0.0,0.49627791563275436,0.5028949545078577,162.61000000000004
CBS_k3_n100_m403_b10_930,cbs,CBS_k3_n100_m403_b10,CBS_k3_n100_m403_b10_930.cnf,100,403,4.03,3,0.0,12.09,3.9168737533905786,23,0.0,0.0,0.49379652605459057,0.5028949545078577,354.76
CBS_k3_n100_m403_b10_64,cbs,CBS_k3_n100_m403_b10,CBS_k3_n100_m403_b10_64.cnf,100,403,4.03,3,0.0,12.09,3.046621079162947,20,0.0,0.0,0.5210918114143921,0.48056244830438377,86.61000000000001
CBS_k3_n100_m403_b10_494,cbs,CBS_k3_n100_m403_b10,CBS_k3_n100_m403_b10_494.cnf,100,403,4.03,3,0.0,12.09,3.6744931623286496,22,0.0,0.0,0.4665012406947891,0.5177832919768404,94.25000000000004
CBS_k3_n100_m403_b10_852,cbs,CBS_k3_n100_m403_b10,CBS_k3_n100_m403_b10_852.cnf,100,403,4.03,3,0.0,12.09,3.1083596960454885,20,0.0,0.0,0.511166253101737,0.48304383788254757,135.67000000000004
CBS_k3_n100_m403_b10_611,cbs,CBS_k3_n100_m403_b10,CBS_k3_n100_m403_b10_611.cnf,100,403,4.03,3,0.0,12.09,3.6085869810772193,24,0.0,0.0,0.5210918114143921,0.4921422663358147,241.48000000000002
CBS_k3_n100_m403_b10_890,cbs,CBS_k3_n100_m403_b10,CBS_k3_n100_m403_b10_890.cnf,100,403,4.03,3,0.0,12.09,3.622416320634612,22,0.0,0.0,0.5235732009925558,0.47808105872622003,257.95
CBS_k3_n100_m403_b10_333,cbs,CBS_k3_n100_m403_b10,CBS_k3_n100_m403_b10_333.cnf,100,403,4.03,3,0.0,12.09,3.558356362142499,22,0.0,0.0,0.5459057071960298,0.4747725392886683,134.95
CBS_k3_n100_m403_b10_619,cbs,CBS_k3_n100_m403_b10,CBS_k3_n100_m403_b10_619.cnf,100,403,4.03,3,0.0,12.09,3.5527313436284484,22,0.0,0.0,0.4838709677419355,0.5103391232423491,283.20000000000005
CBS_k3_n100_m403_b10_119,cbs,CBS_k3_n100_m403_b10,CBS_k3_n100_m403_b10_119.cnf,100,403,4.03,3,0.0,12.09,3.286624408112372,20,0.0,0.0,0.4392059553349876,0.5277088502894954,147.59000000000003
CBS_k3_n100_m403_b10_125,cbs,CBS_k3_n100_m403_b10,CBS_k3_n100_m403_b10_125.cnf,100,403,4.03,3,0.0,12.09,2.9836052017651395,22,0.0,0.0,0.5136476426799007,0.49627791563275436,258.53999999999996
CBS_k3_n100_m403_b10_654,cbs,CBS_k3_n100_m403_b10,CBS_k3_n100_m403_b10_654.cnf,100,403,4.03,3,0.0,12.09,3.316911213764999,20,0.0,0.0,0.4813895781637717,0.5169561621174524,124.67000000000004
CBS_k3_n100_m403_b10_107,cbs,CBS_k3_n100_m403_b10,CBS_k3_n100_m403_b10_107.cnf,100,403,4.03,3,0.0,12.09,3.7392378902658763,21,0.0,0.0,0.48883374689826303,0.5086848635235732,313.78
CBS_k3_n100_m403_b10_298,cbs,CBS_k3_n100_m403_b10,CBS_k3_n100_m403_b10_298.cnf,100,403,4.03,3,0.0,12.09,3.243747832369218,20,0.0,0.0,0.5210918114143921,0.4913151364764268,240.40000000000003
CBS_k3_n100_m403_b10_837,cbs,CBS_k3_n100_m403_b10,CBS_k3_n100_m403_b10_837.cnf,100,403,4.03,3,0.0,12.09,3.2313928885234615,19,0.0,0.0,0.4838709677419355,0.5086848635235732,345.1
CBS_k3_n100_m403_b10_365,cbs,CBS_k3_n100_m403_b10,CBS_k3_n100_m403_b10_365.cnf,100,403,4.03,3,0.0,12.09,3.1435489498336113,20,0.0,0.0,0.5235732009925558,0.48883374689826303,102.00000000000003
CBS_k3_n100_m403_b10_147,cbs,CBS_k3_n100_m403_b10,CBS_k3_n100_m403_b10_147.cnf,100,403,4.03,3,0.0,12.09,3.3943924345897307,23,0.0,0.0,0.5310173697270472,0.48221670802315963,99.02000000000004
CBS_k3_n100_m403_b10_587,cbs,CBS_k3_n100_m403_b10,CBS_k3_n100_m403_b10_587.cnf,100,403,4.03,3,0.0,12.09,3.6934942804883293,24,0.0,0.0,0.4739454094292804,0.5119933829611248,97.27000000000004
CBS_k3_n100_m403_b10_287,cbs,CBS_k3_n100_m403_b10,CBS_k3_n100_m403_b10_287.cnf,100,403,4.03,3,0.0,12.09,3.379630157280527,24,0.0,0.0,0.4987593052109181,0.5153019023986766,263.4900000000001
CBS_k3_n100_m403_b10_642,cbs,CBS_k3_n100_m403_b10,CBS_k3_n100_m403_b10_642.cnf,100,403,4.03,3,0.0,12.09,2.698499583101691,20,0.0,0.0,0.5161290322580645,0.49296939619520264,112.66000000000005
CBS_k3_n100_m403_b10_721,cbs,CBS_k3_n100_m403_b10,CBS_k3_n100_m403_b10_721.cnf,100,403,4.03,3,0.0,12.09,3.4090907878787857,21,0.0,0.0,0.47642679900744417,0.5012406947890818,111.08000000000003
CBS_k3_n100_m403_b10_695,cbs,CBS_k3_n100_m403_b10,CBS_k3_n100_m403_b10_695.cnf,100,403,4.03,3,0.0,12.09,3.5358025962997424,21,0.0,0.0,0.5161290322580645,0.4855252274607113,183.01000000000008
CBS_k3_n100_m403_b10_879,cbs,CBS_k3_n100_m403_b10,CBS_k3_n100_m403_b10_879.cnf,100,403,4.03,3,0.0,12.09,3.677213619032759,23,0.0,0.0,0.4813895781637717,0.5136476426799007,250.11000000000004
CBS_k3_n100_m403_b10_161,cbs,CBS_k3_n100_m403_b10,CBS_k3_n100_m403_b10_161.cnf,100,403,4.03,3,0.0,12.09,3.3618298588715043,22,0.0,0.0,0.48635235732009924,0.5086848635235732,174.0600000000001
CBS_k3_n100_m403_b10_588,cbs,CBS_k3_n100_m403_b10,CBS_k3_n100_m403_b10_588.cnf,100,403,4.03,3,0.0,12.09,3.5216331438694746,21,0.0,0.0,0.5136476426799007,0.48966087675765096,406.3199999999999
CBS_k3_n100_m403_b10_195,cbs,CBS_k3_n100_m403_b10,CBS_k3_n100_m403_b10_195.cnf,100,403,4.03,3,0.0,12.09,3.194041327221675,23,0.0,0.0,0.4665012406947891,0.5086848635235732,266.78000000000003
CBS_k3_n100_m403_b10_542,cbs,CBS_k3_n100_m403_b10,CBS_k3_n100_m403_b10_542.cnf,100,403,4.03,3,0.0,12.09,3.6389421539782685,26,0.0,0.0,0.5062034739454094,0.5028949545078577,393.59999999999997
CBS_k3_n100_m403_b10_63,cbs,CBS_k3_n100_m403_b10,CBS_k3_n100_m403_b10_63.cnf,100,403,4.03,3,0.0,12.09,3.5470974049213817,20,0.0,0.0,0.46898263027295284,0.5268817204301075,257.88000000000005
CBS_k3_n100_m403_b10_766,cbs,CBS_k3_n100_m403_b10,CBS_k3_n100_m403_b10_766.cnf,100,403,4.03,3,0.0,12.09,3.728525177600387,28,0.0,0.0,0.49627791563275436,0.5045492142266336,253.58
CBS_k3_n100_m403_b10_361,cbs,CBS_k3_n100_m403_b10,CBS_k3_n100_m403_b10_361.cnf,100,403,4.03,3,0.0,12.09,3.444110915751698,23,0.0,0.0,0.4838709677419355,0.5128205128205128,118.43000000000009
CBS_k3_n100_m403_b10_359,cbs,CBS_k3_n100_m403_b10,CBS_k3_n100_m403_b10_359.cnf,100,403,4.03,3,0.0,12.09,3.77649308221265,24,0.0,0.0,0.4466501240694789,0.532671629445823,336.98999999999995
CBS_k3_n100_m403_b10_686,cbs,CBS_k3_n100_m403_b10,CBS_k3_n100_m403_b10_686.cnf,100,403,4.03,3,0.0,12.09,3.403219064356569,22,0.0,0.0,0.5459057071960298,0.48635235732009924,110.94000000000003
CBS_k3_n100_m403_b10_133,cbs,CBS_k3_n100_m403_b10,CBS_k3_n100_m403_b10_133.cnf,100,403,4.03,3,0.0,12.09,3.3439348079769737,21,0.0,0.0,0.5037220843672456,0.5020678246484698,399.33000000000004
CBS_k3_n100_m403_b10_629,cbs,CBS_k3_n100_m403_b10,CBS_k3_n100_m403_b10_629.cnf,100,403,4.03,3,0.0,12.09,3.712398146750965,23,0.0,0.0,0.49627791563275436,0.5004135649296939,178.58
CBS_k3_n100_m403_b10_375,cbs,CBS_k3_n100_m403_b10,CBS_k3_n100_m403_b10_375.cnf,100,403,4.03,3,0.0,12.09,3.444110915751698,21,0.0,0.0,0.48635235732009924,0.5119933829611248,81.17000000000006
CBS_k3_n100_m403_b10_71,cbs,CBS_k3_n100_m403_b10,CBS_k3_n100_m403_b10_71.cnf,100,403,4.03,3,0.0,12.09,3.5358025962997424,22,0.0,0.0,0.49627791563275436,0.49958643507030603,54.95000000000003
CBS_k3_n100_m403_b10_158,cbs,CBS_k3_n100_m403_b10,CBS_k3_n100_m403_b10_158.cnf,100,403,4.03,3,0.0,12.09,3.5244715916006473,21,0.0,0.0,0.5012406947890818,0.49627791563275436,146.92000000000002
CBS_k3_n100_m403_b10_346,cbs,CBS_k3_n100_m403_b10,CBS_k3_n100_m403_b10_346.cnf,100,403,4.03,3,0.0,12.09,3.292704055939434,21,0.0,0.0,0.48883374689826303,0.5169561621174524,190.55
CBS_k3_n100_m403_b10_159,cbs,CBS_k3_n100_m403_b10,CBS_k3_n100_m403_b10_159.cnf,100,403,4.03,3,0.0,12.09,3.237576253928238,22,0.0,0.0,0.4838709677419355,0.5037220843672456,218.38000000000008
CBS_k3_n100_m403_b10_385,cbs,CBS_k3_n100_m403_b10,CBS_k3_n100_m403_b10_385.cnf,100,403,4.03,3,0.0,12.09,3.243747832369218,23,0.0,0.0,0.5186104218362283,0.4880066170388751,400.40999999999985
CBS_k3_n100_m403_b10_592,cbs,CBS_k3_n100_m403_b10,CBS_k3_n100_m403_b10_592.cnf,100,403,4.03,3,0.0,12.09,3.3138949892837584,21,0.0,0.0,0.5161290322580645,0.48056244830438377,88.94000000000004
CBS_k3_n100_m403_b10_998,cbs,CBS_k3_n100_m403_b10,CBS_k3_n100_m403_b10_998.cnf,100,403,4.03,3,0.0,12.09,3.5863491185326617,21,0.0,0.0,0.511166253101737,0.4913151364764268,65.27000000000004
CBS_k3_n100_m403_b10_741,cbs,CBS_k3_n100_m403_b10,CBS_k3_n100_m403_b10_741.cnf,100,403,4.03,3,0.0,12.09,3.7070068788714163,20,0.0,0.0,0.48635235732009924,0.5045492142266336,83.08000000000006
CBS_k3_n100_m403_b10_777,cbs,CBS_k3_n100_m403_b10,CBS_k3_n100_m403_b10_777.cnf,100,403,4.03,3,0.0,12.09,3.5723801589416544,20,0.0,0.0,0.5136476426799007,0.49379652605459057,146.49000000000004
CBS_k3_n100_m403_b10_393,cbs,CBS_k3_n100_m403_b10,CBS_k3_n100_m403_b10_393.cnf,100,403,4.03,3,0.0,12.09,3.3528942721177475,20,0.0,0.0,0.45905707196029777,0.5070306038047974,176.12
CBS_k3_n100_m403_b10_442,cbs,CBS_k3_n100_m403_b10,CBS_k3_n100_m403_b10_442.cnf,100,403,4.03,3,0.0,12.09,3.4295626543336395,21,0.0,0.0,0.4987593052109181,0.4904880066170389,56.39000000000004
CBS_k3_n100_m403_b10_504,cbs,CBS_k3_n100_m403_b10,CBS_k3_n100_m403_b10_504.cnf,100,403,4.03,3,0.0,12.09,3.140366220681913,23,0.0,0.0,0.5260545905707196,0.49627791563275436,383.05999999999995
CBS_k3_n100_m403_b10_569,cbs,CBS_k3_n100_m403_b10,CBS_k3_n100_m403_b10_569.cnf,100,403,4.03,3,0.0,12.09,3.3108760170081877,20,0.0,0.0,0.5210918114143921,0.48883374689826303,92.18000000000005
CBS_k3_n100_m403_b10_295,cbs,CBS_k3_n100_m403_b10,CBS_k3_n100_m403_b10_295.cnf,100,403,4.03,3,0.0,12.09,3.0986932729781436,19,0.0,0.0,0.5235732009925558,0.4921422663358147,383.68
CBS_k3_n100_m403_b10_807,cbs,CBS_k3_n100_m403_b10,CBS_k3_n100_m403_b10_807.cnf,100,403,4.03,3,0.0,12.09,3.030165012008422,19,0.0,0.0,0.46153846153846156,0.52191894127378,211.98
CBS_k3_n100_m403_b10_491,cbs,CBS_k3_n100_m403_b10,CBS_k3_n100_m403_b10_491.cnf,100,403,4.03,3,0.0,12.09,3.203420047386855,21,0.0,0.0,0.4813895781637717,0.5144747725392886,400.0200000000002
CBS_k3_n100_m403_b10_787,cbs,CBS_k3_n100_m403_b10,CBS_k3_n100_m403_b10_787.cnf,100,403,4.03,3,0.0,12.09,3.9066481797059738,23,0.0,0.0,0.5037220843672456,0.5086848635235732,137.14000000000001
CBS_k3_n100_m403_b10_178,cbs,CBS_k3_n100_m403_b10,CBS_k3_n100_m403_b10_178.cnf,100,403,4.03,3,0.0,12.09,3.2560558963261057,21,0.0,0.0,0.5260545905707196,0.4813895781637717,102.67000000000006
CBS_k3_n100_m403_b10_155,cbs,CBS_k3_n100_m403_b10,CBS_k3_n100_m403_b10_155.cnf,100,403,4.03,3,0.0,12.09,3.5273077552150167,21,0.0,0.0,0.45905707196029777,0.5210918114143921,275.7600000000001
CBS_k3_n100_m403_b10_842,cbs,CBS_k3_n100_m403_b10,CBS_k3_n100_m403_b10_842.cnf,100,403,4.03,3,0.0,12.09,3.403219064356569,22,0.0,0.0,0.5359801488833746,0.47890818858560796,158.53000000000006
CBS_k3_n100_m429_b10_568,cbs,CBS_k3_n100_m429_b10,CBS_k3_n100_m429_b10_568.cnf,100,429,4.29,3,0.0,12.87,3.474636671653599,22,0.0,0.0,0.5011655011655012,0.4988344988344988,325.2000000000001
CBS_k3_n100_m429_b10_762,cbs,CBS_k3_n100_m429_b10,CBS_k3_n100_m429_b10_762.cnf,100,429,4.29,3,0.0,12.87,3.656924937703808,24,0.0,0.0,0.5314685314685315,0.4825174825174825,307.95000000000005
CBS_k3_n100_m429_b10_765,cbs,CBS_k3_n100_m429_b10,CBS_k3_n100_m429_b10_765.cnf,100,429,4.29,3,0.0,12.87,3.24855352426276,22,0.0,0.0,0.4965034965034965,0.519036519036519,184.94000000000003
CBS_k3_n100_m429_b10_693,cbs,CBS_k3_n100_m429_b10,CBS_k3_n100_m429_b10_693.cnf,100,429,4.29,3,0.0,12.87,3.4544319359338953,22,0.0,0.0,0.49184149184149184,0.47707847707847706,166.0800000000001
CBS_k3_n100_m429_b10_469,cbs,CBS_k3_n100_m429_b10,CBS_k3_n100_m429_b10_469.cnf,100,429,4.29,3,0.0,12.87,3.3125669804548856,20,0.0,0.0,0.5081585081585082,0.49805749805749805,80.72000000000003
CBS_k3_n100_m429_b10_709,cbs,CBS_k3_n100_m429_b10,CBS_k3_n100_m429_b10_709.cnf,100,429,4.29,3,0.0,12.87,3.2822400887198975,21,0.0,0.0,0.5034965034965035,0.5011655011655012,86.14000000000004
CBS_k3_n100_m429_b10_662,cbs,CBS_k3_n100_m429_b10,CBS_k3_n100_m429_b10_662.cnf,100,429,4.29,3,0.0,12.87,3.3842428990839295,21,0.0,0.0,0.49184149184149184,0.5019425019425019,126.32
CBS_k3_n100_m429_b10_560,cbs,CBS_k3_n100_m429_b10,CBS_k3_n100_m429_b10_560.cnf,100,429,4.29,3,0.0,12.87,3.913195625061441,26,0.0,0.0,0.4988344988344988,0.4864024864024864,220.58000000000007
CBS_k3_n100_m429_b10_872,cbs,CBS_k3_n100_m429_b10,CBS_k3_n100_m429_b10_872.cnf,100,429,4.29,3,0.0,12.87,3.4832599673294555,21,0.0,0.0,0.46153846153846156,0.5236985236985237,207.02999999999997
CBS_k3_n100_m429_b10_220,cbs,CBS_k3_n100_m429_b10,CBS_k3_n100_m429_b10_220.cnf,100,429,4.29,3,0.0,12.87,3.6732955230963924,25,0.0,0.0,0.48951048951048953,0.5182595182595182,360.0300000000001
CBS_k3_n100_m429_b10_829,cbs,CBS_k3_n100_m429_b10,CBS_k3_n100_m429_b10_829.cnf,100,429,4.29,3,0.0,12.87,3.713906299302663,21,0.0,0.0,0.5314685314685315,0.4763014763014763,233.86000000000004
CBS_k3_n100_m429_b10_167,cbs,CBS_k3_n100_m429_b10,CBS_k3_n100_m429_b10_167.cnf,100,429,4.29,3,0.0,12.87,3.3185991020308556,23,0.0,0.0,0.4825174825174825,0.5205905205905206,140.88000000000002
CBS_k3_n100_m429_b10_671,cbs,CBS_k3_n100_m429_b10,CBS_k3_n100_m429_b10_671.cnf,100,429,4.29,3,0.0,12.87,3.697715510960788,24,0.0,0.0,0.5664335664335665,0.46231546231546233,165.2700000000001
CBS_k3_n100_m429_b10_975,cbs,CBS_k3_n100_m429_b10,CBS_k3_n100_m429_b10_975.cnf,100,429,4.29,3,0.0,12.87,3.780621642005452,22,0.0,0.0,0.48717948717948717,0.4965034965034965,399.4899999999999
CBS_k3_n100_m429_b10_943,cbs,CBS_k3_n100_m429_b10,CBS_k3_n100_m429_b10_943.cnf,100,429,4.29,3,0.0,12.87,3.460216756216292,22,0.0,0.0,0.5058275058275058,0.4902874902874903,400.02999999999975
CBS_k3_n100_m429_b10_908,cbs,CBS_k3_n100_m429_b10,CBS_k3_n100_m429_b10_908.cnf,100,429,4.29,3,0.0,12.87,3.843579061239667,26,0.0,0.0,0.5104895104895105,0.4825174825174825,356.9999999999998
CBS_k3_n100_m429_b10_350,cbs,CBS_k3_n100_m429_b10,CBS_k3_n100_m429_b10_350.cnf,100,429,4.29,3,0.0,12.87,3.5739473974864264,21,0.0,0.0,0.5198135198135199,0.48795648795648794,228.0900000000001
CBS_k3_n100_m429_b10_894,cbs,CBS_k3_n100_m429_b10,CBS_k3_n100_m429_b10_894.cnf,100,429,4.29,3,0.0,12.87,3.189529745902991,22,0.0,0.0,0.4755244755244755,0.5174825174825175,154.21000000000012
CBS_k3_n100_m429_b10_784,cbs,CBS_k3_n100_m429_b10,CBS_k3_n100_m429_b10_784.cnf,100,429,4.29,3,0.0,12.87,3.5288950111897632,22,0.0,0.0,0.48951048951048953,0.515928515928516,399.1000000000002
CBS_k3_n100_m429_b10_386,cbs,CBS_k3_n100_m429_b10,CBS_k3_n100_m429_b10_386.cnf,100,429,4.29,3,0.0,12.87,3.2238331222319805,23,0.0,0.0,0.47785547785547783,0.5073815073815073,205.70000000000002
CBS_k3_n100_m429_b10_593,cbs,CBS_k3_n100_m429_b10,CBS_k3_n100_m429_b10_593.cnf,100,429,4.29,3,0.0,12.87,3.4832599673294555,21,0.0,0.0,0.44755244755244755,0.533022533022533,117.54000000000008
CBS_k3_n100_m429_b10_255,cbs,CBS_k3_n100_m429_b10,CBS_k3_n100_m429_b10_255.cnf,100,429,4.29,3,0.0,12.87,3.6814535172944938,24,0.0,0.0,0.4988344988344988,0.5034965034965035,296.73
CBS_k3_n100_m429_b10_432,cbs,CBS_k3_n100_m429_b10,CBS_k3_n100_m429_b10_432.cnf,100,429,4.29,3,0.0,12.87,3.5288950111897632,23,0.0,0.0,0.5361305361305362,0.4840714840714841,263.44000000000005
CBS_k3_n100_m429_b10_573,cbs,CBS_k3_n100_m429_b10,CBS_k3_n100_m429_b10_573.cnf,100,429,4.29,3,0.0,12.87,3.4544319359338953,21,0.0,0.0,0.48951048951048953,0.5027195027195027,326.53000000000003
CBS_k3_n100_m429_b10_288,cbs,CBS_k3_n100_m429_b10,CBS_k3_n100_m429_b10_288.cnf,100,429,4.29,3,0.0,12.87,3.294404346767409,21,0.0,0.0,0.4405594405594406,0.533022533022533,220.40999999999997
CBS_k3_n100_m429_b10_31,cbs,CBS_k3_n100_m429_b10,CBS_k3_n100_m429_b10_31.cnf,100,429,4.29,3,0.0,12.87,3.230030959603948,19,0.0,0.0,0.5221445221445221,0.48795648795648794,164.16
CBS_k3_n100_m429_b10_19,cbs,CBS_k3_n100_m429_b10,CBS_k3_n100_m429_b10_19.cnf,100,429,4.29,3,0.0,12.87,3.375366646751135,22,0.0,0.0,0.5174825174825175,0.48562548562548563,99.2
CBS_k3_n100_m429_b10_987,cbs,CBS_k3_n100_m429_b10,CBS_k3_n100_m429_b10_987.cnf,100,429,4.29,3,0.0,12.87,3.1643482741316578,20,0.0,0.0,0.4965034965034965,0.5198135198135199,260.78000000000003
CBS_k3_n100_m429_b10_910,cbs,CBS_k3_n100_m429_b10,CBS_k3_n100_m429_b10_910.cnf,100,429,4.29,3,0.0,12.87,3.551492643945641,25,0.0,0.0,0.5034965034965035,0.4965034965034965,179.35999999999999
CBS_k3_n100_m429_b10_951,cbs,CBS_k3_n100_m429_b10,CBS_k3_n100_m429_b10_951.cnf,100,429,4.29,3,0.0,12.87,3.30652385444291,22,0.0,0.0,0.5011655011655012,0.49805749805749805,130.4500000000001
CBS_k3_n100_m429_b10_41,cbs,CBS_k3_n100_m429_b10,CBS_k3_n100_m429_b10_41.cnf,100,429,4.29,3,0.0,12.87,3.5118513635972692,20,0.0,0.0,0.5314685314685315,0.5003885003885004,354.8400000000001
CBS_k3_n100_m429_b10_223,cbs,CBS_k3_n100_m429_b10,CBS_k3_n100_m429_b10_223.cnf,100,429,4.29,3,0.0,12.87,3.4544319359338953,20,0.0,0.0,0.4755244755244755,0.4996114996114996,212.16
CBS_k3_n100_m429_b10_658,cbs,CBS_k3_n100_m429_b10,CBS_k3_n100_m429_b10_658.cnf,100,429,4.29,3,0.0,12.87,3.590696311302308,21,0.0,0.0,0.5314685314685315,0.49417249417249415,179.18000000000006
CBS_k3_n100_m429_b10_548,cbs,CBS_k3_n100_m429_b10,CBS_k3_n100_m429_b10_548.cnf,100,429,4.29,3,0.0,12.87,3.7273448995229836,21,0.0,0.0,0.5058275058275058,0.5034965034965035,167.81000000000006
CBS_k3_n100_m429_b10_431,cbs,CBS_k3_n100_m429_b10,CBS_k3_n100_m429_b10_431.cnf,100,429,4.29,3,0.0,12.87,3.3366300364289714,21,0.0,0.0,0.49184149184149184,0.5081585081585082,146.80000000000004
CBS_k3_n100_m429_b10_277,cbs,CBS_k3_n100_m429_b10,CBS_k3_n100_m429_b10_277.cnf,100,429,4.29,3,0.0,12.87,3.4457364960193924,21,0.0,0.0,0.47785547785547783,0.508935508935509,290.81999999999994
CBS_k3_n100_m429_b10_717,cbs,CBS_k3_n100_m429_b10,CBS_k3_n100_m429_b10_717.cnf,100,429,4.29,3,0.0,12.87,3.590696311302308,24,0.0,0.0,0.5501165501165501,0.4693084693084693,301.94000000000005
CBS_k3_n100_m429_b10_624,cbs,CBS_k3_n100_m429_b10,CBS_k3_n100_m429_b10_624.cnf,100,429,4.29,3,0.0,12.87,3.514697711041449,24,0.0,0.0,0.5011655011655012,0.5042735042735043,187.67000000000007
CBS_k3_n100_m429_b10_91,cbs,CBS_k3_n100_m429_b10,CBS_k3_n100_m429_b10_91.cnf,100,429,4.29,3,0.0,12.87,3.4195175098250337,21,0.0,0.0,0.5337995337995338,0.46464646464646464,130.27
CBS_k3_n100_m429_b10_151,cbs,CBS_k3_n100_m429_b10,CBS_k3_n100_m429_b10_151.cnf,100,429,4.29,3,0.0,12.87,3.3004696635479016,22,0.0,0.0,0.4731934731934732,0.5073815073815073,146.13000000000008
CBS_k3_n100_m429_b10_394,cbs,CBS_k3_n100_m429_b10,CBS_k3_n100_m429_b10_394.cnf,100,429,4.29,3,0.0,12.87,2.76280654407796,19,0.0,0.0,0.49417249417249415,0.4996114996114996,151.70999999999998
CBS_k3_n100_m429_b10_185,cbs,CBS_k3_n100_m429_b10,CBS_k3_n100_m429_b10_185.cnf,100,429,4.29,3,0.0,12.87,3.853971977064701,24,0.0,0.0,0.4801864801864802,0.5205905205905206,400.2300000000001
CBS_k3_n100_m429_b10_38,cbs,CBS_k3_n100_m429_b10,CBS_k3_n100_m429_b10_38.cnf,100,429,4.29,3,0.0,12.87,3.434108326771303,21,0.0,0.0,0.4382284382284382,0.5291375291375291,141.15000000000003
CBS_k3_n100_m429_b10_976,cbs,CBS_k3_n100_m429_b10,CBS_k3_n100_m429_b10_976.cnf,100,429,4.29,3,0.0,12.87,3.4803879094146963,23,0.0,0.0,0.4965034965034965,0.4972804972804973,227.40000000000003
CBS_k3_n100_m429_b10_368,cbs,CBS_k3_n100_m429_b10,CBS_k3_n100_m429_b10_368.cnf,100,429,4.29,3,0.0,12.87,3.6018189849019344,24,0.0,0.0,0.4988344988344988,0.5011655011655012,213.6900000000001
CBS_k3_n100_m429_b10_348,cbs,CBS_k3_n100_m429_b10,CBS_k3_n100_m429_b10_348.cnf,100,429,4.29,3,0.0,12.87,3.618438889908188,23,0.0,0.0,0.5244755244755245,0.49106449106449107,131.46000000000004
CBS_k3_n100_m429_b10_930,cbs,CBS_k3_n100_m429_b10,CBS_k3_n100_m429_b10_930.cnf,100,429,4.29,3,0.0,12.87,3.740735221851448,20,0.0,0.0,0.49184149184149184,0.5198135198135199,203.95999999999998
CBS_k3_n100_m429_b10_64,cbs,CBS_k3_n100_m429_b10,CBS_k3_n100_m429_b10_64.cnf,100,429,4.29,3,0.0,12.87,3.3812867373235296,23,0.0,0.0,0.5268065268065268,0.48795648795648794,298.5800000000001
CBS_k3_n100_m429_b10_494,cbs,CBS_k3_n100_m429_b10,CBS_k3_n100_m429_b10_494.cnf,100,429,4.29,3,0.0,12.87,3.0221019175401747,19,0.0,0.0,0.5151515151515151,0.4965034965034965,186.92000000000007
CBS_k3_n100_m429_b10_852,cbs,CBS_k3_n100_m429_b10,CBS_k3_n100_m429_b10_852.cnf,100,429,4.29,3,0.0,12.87,3.5061517365909878,21,0.0,0.0,0.48951048951048953,0.5104895104895105,400.15000000000003
CBS_k3_n100_m429_b10_611,cbs,CBS_k3_n100_m429_b10,CBS_k3_n100_m429_b10_611.cnf,100,429,4.29,3,0.0,12.87,3.6514517660788015,23,0.0,0.0,0.4988344988344988,0.5167055167055167,110.44000000000008
CBS_k3_n100_m429_b10_890,cbs,CBS_k3_n100_m429_b10,CBS_k3_n100_m429_b10_890.cnf,100,429,4.29,3,0.0,12.87,3.3901474894169428,24,0.0,0.0,0.4755244755244755,0.5167055167055167,143.4500000000001
CBS_k3_n100_m429_b10_333,cbs,CBS_k3_n100_m429_b10,CBS_k3_n100_m429_b10_333.cnf,100,429,4.29,3,0.0,12.87,3.2362169272160974,21,0.0,0.0,0.48717948717948717,0.508935508935509,316.6100000000001
CBS_k3_n100_m429_b10_619,cbs,CBS_k3_n100_m429_b10,CBS_k3_n100_m429_b10_619.cnf,100,429,4.29,3,0.0,12.87,3.6623899300866367,23,0.0,0.0,0.4988344988344988,0.5019425019425019,370.22
CBS_k3_n100_m429_b10_119,cbs,CBS_k3_n100_m429_b10,CBS_k3_n100_m429_b10_119.cnf,100,429,4.29,3,0.0,12.87,3.6514517660788015,26,0.0,0.0,0.4965034965034965,0.5011655011655012,264.7600000000001
CBS_k3_n100_m429_b10_125,cbs,CBS_k3_n100_m429_b10,CBS_k3_n100_m429_b10_125.cnf,100,429,4.29,3,0.0,12.87,3.656924937703808,22,0.0,0.0,0.4965034965034965,0.5073815073815073,252.21
CBS_k3_n100_m429_b10_654,cbs,CBS_k3_n100_m429_b10,CBS_k3_n100_m429_b10_654.cnf,100,429,4.29,3,0.0,12.87,3.428279451853364,20,0.0,0.0,0.4592074592074592,0.5182595182595182,204.05999999999992
CBS_k3_n100_m429_b10_107,cbs,CBS_k3_n100_m429_b10,CBS_k3_n100_m429_b10_107.cnf,100,429,4.29,3,0.0,12.87,3.0940426629249957,21,0.0,0.0,0.5501165501165501,0.46153846153846156,231.07
CBS_k3_n100_m429_b10_298,cbs,CBS_k3_n100_m429_b10,CBS_k3_n100_m429_b10_298.cnf,100,429,4.29,3,0.0,12.87,3.643226591909979,27,0.0,0.0,0.5221445221445221,0.48096348096348096,142.17000000000004
CBS_k3_n100_m429_b10_837,cbs,CBS_k3_n100_m429_b10,CBS_k3_n100_m429_b10_837.cnf,100,429,4.29,3,0.0,12.87,3.5962619481900924,23,0.0,0.0,0.47785547785547783,0.4965034965034965,171.61000000000013
CBS_k3_n100_m429_b10_365,cbs,CBS_k3_n100_m429_b10,CBS_k3_n100_m429_b10_365.cnf,100,429,4.29,3,0.0,12.87,3.3366300364289714,22,0.0,0.0,0.48484848484848486,0.508935508935509,271.58000000000004
CBS_k3_n100_m429_b10_147,cbs,CBS_k3_n100_m429_b10,CBS_k3_n100_m429_b10_147.cnf,100,429,4.29,3,0.0,12.87,3.2145139601501187,21,0.0,0.0,0.5384615384615384,0.47086247086247085,167.95000000000002
CBS_k3_n100_m429_b10_587,cbs,CBS_k3_n100_m429_b10,CBS_k3_n100_m429_b10_587.cnf,100,429,4.29,3,0.0,12.87,3.339625727532952,24,0.0,0.0,0.4988344988344988,0.4965034965034965,163.95
CBS_k3_n100_m429_b10_287,cbs,CBS_k3_n100_m429_b10,CBS_k3_n100_m429_b10_287.cnf,100,429,4.29,3,0.0,12.87,3.119791659710629,22,0.0,0.0,0.5337995337995338,0.48484848484848486,252.08999999999997
CBS_k3_n100_m429_b10_642,cbs,CBS_k3_n100_m429_b10,CBS_k3_n100_m429_b10_642.cnf,100,429,4.29,3,0.0,12.87,3.5402118580672544,26,0.0,0.0,0.46153846153846156,0.5252525252525253,174.29000000000002
CBS_k3_n100_m429_b10_721,cbs,CBS_k3_n100_m429_b10,CBS_k3_n100_m429_b10_721.cnf,100,429,4.29,3,0.0,12.87,3.759401548119062,24,0.0,0.0,0.49417249417249415,0.5019425019425019,157.60000000000005
CBS_k3_n100_m429_b10_695,cbs,CBS_k3_n100_m429_b10,CBS_k3_n100_m429_b10_695.cnf,100,429,4.29,3,0.0,12.87,3.3989851426565547,21,0.0,0.0,0.5128205128205128,0.4926184926184926,250.61000000000018
CBS_k3_n100_m429_b10_879,cbs,CBS_k3_n100_m429_b10,CBS_k3_n100_m429_b10_879.cnf,100,429,4.29,3,0.0,12.87,3.17381473939485,20,0.0,0.0,0.5151515151515151,0.4755244755244755,260.50999999999993
CBS_k3_n100_m429_b10_161,cbs,CBS_k3_n100_m429_b10,CBS_k3_n100_m429_b10_161.cnf,100,429,4.29,3,0.0,12.87,3.5317276225666103,23,0.0,0.0,0.48484848484848486,0.5042735042735043,374.3799999999999
CBS_k3_n100_m429_b10_588,cbs,CBS_k3_n100_m429_b10,CBS_k3_n100_m429_b10_588.cnf,100,429,4.29,3,0.0,12.87,2.992173123333608,20,0.0,0.0,0.5244755244755245,0.48951048951048953,164.05000000000007
CBS_k3_n100_m429_b10_195,cbs,CBS_k3_n100_m429_b10,CBS_k3_n100_m429_b10_195.cnf,100,429,4.29,3,0.0,12.87,3.5032984457508043,22,0.0,0.0,0.5011655011655012,0.49805749805749805,114.16000000000008
CBS_k3_n100_m429_b10_542,cbs,CBS_k3_n100_m429_b10,CBS_k3_n100_m429_b10_542.cnf,100,429,4.29,3,0.0,12.87,3.0680775739866815,25,0.0,0.0,0.48484848484848486,0.508935508935509,144.22000000000008
CBS_k3_n100_m429_b10_63,cbs,CBS_k3_n100_m429_b10,CBS_k3_n100_m429_b10_63.cnf,100,429,4.29,3,0.0,12.87,3.260843449170782,21,0.0,0.0,0.48951048951048953,0.5034965034965035,176.9400000000001
CBS_k3_n100_m429_b10_766,cbs,CBS_k3_n100_m429_b10,CBS_k3_n100_m429_b10_766.cnf,100,429,4.29,3,0.0,12.87,3.3871964808673263,22,0.0,0.0,0.4801864801864802,0.5027195027195027,311.3500000000002
CBS_k3_n100_m429_b10_361,cbs,CBS_k3_n100_m429_b10,CBS_k3_n100_m429_b10_361.cnf,100,429,4.29,3,0.0,12.87,3.2547042876427343,21,0.0,0.0,0.47785547785547783,0.4988344988344988,238.89999999999998
CBS_k3_n100_m429_b10_359,cbs,CBS_k3_n100_m429_b10,CBS_k3_n100_m429_b10_359.cnf,100,429,4.29,3,0.0,12.87,3.1706623913624106,20,0.0,0.0,0.47785547785547783,0.526029526029526,178.60000000000002
CBS_k3_n100_m429_b10_686,cbs,CBS_k3_n100_m429_b10,CBS_k3_n100_m429_b10_686.cnf,100,429,4.29,3,0.0,12.87,3.416591869099966,22,0.0,0.0,0.4755244755244755,0.5167055167055167,123.85000000000004
CBS_k3_n100_m429_b10_133,cbs,CBS_k3_n100_m429_b10,CBS_k3_n100_m429_b10_133.cnf,100,429,4.29,3,0.0,12.87,4.00663200206857,27,0.0,0.0,0.47785547785547783,0.4988344988344988,184.3
CBS_k3_n100_m429_b10_629,cbs,CBS_k3_n100_m429_b10,CBS_k3_n100_m429_b10_629.cnf,100,429,4.29,3,0.0,12.87,3.3694361546110354,21,0.0,0.0,0.48484848484848486,0.5112665112665112,114.26000000000003
CBS_k3_n100_m429_b10_375,cbs,CBS_k3_n100_m429_b10,CBS_k3_n100_m429_b10_375.cnf,100,429,4.29,3,0.0,12.87,3.629476546280469,28,0.0,0.0,0.48717948717948717,0.5213675213675214,230.8
CBS_k3_n100_m429_b10_71,cbs,CBS_k3_n100_m429_b10,CBS_k3_n100_m429_b10_71.cnf,100,429,4.29,3,0.0,12.87,3.607367461182739,23,0.0,0.0,0.5174825174825175,0.49805749805749805,166.66000000000005
CBS_k3_n100_m429_b10_158,cbs,CBS_k3_n100_m429_b10,CBS_k3_n100_m429_b10_158.cnf,100,429,4.29,3,0.0,12.87,3.7192875661879117,22,0.0,0.0,0.5034965034965035,0.49805749805749805,354.14000000000016
CBS_k3_n100_m429_b10_346,cbs,CBS_k3_n100_m429_b10,CBS_k3_n100_m429_b10_346.cnf,100,429,4.29,3,0.0,12.87,3.3605207929724226,22,0.0,0.0,0.4568764568764569,0.5128205128205128,177.33000000000013
CBS_k3_n100_m429_b10_159,cbs,CBS_k3_n100_m429_b10,CBS_k3_n100_m429_b10_159.cnf,100,429,4.29,3,0.0,12.87,3.3694361546110354,21,0.0,0.0,0.4731934731934732,0.5066045066045066,201.72
CBS_k3_n100_m429_b10_385,cbs,CBS_k3_n100_m429_b10,CBS_k3_n100_m429_b10_385.cnf,100,429,4.29,3,0.0,12.87,3.5288950111897632,22,0.0,0.0,0.4755244755244755,0.5236985236985237,158.71
CBS_k3_n100_m429_b10_592,cbs,CBS_k3_n100_m429_b10,CBS_k3_n100_m429_b10_592.cnf,100,429,4.29,3,0.0,12.87,3.936127538584084,27,0.0,0.0,0.5407925407925408,0.4755244755244755,102.53000000000006
CBS_k3_n100_m429_b10_998,cbs,CBS_k3_n100_m429_b10,CBS_k3_n100_m429_b10_998.cnf,100,429,4.29,3,0.0,12.87,3.6814535172944938,26,0.0,0.0,0.47086247086247085,0.5291375291375291,142.81
CBS_k3_n100_m429_b10_741,cbs,CBS_k3_n100_m429_b10,CBS_k3_n100_m429_b10_741.cnf,100,429,4.29,3,0.0,12.87,3.5345579638761055,24,0.0,0.0,0.45454545454545453,0.5221445221445221,81.30000000000004
CBS_k3_n100_m429_b10_777,cbs,CBS_k3_n100_m429_b10,CBS_k3_n100_m429_b10_777.cnf,100,429,4.29,3,0.0,12.87,3.0843313700054993,21,0.0,0.0,0.5361305361305362,0.47863247863247865,109.39000000000007
CBS_k3_n100_m429_b10_393,cbs,CBS_k3_n100_m429_b10,CBS_k3_n100_m429_b10_393.cnf,100,429,4.29,3,0.0,12.87,4.131960793618449,21,0.0,0.0,0.5011655011655012,0.4996114996114996,224.0900000000001
CBS_k3_n100_m429_b10_442,cbs,CBS_k3_n100_m429_b10,CBS_k3_n100_m429_b10_442.cnf,100,429,4.29,3,0.0,12.87,3.375366646751135,20,0.0,0.0,0.5011655011655012,0.5042735042735043,321.55000000000007
CBS_k3_n100_m429_b10_504,cbs,CBS_k3_n100_m429_b10,CBS_k3_n100_m429_b10_504.cnf,100,429,4.29,3,0.0,12.87,3.6322307195441206,21,0.0,0.0,0.4801864801864802,0.5244755244755245,398.79999999999995
CBS_k3_n100_m429_b10_569,cbs,CBS_k3_n100_m429_b10,CBS_k3_n100_m429_b10_569.cnf,100,429,4.29,3,0.0,12.87,3.523222956328481,26,0.0,0.0,0.5174825174825175,0.4864024864024864,104.97000000000003
CBS_k3_n100_m429_b10_295,cbs,CBS_k3_n100_m429_b10,CBS_k3_n100_m429_b10_295.cnf,100,429,4.29,3,0.0,12.87,3.2393054811178277,20,0.0,0.0,0.4568764568764569,0.5182595182595182,306.89000000000016
CBS_k3_n100_m429_b10_807,cbs,CBS_k3_n100_m429_b10,CBS_k3_n100_m429_b10_807.cnf,100,429,4.29,3,0.0,12.87,3.4195175098250337,22,0.0,0.0,0.5291375291375291,0.47863247863247865,278.4699999999999
CBS_k3_n100_m429_b10_491,cbs,CBS_k3_n100_m429_b10,CBS_k3_n100_m429_b10_491.cnf,100,429,4.29,3,0.0,12.87,3.339625727532952,22,0.0,0.0,0.5151515151515151,0.49184149184149184,130.80000000000007
CBS_k3_n100_m429_b10_787,cbs,CBS_k3_n100_m429_b10,CBS_k3_n100_m429_b10_787.cnf,100,429,4.29,3,0.0,12.87,3.30652385444291,20,0.0,0.0,0.5291375291375291,0.4840714840714841,85.57000000000005
CBS_k3_n100_m429_b10_178,cbs,CBS_k3_n100_m429_b10,CBS_k3_n100_m429_b10_178.cnf,100,429,4.29,3,0.0,12.87,3.2269335289094507,21,0.0,0.0,0.48484848484848486,0.5058275058275058,168.70000000000007
CBS_k3_n100_m429_b10_155,cbs,CBS_k3_n100_m429_b10,CBS_k3_n100_m429_b10_155.cnf,100,429,4.29,3,0.0,12.87,3.3456090626371755,22,0.0,0.0,0.49184149184149184,0.5011655011655012,398.14000000000004
CBS_k3_n100_m429_b10_842,cbs,CBS_k3_n100_m429_b10,CBS_k3_n100_m429_b10_842.cnf,100,429,4.29,3,0.0,12.87,3.2669710742521123,22,0.0,0.0,0.4965034965034965,0.5073815073815073,196.02
CBS_k3_n100_m449_b90_568,cbs,CBS_k3_n100_m449_b90,CBS_k3_n100_m449_b90_568.cnf,100,449,4.49,3,0.0,13.47,3.3059189342753097,23,0.0,0.0,0.532293986636971,0.47884187082405344,315.8599999999999
CBS_k3_n100_m449_b90_762,cbs,CBS_k3_n100_m449_b90,CBS_k3_n100_m449_b90_762.cnf,100,449,4.49,3,0.0,13.47,3.2998636335460896,23,0.0,0.0,0.512249443207127,0.4974016332590943,401.72999999999996
CBS_k3_n100_m449_b90_765,cbs,CBS_k3_n100_m449_b90,CBS_k3_n100_m449_b90_765.cnf,100,449,4.49,3,0.0,13.47,4.107200993377363,25,0.0,0.0,0.5189309576837416,0.48997772828507796,203.11000000000004
CBS_k3_n100_m449_b90_693,cbs,CBS_k3_n100_m449_b90,CBS_k3_n100_m449_b90_693.cnf,100,449,4.49,3,0.0,13.47,3.726808285919736,25,0.0,0.0,0.5055679287305123,0.4914625092798812,257.6600000000001
CBS_k3_n100_m449_b90_469,cbs,CBS_k3_n100_m449_b90,CBS_k3_n100_m449_b90_469.cnf,100,449,4.49,3,0.0,13.47,3.740200529383418,22,0.0,0.0,0.4766146993318486,0.5270972531551597,400.91
CBS_k3_n100_m449_b90_709,cbs,CBS_k3_n100_m449_b90,CBS_k3_n100_m449_b90_709.cnf,100,449,4.49,3,0.0,13.47,3.7959320331112356,25,0.0,0.0,0.49665924276169265,0.5100222717149221,182.07000000000002
CBS_k3_n100_m449_b90_662,cbs,CBS_k3_n100_m449_b90,CBS_k3_n100_m449_b90_662.cnf,100,449,4.49,3,0.0,13.47,3.737525919642565,22,0.0,0.0,0.5077951002227171,0.4884929472902747,100.22000000000004
CBS_k3_n100_m449_b90_560,cbs,CBS_k3_n100_m449_b90,CBS_k3_n100_m449_b90_560.cnf,100,449,4.49,3,0.0,13.47,3.278582010564933,21,0.0,0.0,0.48329621380846327,0.5115070527097253,294.91
CBS_k3_n100_m449_b90_872,cbs,CBS_k3_n100_m449_b90,CBS_k3_n100_m449_b90_872.cnf,100,449,4.49,3,0.0,13.47,3.3300300298946253,22,0.0,0.0,0.5478841870824054,0.48329621380846327,283.41
CBS_k3_n100_m449_b90_220,cbs,CBS_k3_n100_m449_b90,CBS_k3_n100_m449_b90_220.cnf,100,449,4.49,3,0.0,13.47,3.945769886853515,25,0.0,0.0,0.5055679287305123,0.5063103192279139,321.67
CBS_k3_n100_m449_b90_829,cbs,CBS_k3_n100_m449_b90,CBS_k3_n100_m449_b90_829.cnf,100,449,4.49,3,0.0,13.47,3.5761851182510114,24,0.0,0.0,0.5233853006681515,0.48478099480326653,402.87
CBS_k3_n100_m449_b90_167,cbs,CBS_k3_n100_m449_b90,CBS_k3_n100_m449_b90_167.cnf,100,449,4.49,3,0.0,13.47,4.00613279859767,27,0.0,0.0,0.5189309576837416,0.4892353377876763,232.3000000000001
CBS_k3_n100_m449_b90_671,cbs,CBS_k3_n100_m449_b90,CBS_k3_n100_m449_b90_671.cnf,100,449,4.49,3,0.0,13.47,3.342020347035607,28,0.0,0.0,0.4922048997772829,0.49665924276169265,317.5600000000001
CBS_k3_n100_m449_b90_975,cbs,CBS_k3_n100_m449_b90,CBS_k3_n100_m449_b90_975.cnf,100,449,4.49,3,0.0,13.47,4.068058504987361,24,0.0,0.0,0.5300668151447662,0.4803266518188567,347.9599999999999
CBS_k3_n100_m449_b90_943,cbs,CBS_k3_n100_m449_b90,CBS_k3_n100_m449_b90_943.cnf,100,449,4.49,3,0.0,13.47,4.016105078306592,26,0.0,0.0,0.5167037861915368,0.495916852264291,169.84000000000003
CBS_k3_n100_m449_b90_908,cbs,CBS_k3_n100_m449_b90,CBS_k3_n100_m449_b90_908.cnf,100,449,4.49,3,0.0,13.47,3.63993131803335,23,0.0,0.0,0.5077951002227171,0.4892353377876763,177.27000000000004
CBS_k3_n100_m449_b90_350,cbs,CBS_k3_n100_m449_b90,CBS_k3_n100_m449_b90_350.cnf,100,449,4.49,3,0.0,13.47,3.5084326985136824,23,0.0,0.0,0.48775055679287305,0.5144766146993318,156.87000000000006
CBS_k3_n100_m449_b90_894,cbs,CBS_k3_n100_m449_b90,CBS_k3_n100_m449_b90_894.cnf,100,449,4.49,3,0.0,13.47,3.392506448041035,22,0.0,0.0,0.45434298440979953,0.5174461766889383,398.91000000000014
CBS_k3_n100_m449_b90_784,cbs,CBS_k3_n100_m449_b90,CBS_k3_n100_m449_b90_784.cnf,100,449,4.49,3,0.0,13.47,3.257161340799685,21,0.0,0.0,0.46547884187082406,0.5159613956941351,149.19000000000005
CBS_k3_n100_m449_b90_386,cbs,CBS_k3_n100_m449_b90,CBS_k3_n100_m449_b90_386.cnf,100,449,4.49,3,0.0,13.47,3.6836259310630335,23,0.0,0.0,0.46325167037861914,0.526354862657758,128.42000000000002
CBS_k3_n100_m449_b90_593,cbs,CBS_k3_n100_m449_b90,CBS_k3_n100_m449_b90_593.cnf,100,449,4.49,3,0.0,13.47,3.4101466244136778,22,0.0,0.0,0.534521158129176,0.4884929472902747,400.16
CBS_k3_n100_m449_b90_255,cbs,CBS_k3_n100_m449_b90,CBS_k3_n100_m449_b90_255.cnf,100,449,4.49,3,0.0,13.47,3.3836518733463112,23,0.0,0.0,0.44988864142538976,0.5248700816629547,251.6500000000001
CBS_k3_n100_m449_b90_432,cbs,CBS_k3_n100_m449_b90,CBS_k3_n100_m449_b90_432.cnf,100,449,4.49,3,0.0,13.47,4.0359757184601595,24,0.0,0.0,0.4766146993318486,0.5137342242019303,399.97
CBS_k3_n100_m449_b90_573,cbs,CBS_k3_n100_m449_b90,CBS_k3_n100_m449_b90_573.cnf,100,449,4.49,3,0.0,13.47,3.0966271974520923,20,0.0,0.0,0.4766146993318486,0.5048255382331106,125.34000000000007
CBS_k3_n100_m449_b90_288,cbs,CBS_k3_n100_m449_b90,CBS_k3_n100_m449_b90_288.cnf,100,449,4.49,3,0.0,13.47,3.769495987529367,28,0.0,0.0,0.5077951002227171,0.4974016332590943,223.29000000000002
CBS_k3_n100_m449_b90_31,cbs,CBS_k3_n100_m449_b90,CBS_k3_n100_m449_b90_31.cnf,100,449,4.49,3,0.0,13.47,3.6781924908846193,25,0.0,0.0,0.47438752783964366,0.5055679287305123,389.15000000000003
CBS_k3_n100_m449_b90_19,cbs,CBS_k3_n100_m449_b90,CBS_k3_n100_m449_b90_19.cnf,100,449,4.49,3,0.0,13.47,3.93561939216688,23,0.0,0.0,0.5456570155902004,0.47512991833704527,392.62000000000006
CBS_k3_n100_m449_b90_987,cbs,CBS_k3_n100_m449_b90,CBS_k3_n100_m449_b90_987.cnf,100,449,4.49,3,0.0,13.47,3.620649113073511,23,0.0,0.0,0.43875278396436523,0.5285820341499629,169.73999999999998
CBS_k3_n100_m449_b90_910,cbs,CBS_k3_n100_m449_b90,CBS_k3_n100_m449_b90_910.cnf,100,449,4.49,3,0.0,13.47,3.0674256307203276,23,0.0,0.0,0.5256124721603563,0.4803266518188567,231.58000000000007
CBS_k3_n100_m449_b90_951,cbs,CBS_k3_n100_m449_b90,CBS_k3_n100_m449_b90_951.cnf,100,449,4.49,3,0.0,13.47,3.49415225770143,25,0.0,0.0,0.48329621380846327,0.5115070527097253,233.91000000000008
CBS_k3_n100_m449_b90_41,cbs,CBS_k3_n100_m449_b90,CBS_k3_n100_m449_b90_41.cnf,100,449,4.49,3,0.0,13.47,3.6700272478552525,24,0.0,0.0,0.5278396436525612,0.48329621380846327,107.46000000000006
CBS_k3_n100_m449_b90_223,cbs,CBS_k3_n100_m449_b90,CBS_k3_n100_m449_b90_223.cnf,100,449,4.49,3,0.0,13.47,3.3509849298377934,23,0.0,0.0,0.5412026726057907,0.48329621380846327,242.20000000000007
CBS_k3_n100_m449_b90_658,cbs,CBS_k3_n100_m449_b90,CBS_k3_n100_m449_b90_658.cnf,100,449,4.49,3,0.0,13.47,3.4798132133779824,21,0.0,0.0,0.5055679287305123,0.4884929472902747,179.03000000000003
CBS_k3_n100_m449_b90_548,cbs,CBS_k3_n100_m449_b90,CBS_k3_n100_m449_b90_548.cnf,100,449,4.49,3,0.0,13.47,3.1127319190704488,22,0.0,0.0,0.5278396436525612,0.48997772828507796,217.95
CBS_k3_n100_m449_b90_431,cbs,CBS_k3_n100_m449_b90,CBS_k3_n100_m449_b90_431.cnf,100,449,4.49,3,0.0,13.47,3.5509294557904134,23,0.0,0.0,0.48552338530066813,0.5152190051967335,121.44000000000008
CBS_k3_n100_m449_b90_277,cbs,CBS_k3_n100_m449_b90,CBS_k3_n100_m449_b90_277.cnf,100,449,4.49,3,0.0,13.47,3.7959320331112356,27,0.0,0.0,0.5211581291759465,0.4981440237564959,401.66000000000014
CBS_k3_n100_m449_b90_717,cbs,CBS_k3_n100_m449_b90,CBS_k3_n100_m449_b90_717.cnf,100,449,4.49,3,0.0,13.47,3.7187497899159605,23,0.0,0.0,0.5011135857461024,0.5137342242019303,244.65000000000006
CBS_k3_n100_m449_b90_624,cbs,CBS_k3_n100_m449_b90,CBS_k3_n100_m449_b90_624.cnf,100,449,4.49,3,0.0,13.47,3.6040394004505556,25,0.0,0.0,0.5077951002227171,0.5011135857461024,126.99000000000011
CBS_k3_n100_m449_b90_91,cbs,CBS_k3_n100_m449_b90,CBS_k3_n100_m449_b90_91.cnf,100,449,4.49,3,0.0,13.47,3.667301460202038,22,0.0,0.0,0.48106904231625836,0.5092798812175204,256.37
CBS_k3_n100_m449_b90_151,cbs,CBS_k3_n100_m449_b90,CBS_k3_n100_m449_b90_151.cnf,100,449,4.49,3,0.0,13.47,3.0181285592234137,20,0.0,0.0,0.46770601336302897,0.5189309576837416,258.86000000000007
CBS_k3_n100_m449_b90_394,cbs,CBS_k3_n100_m449_b90,CBS_k3_n100_m449_b90_394.cnf,100,449,4.49,3,0.0,13.47,4.269555011942111,26,0.0,0.0,0.5167037861915368,0.5018559762435041,781.6599999999992
CBS_k3_n100_m449_b90_185,cbs,CBS_k3_n100_m449_b90,CBS_k3_n100_m449_b90_185.cnf,100,449,4.49,3,0.0,13.47,3.98862131569293,25,0.0,0.0,0.5278396436525612,0.4840386043058649,207.37
CBS_k3_n100_m449_b90_38,cbs,CBS_k3_n100_m449_b90,CBS_k3_n100_m449_b90_38.cnf,100,449,4.49,3,0.0,13.47,3.617886123138759,24,0.0,0.0,0.5077951002227171,0.48997772828507796,253.27
CBS_k3_n100_m449_b90_976,cbs,CBS_k3_n100_m449_b90,CBS_k3_n100_m449_b90_976.cnf,100,449,4.49,3,0.0,13.47,3.6289254607941452,23,0.0,0.0,0.5055679287305123,0.495916852264291,140.99000000000007
CBS_k3_n100_m449_b90_368,cbs,CBS_k3_n100_m449_b90,CBS_k3_n100_m449_b90_368.cnf,100,449,4.49,3,0.0,13.47,3.631680051986959,25,0.0,0.0,0.48775055679287305,0.5092798812175204,240.35999999999993
CBS_k3_n100_m449_b90_348,cbs,CBS_k3_n100_m449_b90,CBS_k3_n100_m449_b90_348.cnf,100,449,4.49,3,0.0,13.47,3.835244451139979,23,0.0,0.0,0.5011135857461024,0.5033407572383074,142.12000000000003
CBS_k3_n100_m449_b90_930,cbs,CBS_k3_n100_m449_b90,CBS_k3_n100_m449_b90_930.cnf,100,449,4.49,3,0.0,13.47,3.424777365026813,22,0.0,0.0,0.5300668151447662,0.48181143281366,285.41
CBS_k3_n100_m449_b90_64,cbs,CBS_k3_n100_m449_b90,CBS_k3_n100_m449_b90_64.cnf,100,449,4.49,3,0.0,13.47,3.830026109571578,23,0.0,0.0,0.4922048997772829,0.5025983667409057,313.1800000000001
CBS_k3_n100_m449_b90_494,cbs,CBS_k3_n100_m449_b90,CBS_k3_n100_m449_b90_494.cnf,100,449,4.49,3,0.0,13.47,3.173184520320241,23,0.0,0.0,0.5389755011135857,0.47141796585003715,363.21000000000015
CBS_k3_n100_m449_b90_852,cbs,CBS_k3_n100_m449_b90,CBS_k3_n100_m449_b90_852.cnf,100,449,4.49,3,0.0,13.47,3.4769383083396805,24,0.0,0.0,0.47884187082405344,0.5033407572383074,344.91
CBS_k3_n100_m449_b90_611,cbs,CBS_k3_n100_m449_b90,CBS_k3_n100_m449_b90_611.cnf,100,449,4.49,3,0.0,13.47,3.853452996988545,21,0.0,0.0,0.43875278396436523,0.5315515961395694,225.56
CBS_k3_n100_m449_b90_890,cbs,CBS_k3_n100_m449_b90,CBS_k3_n100_m449_b90_890.cnf,100,449,4.49,3,0.0,13.47,3.3777359281033204,23,0.0,0.0,0.5077951002227171,0.49665924276169265,89.48000000000006
CBS_k3_n100_m449_b90_333,cbs,CBS_k3_n100_m449_b90,CBS_k3_n100_m449_b90_333.cnf,100,449,4.49,3,0.0,13.47,3.598485792663353,24,0.0,0.0,0.46325167037861914,0.5270972531551597,105.32000000000005
CBS_k3_n100_m449_b90_619,cbs,CBS_k3_n100_m449_b90,CBS_k3_n100_m449_b90_619.cnf,100,449,4.49,3,0.0,13.47,3.1982964215344394,22,0.0,0.0,0.5033407572383074,0.5011135857461024,230.3700000000001
CBS_k3_n100_m449_b90_119,cbs,CBS_k3_n100_m449_b90,CBS_k3_n100_m449_b90_119.cnf,100,449,4.49,3,0.0,13.47,3.592923600635004,23,0.0,0.0,0.48552338530066813,0.5085374907201188,142.81000000000003
CBS_k3_n100_m449_b90_125,cbs,CBS_k3_n100_m449_b90,CBS_k3_n100_m449_b90_125.cnf,100,449,4.49,3,0.0,13.47,3.5873527844358994,21,0.0,0.0,0.5033407572383074,0.49368968077208614,407.2100000000002
CBS_k3_n100_m449_b90_654,cbs,CBS_k3_n100_m449_b90,CBS_k3_n100_m449_b90_654.cnf,100,449,4.49,3,0.0,13.47,3.9533656547301566,31,0.0,0.0,0.48106904231625836,0.5196733481811433,400.8900000000001
CBS_k3_n100_m449_b90_107,cbs,CBS_k3_n100_m449_b90,CBS_k3_n100_m449_b90_107.cnf,100,449,4.49,3,0.0,13.47,3.2998636335460896,21,0.0,0.0,0.5211581291759465,0.4922048997772829,116.43000000000006
CBS_k3_n100_m449_b90_298,cbs,CBS_k3_n100_m449_b90,CBS_k3_n100_m449_b90_298.cnf,100,449,4.49,3,0.0,13.47,3.5761851182510114,22,0.0,0.0,0.49665924276169265,0.4951744617668894,234.39000000000004
CBS_k3_n100_m449_b90_837,cbs,CBS_k3_n100_m449_b90,CBS_k3_n100_m449_b90_837.cnf,100,449,4.49,3,0.0,13.47,3.592923600635004,21,0.0,0.0,0.5100222717149221,0.47884187082405344,183.52000000000004
CBS_k3_n100_m449_b90_365,cbs,CBS_k3_n100_m449_b90,CBS_k3_n100_m449_b90_365.cnf,100,449,4.49,3,0.0,13.47,3.5957057721676837,23,0.0,0.0,0.5189309576837416,0.4981440237564959,207.44000000000008
CBS_k3_n100_m449_b90_147,cbs,CBS_k3_n100_m449_b90,CBS_k3_n100_m449_b90_147.cnf,100,449,4.49,3,0.0,13.47,3.64816392175571,26,0.0,0.0,0.5144766146993318,0.4929472902746845,398.98
CBS_k3_n100_m449_b90_587,cbs,CBS_k3_n100_m449_b90,CBS_k3_n100_m449_b90_587.cnf,100,449,4.49,3,0.0,13.47,3.4970130111282116,23,0.0,0.0,0.5300668151447662,0.4840386043058649,401.5100000000001
CBS_k3_n100_m449_b90_287,cbs,CBS_k3_n100_m449_b90,CBS_k3_n100_m449_b90_287.cnf,100,449,4.49,3,0.0,13.47,4.040928111214056,26,0.0,0.0,0.46993318485523383,0.5144766146993318,399.78999999999996
CBS_k3_n100_m449_b90_642,cbs,CBS_k3_n100_m449_b90,CBS_k3_n100_m449_b90_642.cnf,100,449,4.49,3,0.0,13.47,3.2663588290327197,22,0.0,0.0,0.5523385300668151,0.47438752783964366,92.00000000000003
CBS_k3_n100_m449_b90_721,cbs,CBS_k3_n100_m449_b90,CBS_k3_n100_m449_b90_721.cnf,100,449,4.49,3,0.0,13.47,3.8404557021270276,24,0.0,0.0,0.46993318485523383,0.5137342242019303,120.38000000000005
CBS_k3_n100_m449_b90_695,cbs,CBS_k3_n100_m449_b90,CBS_k3_n100_m449_b90_695.cnf,100,449,4.49,3,0.0,13.47,3.3599255944142574,22,0.0,0.0,0.5300668151447662,0.4922048997772829,233.32
CBS_k3_n100_m449_b90_879,cbs,CBS_k3_n100_m449_b90,CBS_k3_n100_m449_b90_879.cnf,100,449,4.49,3,0.0,13.47,3.809081254055891,25,0.0,0.0,0.5300668151447662,0.47141796585003715,301.58000000000004
CBS_k3_n100_m449_b90_161,cbs,CBS_k3_n100_m449_b90,CBS_k3_n100_m449_b90_161.cnf,100,449,4.49,3,0.0,13.47,3.456747025745448,22,0.0,0.0,0.5412026726057907,0.46919079435783223,400.0100000000001
CBS_k3_n100_m449_b90_588,cbs,CBS_k3_n100_m449_b90,CBS_k3_n100_m449_b90_588.cnf,100,449,4.49,3,0.0,13.47,3.3149811462510614,22,0.0,0.0,0.42538975501113585,0.5449146250927989,122.15000000000006
CBS_k3_n100_m449_b90_195,cbs,CBS_k3_n100_m449_b90,CBS_k3_n100_m449_b90_195.cnf,100,449,4.49,3,0.0,13.47,3.6068129976476464,21,0.0,0.0,0.5389755011135857,0.46919079435783223,393.04
CBS_k3_n100_m449_b90_542,cbs,CBS_k3_n100_m449_b90,CBS_k3_n100_m449_b90_542.cnf,100,449,4.49,3,0.0,13.47,4.070515937814272,23,0.0,0.0,0.46770601336302897,0.5167037861915368,136.68000000000006
CBS_k3_n100_m449_b90_63,cbs,CBS_k3_n100_m449_b90,CBS_k3_n100_m449_b90_63.cnf,100,449,4.49,3,0.0,13.47,3.6809102135205634,25,0.0,0.0,0.45657015590200445,0.5285820341499629,401.75000000000006
CBS_k3_n100_m449_b90_766,cbs,CBS_k3_n100_m449_b90,CBS_k3_n100_m449_b90_766.cnf,100,449,4.49,3,0.0,13.47,3.1605537489496993,22,0.0,0.0,0.48106904231625836,0.5048255382331106,314.48
CBS_k3_n100_m449_b90_361,cbs,CBS_k3_n100_m449_b90,CBS_k3_n100_m449_b90_361.cnf,100,449,4.49,3,0.0,13.47,3.3300300298946253,22,0.0,0.0,0.48775055679287305,0.5226429101707498,163.60000000000014
CBS_k3_n100_m449_b90_359,cbs,CBS_k3_n100_m449_b90,CBS_k3_n100_m449_b90_359.cnf,100,449,4.49,3,0.0,13.47,3.7668421788017614,27,0.0,0.0,0.48329621380846327,0.5100222717149221,317.1700000000001
CBS_k3_n100_m449_b90_686,cbs,CBS_k3_n100_m449_b90,CBS_k3_n100_m449_b90_686.cnf,100,449,4.49,3,0.0,13.47,3.734849394553949,25,0.0,0.0,0.5011135857461024,0.48478099480326653,163.83000000000004
CBS_k3_n100_m449_b90_133,cbs,CBS_k3_n100_m449_b90,CBS_k3_n100_m449_b90_133.cnf,100,449,4.49,3,0.0,13.47,3.3270256987285203,23,0.0,0.0,0.5100222717149221,0.49072011878247956,312.48
CBS_k3_n100_m449_b90_629,cbs,CBS_k3_n100_m449_b90,CBS_k3_n100_m449_b90_629.cnf,100,449,4.49,3,0.0,13.47,3.0379433832775753,23,0.0,0.0,0.532293986636971,0.4862657757980698,186.43000000000004
CBS_k3_n100_m449_b90_375,cbs,CBS_k3_n100_m449_b90,CBS_k3_n100_m449_b90_375.cnf,100,449,4.49,3,0.0,13.47,3.433525884568223,22,0.0,0.0,0.5144766146993318,0.5018559762435041,124.82999999999998
CBS_k3_n100_m449_b90_71,cbs,CBS_k3_n100_m449_b90,CBS_k3_n100_m449_b90_71.cnf,100,449,4.49,3,0.0,13.47,3.47406102421935,22,0.0,0.0,0.5055679287305123,0.5003711952487008,213.09000000000012
CBS_k3_n100_m449_b90_158,cbs,CBS_k3_n100_m449_b90,CBS_k3_n100_m449_b90_158.cnf,100,449,4.49,3,0.0,13.47,3.5705881868398097,26,0.0,0.0,0.5144766146993318,0.4840386043058649,195.49000000000004
CBS_k3_n100_m449_b90_346,cbs,CBS_k3_n100_m449_b90,CBS_k3_n100_m449_b90_346.cnf,100,449,4.49,3,0.0,13.47,3.6344325554342043,23,0.0,0.0,0.512249443207127,0.5011135857461024,355.42
CBS_k3_n100_m449_b90_159,cbs,CBS_k3_n100_m449_b90,CBS_k3_n100_m449_b90_159.cnf,100,449,4.49,3,0.0,13.47,3.462527978226313,25,0.0,0.0,0.5167037861915368,0.4840386043058649,183.39999999999998
CBS_k3_n100_m449_b90_385,cbs,CBS_k3_n100_m449_b90,CBS_k3_n100_m449_b90_385.cnf,100,449,4.49,3,0.0,13.47,3.667301460202038,23,0.0,0.0,0.47216035634743875,0.5144766146993318,105.04000000000008
CBS_k3_n100_m449_b90_592,cbs,CBS_k3_n100_m449_b90,CBS_k3_n100_m449_b90_592.cnf,100,449,4.49,3,0.0,13.47,3.8274142707577394,29,0.0,0.0,0.48329621380846327,0.5144766146993318,190.67
CBS_k3_n100_m449_b90_998,cbs,CBS_k3_n100_m449_b90,CBS_k3_n100_m449_b90_998.cnf,100,449,4.49,3,0.0,13.47,3.3599255944142574,21,0.0,0.0,0.46770601336302897,0.51818856718634,203.18000000000004
CBS_k3_n100_m449_b90_741,cbs,CBS_k3_n100_m449_b90,CBS_k3_n100_m449_b90_741.cnf,100,449,4.49,3,0.0,13.47,4.12420901507186,26,0.0,0.0,0.5233853006681515,0.48329621380846327,142.66000000000003
CBS_k3_n100_m449_b90_777,cbs,CBS_k3_n100_m449_b90,CBS_k3_n100_m449_b90_777.cnf,100,449,4.49,3,0.0,13.47,3.7160597411774745,25,0.0,0.0,0.48329621380846327,0.504083147735709,365.51
CBS_k3_n100_m449_b90_393,cbs,CBS_k3_n100_m449_b90,CBS_k3_n100_m449_b90_393.cnf,100,449,4.49,3,0.0,13.47,3.5339920769577287,25,0.0,0.0,0.5055679287305123,0.49368968077208614,399.7200000000002
CBS_k3_n100_m449_b90_442,cbs,CBS_k3_n100_m449_b90,CBS_k3_n100_m449_b90_442.cnf,100,449,4.49,3,0.0,13.47,3.0148134270631077,22,0.0,0.0,0.5011135857461024,0.495916852264291,398.85000000000014
CBS_k3_n100_m449_b90_504,cbs,CBS_k3_n100_m449_b90,CBS_k3_n100_m449_b90_504.cnf,100,449,4.49,3,0.0,13.47,3.4912891601813794,22,0.0,0.0,0.5211581291759465,0.48700816629547145,115.97000000000003
CBS_k3_n100_m449_b90_569,cbs,CBS_k3_n100_m449_b90,CBS_k3_n100_m449_b90_569.cnf,100,449,4.49,3,0.0,13.47,3.6454217862957914,23,0.0,0.0,0.44097995545657015,0.5241276911655531,171.73000000000008
CBS_k3_n100_m449_b90_295,cbs,CBS_k3_n100_m449_b90,CBS_k3_n100_m449_b90_295.cnf,100,449,4.49,3,0.0,13.47,3.7641864990991083,24,0.0,0.0,0.49888641425389757,0.49665924276169265,406.96999999999997
CBS_k3_n100_m449_b90_807,cbs,CBS_k3_n100_m449_b90,CBS_k3_n100_m449_b90_807.cnf,100,449,4.49,3,0.0,13.47,3.4682992950436096,23,0.0,0.0,0.49888641425389757,0.5048255382331106,318.2300000000001
CBS_k3_n100_m449_b90_491,cbs,CBS_k3_n100_m449_b90,CBS_k3_n100_m449_b90_491.cnf,100,449,4.49,3,0.0,13.47,3.4654148380821597,22,0.0,0.0,0.5144766146993318,0.49888641425389757,184.41000000000003
CBS_k3_n100_m449_b90_787,cbs,CBS_k3_n100_m449_b90,CBS_k3_n100_m449_b90_787.cnf,100,449,4.49,3,0.0,13.47,3.853452996988545,24,0.0,0.0,0.5367483296213809,0.48775055679287305,178.3200000000001
CBS_k3_n100_m449_b90_178,cbs,CBS_k3_n100_m449_b90,CBS_k3_n100_m449_b90_178.cnf,100,449,4.49,3,0.0,13.47,3.726808285919736,25,0.0,0.0,0.5144766146993318,0.4825538233110616,245.34000000000003
CBS_k3_n100_m449_b90_155,cbs,CBS_k3_n100_m449_b90,CBS_k3_n100_m449_b90_155.cnf,100,449,4.49,3,0.0,13.47,3.612353803270106,24,0.0,0.0,0.5233853006681515,0.4766146993318486,367.6500000000001
CBS_k3_n100_m449_b90_842,cbs,CBS_k3_n100_m449_b90,CBS_k3_n100_m449_b90_842.cnf,100,449,4.49,3,0.0,13.47,3.7160597411774745,21,0.0,0.0,0.49443207126948774,0.5055679287305123,146.55000000000004
RTI_k3_n100_m429_423,rti,RTI_k3_n100_m429,RTI_k3_n100_m429_423.cnf,100,429,4.29,3,0.0,12.87,3.7165979066883197,25,0.0,0.0,0.49417249417249415,0.5167055167055167,171.08000000000007
RTI_k3_n100_m429_164,rti,RTI_k3_n100_m429,RTI_k3_n100_m429_164.cnf,100,429,4.29,3,0.0,12.87,3.568346956224969,26,0.0,0.0,0.4825174825174825,0.5120435120435121,175.3700000000001
RTI_k3_n100_m429_435,rti,RTI_k3_n100_m429,RTI_k3_n100_m429_435.cnf,100,429,4.29,3,0.0,12.87,3.428279451853364,24,0.0,0.0,0.4825174825174825,0.5019425019425019,184.73000000000002
RTI_k3_n100_m429_238,rti,RTI_k3_n100_m429,RTI_k3_n100_m429_238.cnf,100,429,4.29,3,0.0,12.87,3.198921693321048,24,0.0,0.0,0.4825174825174825,0.5034965034965035,62.890000000000036
RTI_k3_n100_m429_192,rti,RTI_k3_n100_m429,RTI_k3_n100_m429_192.cnf,100,429,4.29,3,0.0,12.87,3.822708463903571,22,0.0,0.0,0.5244755244755245,0.47707847707847706,340.3299999999999
RTI_k3_n100_m429_453,rti,RTI_k3_n100_m429,RTI_k3_n100_m429_453.cnf,100,429,4.29,3,0.0,12.87,3.378327988813401,23,0.0,0.0,0.48717948717948717,0.526029526029526,156.26000000000005
RTI_k3_n100_m429_438,rti,RTI_k3_n100_m429,RTI_k3_n100_m429_438.cnf,100,429,4.29,3,0.0,12.87,3.5486758093688975,20,0.0,0.0,0.5104895104895105,0.5058275058275058,360.91
RTI_k3_n100_m429_21,rti,RTI_k3_n100_m429,RTI_k3_n100_m429_21.cnf,100,429,4.29,3,0.0,12.87,3.7219752820243177,23,0.0,0.0,0.5454545454545454,0.47474747474747475,226.83000000000004
RTI_k3_n100_m429_16,rti,RTI_k3_n100_m429,RTI_k3_n100_m429_16.cnf,100,429,4.29,3,0.0,12.87,3.3664669907783145,24,0.0,0.0,0.4988344988344988,0.5027195027195027,179.76000000000005
RTI_k3_n100_m429_54,rti,RTI_k3_n100_m429,RTI_k3_n100_m429_54.cnf,100,429,4.29,3,0.0,12.87,3.463105542717403,21,0.0,0.0,0.49417249417249415,0.4972804972804973,150.29000000000008
RTI_k3_n100_m429_106,rti,RTI_k3_n100_m429,RTI_k3_n100_m429_106.cnf,100,429,4.29,3,0.0,12.87,3.659658454009062,25,0.0,0.0,0.5174825174825175,0.4825174825174825,392.69
RTI_k3_n100_m429_273,rti,RTI_k3_n100_m429,RTI_k3_n100_m429_273.cnf,100,429,4.29,3,0.0,12.87,3.2051677023207383,22,0.0,0.0,0.4755244755244755,0.5275835275835276,143.74000000000004
RTI_k3_n100_m429_464,rti,RTI_k3_n100_m429,RTI_k3_n100_m429_464.cnf,100,429,4.29,3,0.0,12.87,3.6101385014982457,21,0.0,0.0,0.5034965034965035,0.4902874902874903,268.76000000000005
RTI_k3_n100_m429_174,rti,RTI_k3_n100_m429,RTI_k3_n100_m429_174.cnf,100,429,4.29,3,0.0,12.87,3.6045942906241195,25,0.0,0.0,0.5151515151515151,0.4840714840714841,161.85999999999999
RTI_k3_n100_m429_432,rti,RTI_k3_n100_m429,RTI_k3_n100_m429_432.cnf,100,429,4.29,3,0.0,12.87,3.4399273248137088,21,0.0,0.0,0.5081585081585082,0.5050505050505051,400.9699999999999
RTI_k3_n100_m429_448,rti,RTI_k3_n100_m429,RTI_k3_n100_m429_448.cnf,100,429,4.29,3,0.0,12.87,3.974053346395843,24,0.0,0.0,0.46853146853146854,0.5174825174825175,401.01
RTI_k3_n100_m429_95,rti,RTI_k3_n100_m429,RTI_k3_n100_m429_95.cnf,100,429,4.29,3,0.0,12.87,3.618438889908188,26,0.0,0.0,0.48951048951048953,0.5073815073815073,82.01000000000008
RTI_k3_n100_m429_125,rti,RTI_k3_n100_m429,RTI_k3_n100_m429_125.cnf,100,429,4.29,3,0.0,12.87,3.3366300364289714,20,0.0,0.0,0.5058275058275058,0.49184149184149184,342.2599999999999
RTI_k3_n100_m429_383,rti,RTI_k3_n100_m429,RTI_k3_n100_m429_383.cnf,100,429,4.29,3,0.0,12.87,3.5430354217817244,22,0.0,0.0,0.47086247086247085,0.515928515928516,212.85000000000002
RTI_k3_n100_m429_466,rti,RTI_k3_n100_m429,RTI_k3_n100_m429_466.cnf,100,429,4.29,3,0.0,12.87,3.767373090098723,24,0.0,0.0,0.4755244755244755,0.5104895104895105,149.14000000000004
RTI_k3_n100_m429_90,rti,RTI_k3_n100_m429,RTI_k3_n100_m429_90.cnf,100,429,4.29,3,0.0,12.87,3.4775134794850184,23,0.0,0.0,0.5128205128205128,0.49805749805749805,386.66
RTI_k3_n100_m429_91,rti,RTI_k3_n100_m429,RTI_k3_n100_m429_91.cnf,100,429,4.29,3,0.0,12.87,3.460216756216292,23,0.0,0.0,0.5664335664335665,0.4630924630924631,80.74000000000007
RTI_k3_n100_m429_350,rti,RTI_k3_n100_m429,RTI_k3_n100_m429_350.cnf,100,429,4.29,3,0.0,12.87,3.3004696635479016,23,0.0,0.0,0.4988344988344988,0.5034965034965035,200.58999999999997
RTI_k3_n100_m429_419,rti,RTI_k3_n100_m429,RTI_k3_n100_m429_419.cnf,100,429,4.29,3,0.0,12.87,3.3185991020308556,20,0.0,0.0,0.5524475524475524,0.4693084693084693,272.49000000000007
RTI_k3_n100_m429_167,rti,RTI_k3_n100_m429,RTI_k3_n100_m429_167.cnf,100,429,4.29,3,0.0,12.87,3.0320125329556276,23,0.0,0.0,0.4965034965034965,0.4933954933954934,400.0199999999999
RTI_k3_n100_m429_64,rti,RTI_k3_n100_m429,RTI_k3_n100_m429_64.cnf,100,429,4.29,3,0.0,12.87,3.3155844130409347,22,0.0,0.0,0.4988344988344988,0.48717948717948717,145.81
RTI_k3_n100_m429_97,rti,RTI_k3_n100_m429,RTI_k3_n100_m429_97.cnf,100,429,4.29,3,0.0,12.87,3.4947245957299695,22,0.0,0.0,0.5058275058275058,0.49184149184149184,217.87000000000006
RTI_k3_n100_m429_289,rti,RTI_k3_n100_m429,RTI_k3_n100_m429_289.cnf,100,429,4.29,3,0.0,12.87,3.5879102552878885,23,0.0,0.0,0.48484848484848486,0.4933954933954934,101.05000000000005
RTI_k3_n100_m429_19,rti,RTI_k3_n100_m429,RTI_k3_n100_m429_19.cnf,100,429,4.29,3,0.0,12.87,3.3306305709279735,22,0.0,0.0,0.48484848484848486,0.5151515151515151,66.64000000000006
RTI_k3_n100_m429_4,rti,RTI_k3_n100_m429,RTI_k3_n100_m429_4.cnf,100,429,4.29,3,0.0,12.87,3.931043118562807,28,0.0,0.0,0.4801864801864802,0.5042735042735043,235.55999999999997
RTI_k3_n100_m429_77,rti,RTI_k3_n100_m429,RTI_k3_n100_m429_77.cnf,100,429,4.29,3,0.0,12.87,3.5851220341851686,23,0.0,0.0,0.5011655011655012,0.48795648795648794,121.8500000000001
RTI_k3_n100_m429_400,rti,RTI_k3_n100_m429,RTI_k3_n100_m429_400.cnf,100,429,4.29,3,0.0,12.87,3.759401548119062,24,0.0,0.0,0.49184149184149184,0.5066045066045066,400.0599999999999
RTI_k3_n100_m429_495,rti,RTI_k3_n100_m429,RTI_k3_n100_m429_495.cnf,100,429,4.29,3,0.0,12.87,3.6404807374850923,23,0.0,0.0,0.4755244755244755,0.5167055167055167,396.1500000000001
RTI_k3_n100_m429_254,rti,RTI_k3_n100_m429,RTI_k3_n100_m429_254.cnf,100,429,4.29,3,0.0,12.87,3.6950101488358595,21,0.0,0.0,0.5221445221445221,0.4864024864024864,313.2100000000001
RTI_k3_n100_m429_10,rti,RTI_k3_n100_m429,RTI_k3_n100_m429_10.cnf,100,429,4.29,3,0.0,12.87,3.463105542717403,23,0.0,0.0,0.48951048951048953,0.5050505050505051,316.02
RTI_k3_n100_m429_399,rti,RTI_k3_n100_m429,RTI_k3_n100_m429_399.cnf,100,429,4.29,3,0.0,12.87,3.4832599673294555,21,0.0,0.0,0.5104895104895105,0.49184149184149184,226.55999999999997
RTI_k3_n100_m429_467,rti,RTI_k3_n100_m429,RTI_k3_n100_m429_467.cnf,100,429,4.29,3,0.0,12.87,4.439943693336662,29,0.0,0.0,0.5058275058275058,0.5034965034965035,371.6199999999999
RTI_k3_n100_m429_161,rti,RTI_k3_n100_m429,RTI_k3_n100_m429_161.cnf,100,429,4.29,3,0.0,12.87,3.8746741798504813,24,0.0,0.0,0.5198135198135199,0.4825174825174825,323.90999999999997
RTI_k3_n100_m429_287,rti,RTI_k3_n100_m429,RTI_k3_n100_m429_287.cnf,100,429,4.29,3,0.0,12.87,3.4947245957299695,24,0.0,0.0,0.5337995337995338,0.47863247863247865,324.8800000000001
RTI_k3_n100_m429_155,rti,RTI_k3_n100_m429,RTI_k3_n100_m429_155.cnf,100,429,4.29,3,0.0,12.87,4.033993058992541,25,0.0,0.0,0.4965034965034965,0.48717948717948717,183.02000000000004
RTI_k3_n100_m429_444,rti,RTI_k3_n100_m429,RTI_k3_n100_m429_444.cnf,100,429,4.29,3,0.0,12.87,3.817472986151965,24,0.0,0.0,0.5361305361305362,0.47863247863247865,270.90999999999997
RTI_k3_n100_m429_182,rti,RTI_k3_n100_m429,RTI_k3_n100_m429_182.cnf,100,429,4.29,3,0.0,12.87,3.463105542717403,21,0.0,0.0,0.5384615384615384,0.48096348096348096,369.38000000000005
RTI_k3_n100_m429_86,rti,RTI_k3_n100_m429,RTI_k3_n100_m429_86.cnf,100,429,4.29,3,0.0,12.87,3.526060124274684,22,0.0,0.0,0.5314685314685315,0.47785547785547783,175.57999999999996
RTI_k3_n100_m429_265,rti,RTI_k3_n100_m429,RTI_k3_n100_m429_265.cnf,100,429,4.29,3,0.0,12.87,3.7540777828915584,22,0.0,0.0,0.5268065268065268,0.473970473970474,399.17000000000013
RTI_k3_n100_m429_128,rti,RTI_k3_n100_m429,RTI_k3_n100_m429_128.cnf,100,429,4.29,3,0.0,12.87,3.5402118580672544,21,0.0,0.0,0.5058275058275058,0.494949494949495,285.4000000000001
RTI_k3_n100_m429_168,rti,RTI_k3_n100_m429,RTI_k3_n100_m429_168.cnf,100,429,4.29,3,0.0,12.87,3.6514517660788015,26,0.0,0.0,0.5268065268065268,0.48717948717948717,115.80000000000007
RTI_k3_n100_m429_0,rti,RTI_k3_n100_m429,RTI_k3_n100_m429_0.cnf,100,429,4.29,3,0.0,12.87,3.7246610584051805,29,0.0,0.0,0.4428904428904429,0.533022533022533,113.58000000000007
RTI_k3_n100_m429_108,rti,RTI_k3_n100_m429,RTI_k3_n100_m429_108.cnf,100,429,4.29,3,0.0,12.87,3.2393054811178277,20,0.0,0.0,0.48484848484848486,0.5050505050505051,175.35
RTI_k3_n100_m429_472,rti,RTI_k3_n100_m429,RTI_k3_n100_m429_472.cnf,100,429,4.29,3,0.0,12.87,3.7273448995229836,26,0.0,0.0,0.49184149184149184,0.4965034965034965,389.38000000000005
RTI_k3_n100_m429_118,rti,RTI_k3_n100_m429,RTI_k3_n100_m429_118.cnf,100,429,4.29,3,0.0,12.87,3.7460779490021294,24,0.0,0.0,0.48951048951048953,0.494949494949495,152.00000000000006
RTI_k3_n100_m429_163,rti,RTI_k3_n100_m429,RTI_k3_n100_m429_163.cnf,100,429,4.29,3,0.0,12.87,3.700418895206325,23,0.0,0.0,0.44522144522144524,0.5205905205905206,117.91000000000004
RTI_k3_n100_m429_262,rti,RTI_k3_n100_m429,RTI_k3_n100_m429_262.cnf,100,429,4.29,3,0.0,12.87,3.3515817161453785,23,0.0,0.0,0.5198135198135199,0.47474747474747475,247.34
RTI_k3_n100_m429_216,rti,RTI_k3_n100_m429,RTI_k3_n100_m429_216.cnf,100,429,4.29,3,0.0,12.87,3.294404346767409,21,0.0,0.0,0.47086247086247085,0.5066045066045066,400.05
RTI_k3_n100_m429_468,rti,RTI_k3_n100_m429,RTI_k3_n100_m429_468.cnf,100,429,4.29,3,0.0,12.87,3.6514517660788015,23,0.0,0.0,0.5081585081585082,0.49572649572649574,370.09000000000003
RTI_k3_n100_m429_272,rti,RTI_k3_n100_m429,RTI_k3_n100_m429_272.cnf,100,429,4.29,3,0.0,12.87,3.434108326771303,22,0.0,0.0,0.5431235431235432,0.47785547785547783,104.97000000000004
RTI_k3_n100_m429_148,rti,RTI_k3_n100_m429,RTI_k3_n100_m429_148.cnf,100,429,4.29,3,0.0,12.87,3.1611864861156165,21,0.0,0.0,0.5174825174825175,0.4864024864024864,310.42999999999995
RTI_k3_n100_m429_231,rti,RTI_k3_n100_m429,RTI_k3_n100_m429_231.cnf,100,429,4.29,3,0.0,12.87,3.8978327311468868,24,0.0,0.0,0.5547785547785548,0.4716394716394716,230.61000000000004
RTI_k3_n100_m429_114,rti,RTI_k3_n100_m429,RTI_k3_n100_m429_114.cnf,100,429,4.29,3,0.0,12.87,3.27003058089676,21,0.0,0.0,0.47785547785547783,0.5135975135975136,97.65000000000002
RTI_k3_n100_m429_282,rti,RTI_k3_n100_m429,RTI_k3_n100_m429_282.cnf,100,429,4.29,3,0.0,12.87,3.3901474894169428,20,0.0,0.0,0.4592074592074592,0.5268065268065268,167.97000000000006
RTI_k3_n100_m429_169,rti,RTI_k3_n100_m429,RTI_k3_n100_m429_169.cnf,100,429,4.29,3,0.0,12.87,3.8901285325808965,23,0.0,0.0,0.5058275058275058,0.49572649572649574,380.4000000000001
RTI_k3_n100_m429_94,rti,RTI_k3_n100_m429,RTI_k3_n100_m429_94.cnf,100,429,4.29,3,0.0,12.87,3.590696311302308,25,0.0,0.0,0.5384615384615384,0.48096348096348096,401.91999999999985
RTI_k3_n100_m429_334,rti,RTI_k3_n100_m429,RTI_k3_n100_m429_334.cnf,100,429,4.29,3,0.0,12.87,3.2454737712697663,21,0.0,0.0,0.5174825174825175,0.4972804972804973,316.80999999999995
RTI_k3_n100_m429_39,rti,RTI_k3_n100_m429,RTI_k3_n100_m429_39.cnf,100,429,4.29,3,0.0,12.87,3.451535890006071,23,0.0,0.0,0.5384615384615384,0.49184149184149184,152.63000000000002
RTI_k3_n100_m429_84,rti,RTI_k3_n100_m429,RTI_k3_n100_m429_84.cnf,100,429,4.29,3,0.0,12.87,3.5061517365909878,21,0.0,0.0,0.4801864801864802,0.5066045066045066,79.67000000000003
RTI_k3_n100_m429_17,rti,RTI_k3_n100_m429,RTI_k3_n100_m429_17.cnf,100,429,4.29,3,0.0,12.87,3.7700265251056257,24,0.0,0.0,0.5058275058275058,0.5019425019425019,182.20999999999992
RTI_k3_n100_m429_133,rti,RTI_k3_n100_m429,RTI_k3_n100_m429_133.cnf,100,429,4.29,3,0.0,12.87,3.5879102552878885,21,0.0,0.0,0.5174825174825175,0.4965034965034965,399.2799999999999
RTI_k3_n100_m429_55,rti,RTI_k3_n100_m429,RTI_k3_n100_m429_55.cnf,100,429,4.29,3,0.0,12.87,3.2883278425363853,23,0.0,0.0,0.4825174825174825,0.5058275058275058,348.85999999999996
RTI_k3_n100_m429_14,rti,RTI_k3_n100_m429,RTI_k3_n100_m429_14.cnf,100,429,4.29,3,0.0,12.87,2.8553633744236477,19,0.0,0.0,0.47785547785547783,0.5174825174825175,344.50000000000006
RTI_k3_n100_m429_312,rti,RTI_k3_n100_m429,RTI_k3_n100_m429_312.cnf,100,429,4.29,3,0.0,12.87,3.4136637209895175,23,0.0,0.0,0.47086247086247085,0.5151515151515151,139.13000000000002
RTI_k3_n100_m429_450,rti,RTI_k3_n100_m429,RTI_k3_n100_m429_450.cnf,100,429,4.29,3,0.0,12.87,3.686882151628934,23,0.0,0.0,0.5174825174825175,0.4965034965034965,340.05000000000007
RTI_k3_n100_m429_415,rti,RTI_k3_n100_m429,RTI_k3_n100_m429_415.cnf,100,429,4.29,3,0.0,12.87,3.6018189849019344,26,0.0,0.0,0.47785547785547783,0.49805749805749805,124.25000000000009
RTI_k3_n100_m429_405,rti,RTI_k3_n100_m429,RTI_k3_n100_m429_405.cnf,100,429,4.29,3,0.0,12.87,3.0940426629249957,22,0.0,0.0,0.4965034965034965,0.4996114996114996,167.44000000000005
RTI_k3_n100_m429_348,rti,RTI_k3_n100_m429,RTI_k3_n100_m429_348.cnf,100,429,4.29,3,0.0,12.87,3.3004696635479016,21,0.0,0.0,0.4965034965034965,0.49572649572649574,68.14000000000003
RTI_k3_n100_m429_36,rti,RTI_k3_n100_m429,RTI_k3_n100_m429_36.cnf,100,429,4.29,3,0.0,12.87,3.5767443296942543,24,0.0,0.0,0.5291375291375291,0.5003885003885004,305.13000000000005
RTI_k3_n100_m429_384,rti,RTI_k3_n100_m429,RTI_k3_n100_m429_384.cnf,100,429,4.29,3,0.0,12.87,3.7990919967802834,23,0.0,0.0,0.48951048951048953,0.4988344988344988,210.88000000000005
RTI_k3_n100_m429_372,rti,RTI_k3_n100_m429,RTI_k3_n100_m429_372.cnf,100,429,4.29,3,0.0,12.87,3.659658454009062,26,0.0,0.0,0.4592074592074592,0.5236985236985237,234.07999999999998
RTI_k3_n100_m429_34,rti,RTI_k3_n100_m429,RTI_k3_n100_m429_34.cnf,100,429,4.29,3,0.0,12.87,3.3515817161453785,22,0.0,0.0,0.48717948717948717,0.5198135198135199,287.2600000000001
RTI_k3_n100_m429_160,rti,RTI_k3_n100_m429,RTI_k3_n100_m429_160.cnf,100,429,4.29,3,0.0,12.87,3.4861296590918704,20,0.0,0.0,0.49417249417249415,0.5081585081585082,332.31000000000006
RTI_k3_n100_m429_59,rti,RTI_k3_n100_m429,RTI_k3_n100_m429_59.cnf,100,429,4.29,3,0.0,12.87,3.3901474894169428,22,0.0,0.0,0.45454545454545453,0.5143745143745144,138.85000000000005
RTI_k3_n100_m429_68,rti,RTI_k3_n100_m429,RTI_k3_n100_m429_68.cnf,100,429,4.29,3,0.0,12.87,3.3456090626371755,21,0.0,0.0,0.4731934731934732,0.5151515151515151,159.69000000000005
RTI_k3_n100_m429_237,rti,RTI_k3_n100_m429,RTI_k3_n100_m429_237.cnf,100,429,4.29,3,0.0,12.87,3.20828614683915,27,0.0,0.0,0.49184149184149184,0.5104895104895105,206.59000000000003
RTI_k3_n100_m429_172,rti,RTI_k3_n100_m429,RTI_k3_n100_m429_172.cnf,100,429,4.29,3,0.0,12.87,3.9284984408804338,25,0.0,0.0,0.45454545454545453,0.5252525252525253,151.75000000000003
RTI_k3_n100_m429_79,rti,RTI_k3_n100_m429,RTI_k3_n100_m429_79.cnf,100,429,4.29,3,0.0,12.87,3.6732955230963924,24,0.0,0.0,0.5034965034965035,0.49184149184149184,123.66000000000004
RTI_k3_n100_m429_253,rti,RTI_k3_n100_m429,RTI_k3_n100_m429_253.cnf,100,429,4.29,3,0.0,12.87,3.457325555975312,20,0.0,0.0,0.5477855477855478,0.48174048174048173,200.72
RTI_k3_n100_m429_388,rti,RTI_k3_n100_m429,RTI_k3_n100_m429_388.cnf,100,429,4.29,3,0.0,12.87,3.545856737094718,23,0.0,0.0,0.5291375291375291,0.47474747474747475,144.52999999999997
RTI_k3_n100_m429_18,rti,RTI_k3_n100_m429,RTI_k3_n100_m429_18.cnf,100,429,4.29,3,0.0,12.87,3.730026809555127,22,0.0,0.0,0.5034965034965035,0.5050505050505051,334.06000000000006
RTI_k3_n100_m429_260,rti,RTI_k3_n100_m429,RTI_k3_n100_m429_260.cnf,100,429,4.29,3,0.0,12.87,3.6267202814664383,22,0.0,0.0,0.5501165501165501,0.48484848484848486,166.85
RTI_k3_n100_m429_471,rti,RTI_k3_n100_m429,RTI_k3_n100_m429_471.cnf,100,429,4.29,3,0.0,12.87,3.7885485347293626,22,0.0,0.0,0.5151515151515151,0.48484848484848486,84.65000000000002
RTI_k3_n100_m429_38,rti,RTI_k3_n100_m429,RTI_k3_n100_m429_38.cnf,100,429,4.29,3,0.0,12.87,3.4136637209895175,22,0.0,0.0,0.5337995337995338,0.47241647241647244,345.8400000000001
RTI_k3_n100_m429_349,rti,RTI_k3_n100_m429,RTI_k3_n100_m429_349.cnf,100,429,4.29,3,0.0,12.87,2.9279856557025683,19,0.0,0.0,0.4825174825174825,0.5167055167055167,160.92000000000007
RTI_k3_n100_m429_441,rti,RTI_k3_n100_m429,RTI_k3_n100_m429_441.cnf,100,429,4.29,3,0.0,12.87,3.4077998767533284,21,0.0,0.0,0.4731934731934732,0.5174825174825175,398.62
RTI_k3_n100_m429_74,rti,RTI_k3_n100_m429,RTI_k3_n100_m429_74.cnf,100,429,4.29,3,0.0,12.87,3.785908081293047,24,0.0,0.0,0.5291375291375291,0.4755244755244755,147.42000000000007
RTI_k3_n100_m429_424,rti,RTI_k3_n100_m429,RTI_k3_n100_m429_424.cnf,100,429,4.29,3,0.0,12.87,3.5317276225666103,23,0.0,0.0,0.45454545454545453,0.508935508935509,250.10999999999996
RTI_k3_n100_m429_390,rti,RTI_k3_n100_m429,RTI_k3_n100_m429_390.cnf,100,429,4.29,3,0.0,12.87,3.56554343684101,22,0.0,0.0,0.5221445221445221,0.473970473970474,211.45000000000005
RTI_k3_n100_m429_487,rti,RTI_k3_n100_m429,RTI_k3_n100_m429_487.cnf,100,429,4.29,3,0.0,12.87,3.4889969905404046,27,0.0,0.0,0.5291375291375291,0.4825174825174825,130.12
RTI_k3_n100_m429_410,rti,RTI_k3_n100_m429,RTI_k3_n100_m429_410.cnf,100,429,4.29,3,0.0,12.87,3.7219752820243177,22,0.0,0.0,0.5174825174825175,0.4864024864024864,268.15999999999997
RTI_k3_n100_m429_176,rti,RTI_k3_n100_m429,RTI_k3_n100_m429_176.cnf,100,429,4.29,3,0.0,12.87,3.465991921513955,22,0.0,0.0,0.45454545454545453,0.5182595182595182,189.23000000000002
RTI_k3_n100_m429_166,rti,RTI_k3_n100_m429,RTI_k3_n100_m429_166.cnf,100,429,4.29,3,0.0,12.87,3.1801100609884556,21,0.0,0.0,0.5454545454545454,0.473970473970474,373.3300000000001
RTI_k3_n100_m429_493,rti,RTI_k3_n100_m429,RTI_k3_n100_m429_493.cnf,100,429,4.29,3,0.0,12.87,3.3216110548948983,23,0.0,0.0,0.5081585081585082,0.49417249417249415,80.29000000000003
RTI_k3_n100_m429_111,rti,RTI_k3_n100_m429,RTI_k3_n100_m429_111.cnf,100,429,4.29,3,0.0,12.87,3.848779027172124,23,0.0,0.0,0.5011655011655012,0.4988344988344988,318.11
RTI_k3_n100_m429_322,rti,RTI_k3_n100_m429,RTI_k3_n100_m429_322.cnf,100,429,4.29,3,0.0,12.87,3.670572162483664,20,0.0,0.0,0.5151515151515151,0.5003885003885004,386.6100000000002
RTI_k3_n100_m429_489,rti,RTI_k3_n100_m429,RTI_k3_n100_m429_489.cnf,100,429,4.29,3,0.0,12.87,3.460216756216292,20,0.0,0.0,0.5407925407925408,0.47707847707847706,399.36
RTI_k3_n100_m429_115,rti,RTI_k3_n100_m429,RTI_k3_n100_m429_115.cnf,100,429,4.29,3,0.0,12.87,3.217623346509035,20,0.0,0.0,0.48717948717948717,0.5104895104895105,377.33000000000004
RTI_k3_n100_m429_389,rti,RTI_k3_n100_m429,RTI_k3_n100_m429_389.cnf,100,429,4.29,3,0.0,12.87,2.8693379027225077,22,0.0,0.0,0.47785547785547783,0.5027195027195027,107.52000000000008
RTI_k3_n100_m429_398,rti,RTI_k3_n100_m429,RTI_k3_n100_m429_398.cnf,100,429,4.29,3,0.0,12.87,3.9106393339197107,27,0.0,0.0,0.5081585081585082,0.4840714840714841,180.18000000000006
RTI_k3_n100_m429_149,rti,RTI_k3_n100_m429,RTI_k3_n100_m429_149.cnf,100,429,4.29,3,0.0,12.87,3.1863929450085093,22,0.0,0.0,0.5174825174825175,0.5097125097125097,187.5200000000001
RTI_k3_n100_m429_37,rti,RTI_k3_n100_m429,RTI_k3_n100_m429_37.cnf,100,429,4.29,3,0.0,12.87,3.465991921513955,25,0.0,0.0,0.49184149184149184,0.5050505050505051,207.6600000000002
RTI_k3_n100_m429_304,rti,RTI_k3_n100_m429,RTI_k3_n100_m429_304.cnf,100,429,4.29,3,0.0,12.87,3.3185991020308556,21,0.0,0.0,0.47086247086247085,0.5376845376845377,221.12000000000003
RTI_k3_n100_m429_397,rti,RTI_k3_n100_m429,RTI_k3_n100_m429_397.cnf,100,429,4.29,3,0.0,12.87,3.7031203059041977,21,0.0,0.0,0.4965034965034965,0.5027195027195027,108.01000000000005
RTI_k3_n100_m429_217,rti,RTI_k3_n100_m429,RTI_k3_n100_m429_217.cnf,100,429,4.29,3,0.0,12.87,3.428279451853364,24,0.0,0.0,0.5221445221445221,0.49106449106449107,403.06
RTI_k3_n100_m429_221,rti,RTI_k3_n100_m429,RTI_k3_n100_m429_221.cnf,100,429,4.29,3,0.0,12.87,3.4136637209895175,23,0.0,0.0,0.48951048951048953,0.5058275058275058,166.47
RTI_k3_n100_m429_48,rti,RTI_k3_n100_m429,RTI_k3_n100_m429_48.cnf,100,429,4.29,3,0.0,12.87,3.051737210180457,22,0.0,0.0,0.5151515151515151,0.48951048951048953,401.38000000000005
RTI_k3_n100_m429_40,rti,RTI_k3_n100_m429,RTI_k3_n100_m429_40.cnf,100,429,4.29,3,0.0,12.87,3.4918619674895512,21,0.0,0.0,0.4988344988344988,0.49805749805749805,400.1000000000002
RTI_k3_n100_m429_120,rti,RTI_k3_n100_m429,RTI_k3_n100_m429_120.cnf,100,429,4.29,3,0.0,12.87,3.4688758986161496,23,0.0,0.0,0.4965034965034965,0.4887334887334887,170.56000000000006
RTI_k3_n100_m429_67,rti,RTI_k3_n100_m429,RTI_k3_n100_m429_67.cnf,100,429,4.29,3,0.0,12.87,3.211401563180787,21,0.0,0.0,0.49417249417249415,0.5027195027195027,269.9000000000001
RTI_k3_n100_m429_351,rti,RTI_k3_n100_m429,RTI_k3_n100_m429_351.cnf,100,429,4.29,3,0.0,12.87,3.260843449170782,21,0.0,0.0,0.5198135198135199,0.48717948717948717,251.87
RTI_k3_n100_m429_320,rti,RTI_k3_n100_m429,RTI_k3_n100_m429_320.cnf,100,429,4.29,3,0.0,12.87,3.634982806011605,22,0.0,0.0,0.5291375291375291,0.48174048174048173,263.81000000000006
RTI_k3_n100_m429_311,rti,RTI_k3_n100_m429,RTI_k3_n100_m429_311.cnf,100,429,4.29,3,0.0,12.87,3.3306305709279735,23,0.0,0.0,0.5547785547785548,0.4755244755244755,207.16000000000014
RTI_k3_n100_m429_203,rti,RTI_k3_n100_m429,RTI_k3_n100_m429_203.cnf,100,429,4.29,3,0.0,12.87,2.978774915967972,21,0.0,0.0,0.4965034965034965,0.5003885003885004,289.1400000000001
RTI_k3_n100_m429_136,rti,RTI_k3_n100_m429,RTI_k3_n100_m429_136.cnf,100,429,4.29,3,0.0,12.87,3.4457364960193924,23,0.0,0.0,0.5384615384615384,0.49184149184149184,300.11999999999995
RTI_k3_n100_m429_297,rti,RTI_k3_n100_m429,RTI_k3_n100_m429_297.cnf,100,429,4.29,3,0.0,12.87,3.6156742109874886,23,0.0,0.0,0.4662004662004662,0.5151515151515151,399.4499999999999
RTI_k3_n100_m429_257,rti,RTI_k3_n100_m429,RTI_k3_n100_m429_257.cnf,100,429,4.29,3,0.0,12.87,3.517541755260341,21,0.0,0.0,0.5268065268065268,0.5027195027195027,126.6
RTI_k3_n100_m429_387,rti,RTI_k3_n100_m429,RTI_k3_n100_m429_387.cnf,100,429,4.29,3,0.0,12.87,3.081087470358477,21,0.0,0.0,0.48717948717948717,0.5081585081585082,78.01000000000005
RTI_k3_n100_m429_236,rti,RTI_k3_n100_m429,RTI_k3_n100_m429_236.cnf,100,429,4.29,3,0.0,12.87,3.4077998767533284,23,0.0,0.0,0.5291375291375291,0.4840714840714841,223.44000000000003
RTI_k3_n100_m429_306,rti,RTI_k3_n100_m429,RTI_k3_n100_m429_306.cnf,100,429,4.29,3,0.0,12.87,3.7990919967802834,26,0.0,0.0,0.5221445221445221,0.4933954933954934,265.4999999999999
RTI_k3_n100_m429_302,rti,RTI_k3_n100_m429,RTI_k3_n100_m429_302.cnf,100,429,4.29,3,0.0,12.87,3.3812867373235296,22,0.0,0.0,0.5034965034965035,0.4996114996114996,304.45000000000005
RTI_k3_n100_m429_474,rti,RTI_k3_n100_m429,RTI_k3_n100_m429_474.cnf,100,429,4.29,3,0.0,12.87,4.05870669056043,23,0.0,0.0,0.49417249417249415,0.4965034965034965,109.69
RTI_k3_n100_m429_281,rti,RTI_k3_n100_m429,RTI_k3_n100_m429_281.cnf,100,429,4.29,3,0.0,12.87,3.3276267819573757,21,0.0,0.0,0.4662004662004662,0.5128205128205128,382.4600000000001
RTI_k3_n100_m429_211,rti,RTI_k3_n100_m429,RTI_k3_n100_m429_211.cnf,100,429,4.29,3,0.0,12.87,3.4370190572645942,22,0.0,0.0,0.5337995337995338,0.4825174825174825,218.20999999999995
RTI_k3_n100_m429_395,rti,RTI_k3_n100_m429,RTI_k3_n100_m429_395.cnf,100,429,4.29,3,0.0,12.87,3.116584669153078,22,0.0,0.0,0.5128205128205128,0.49184149184149184,149.56
RTI_k3_n100_m429_126,rti,RTI_k3_n100_m429,RTI_k3_n100_m429_126.cnf,100,429,4.29,3,0.0,12.87,3.0908089555972236,20,0.0,0.0,0.5104895104895105,0.5019425019425019,160.55999999999997
RTI_k3_n100_m429_20,rti,RTI_k3_n100_m429,RTI_k3_n100_m429_20.cnf,100,429,4.29,3,0.0,12.87,3.4399273248137088,23,0.0,0.0,0.5431235431235432,0.473970473970474,202.6100000000001
RTI_k3_n100_m429_72,rti,RTI_k3_n100_m429,RTI_k3_n100_m429_72.cnf,100,429,4.29,3,0.0,12.87,3.3634952058833085,19,0.0,0.0,0.5314685314685315,0.4902874902874903,130.04000000000002
RTI_k3_n100_m429_342,rti,RTI_k3_n100_m429,RTI_k3_n100_m429_342.cnf,100,429,4.29,3,0.0,12.87,3.3842428990839295,23,0.0,0.0,0.5361305361305362,0.48329448329448327,153.89000000000004
RTI_k3_n100_m429_224,rti,RTI_k3_n100_m429,RTI_k3_n100_m429_224.cnf,100,429,4.29,3,0.0,12.87,3.2822400887198975,23,0.0,0.0,0.49184149184149184,0.5050505050505051,169.51000000000005
RTI_k3_n100_m429_15,rti,RTI_k3_n100_m429,RTI_k3_n100_m429_15.cnf,100,429,4.29,3,0.0,12.87,3.869509012781854,23,0.0,0.0,0.48484848484848486,0.5112665112665112,354.71999999999997
RTI_k3_n100_m429_271,rti,RTI_k3_n100_m429,RTI_k3_n100_m429_271.cnf,100,429,4.29,3,0.0,12.87,3.5061517365909878,20,0.0,0.0,0.47785547785547783,0.5112665112665112,119.21000000000002
RTI_k3_n100_m429_12,rti,RTI_k3_n100_m429,RTI_k3_n100_m429_12.cnf,100,429,4.29,3,0.0,12.87,3.4544319359338953,24,0.0,0.0,0.5198135198135199,0.47474747474747475,372.0
RTI_k3_n100_m429_113,rti,RTI_k3_n100_m429,RTI_k3_n100_m429_113.cnf,100,429,4.29,3,0.0,12.87,3.571148274715011,22,0.0,0.0,0.49184149184149184,0.5128205128205128,319.51000000000005
RTI_k3_n100_m429_337,rti,RTI_k3_n100_m429,RTI_k3_n100_m429_337.cnf,100,429,4.29,3,0.0,12.87,3.853971977064701,24,0.0,0.0,0.44522144522144524,0.5306915306915307,185.51000000000002
RTI_k3_n100_m429_158,rti,RTI_k3_n100_m429,RTI_k3_n100_m429_158.cnf,100,429,4.29,3,0.0,12.87,3.4253612948125634,24,0.0,0.0,0.4965034965034965,0.5027195027195027,353.31000000000006
RTI_k3_n100_m429_286,rti,RTI_k3_n100_m429,RTI_k3_n100_m429_286.cnf,100,429,4.29,3,0.0,12.87,3.7964588763741403,23,0.0,0.0,0.48717948717948717,0.5003885003885004,365.86000000000007
RTI_k3_n100_m429_80,rti,RTI_k3_n100_m429,RTI_k3_n100_m429_80.cnf,100,429,4.29,3,0.0,12.87,3.654189376592297,22,0.0,0.0,0.46853146853146854,0.5120435120435121,169.57999999999998
RTI_k3_n100_m429_183,rti,RTI_k3_n100_m429,RTI_k3_n100_m429_183.cnf,100,429,4.29,3,0.0,12.87,3.198921693321048,19,0.0,0.0,0.5058275058275058,0.48562548562548563,277.11
RTI_k3_n100_m429_326,rti,RTI_k3_n100_m429,RTI_k3_n100_m429_326.cnf,100,429,4.29,3,0.0,12.87,3.3960418136412867,22,0.0,0.0,0.5571095571095571,0.47241647241647244,280.61
RTI_k3_n100_m429_338,rti,RTI_k3_n100_m429,RTI_k3_n100_m429_338.cnf,100,429,4.29,3,0.0,12.87,3.9538715204214716,23,0.0,0.0,0.5034965034965035,0.48562548562548563,229.89000000000001
RTI_k3_n100_m429_119,rti,RTI_k3_n100_m429,RTI_k3_n100_m429_119.cnf,100,429,4.29,3,0.0,12.87,3.7085172239049937,22,0.0,0.0,0.5337995337995338,0.48795648795648794,105.58
RTI_k3_n100_m429_299,rti,RTI_k3_n100_m429,RTI_k3_n100_m429_299.cnf,100,429,4.29,3,0.0,12.87,3.88240904594042,23,0.0,0.0,0.4988344988344988,0.5019425019425019,194.89
RTI_k3_n100_m429_333,rti,RTI_k3_n100_m429,RTI_k3_n100_m429_333.cnf,100,429,4.29,3,0.0,12.87,3.5118513635972692,22,0.0,0.0,0.49417249417249415,0.5073815073815073,106.26000000000003
RTI_k3_n100_m429_482,rti,RTI_k3_n100_m429,RTI_k3_n100_m429_482.cnf,100,429,4.29,3,0.0,12.87,3.7380609946869514,27,0.0,0.0,0.5314685314685315,0.4801864801864802,182.43000000000004
RTI_k3_n100_m429_102,rti,RTI_k3_n100_m429,RTI_k3_n100_m429_102.cnf,100,429,4.29,3,0.0,12.87,3.0908089555972236,21,0.0,0.0,0.4801864801864802,0.5027195027195027,140.32000000000005
RTI_k3_n100_m429_202,rti,RTI_k3_n100_m429,RTI_k3_n100_m429_202.cnf,100,429,4.29,3,0.0,12.87,3.806980430735099,25,0.0,0.0,0.48717948717948717,0.508935508935509,215.48000000000002
RTI_k3_n100_m429_139,rti,RTI_k3_n100_m429,RTI_k3_n100_m429_139.cnf,100,429,4.29,3,0.0,12.87,3.24855352426276,24,0.0,0.0,0.49184149184149184,0.4996114996114996,293.26000000000005
RTI_k3_n100_m429_112,rti,RTI_k3_n100_m429,RTI_k3_n100_m429_112.cnf,100,429,4.29,3,0.0,12.87,3.599041539076758,24,0.0,0.0,0.49417249417249415,0.5050505050505051,231.1
RTI_k3_n100_m429_65,rti,RTI_k3_n100_m429,RTI_k3_n100_m429_65.cnf,100,429,4.29,3,0.0,12.87,3.4019259251194756,20,0.0,0.0,0.4965034965034965,0.5112665112665112,83.45000000000003
RTI_k3_n100_m429_42,rti,RTI_k3_n100_m429,RTI_k3_n100_m429_42.cnf,100,429,4.29,3,0.0,12.87,3.806980430735099,22,0.0,0.0,0.5151515151515151,0.49572649572649574,325.7100000000001
RTI_k3_n100_m429_100,rti,RTI_k3_n100_m429,RTI_k3_n100_m429_100.cnf,100,429,4.29,3,0.0,12.87,3.5571196212666227,23,0.0,0.0,0.47086247086247085,0.515928515928516,219.23000000000013
RTI_k3_n100_m429_295,rti,RTI_k3_n100_m429,RTI_k3_n100_m429_295.cnf,100,429,4.29,3,0.0,12.87,3.8383720507527666,23,0.0,0.0,0.5407925407925408,0.4693084693084693,220.73000000000002
RTI_k3_n100_m429_463,rti,RTI_k3_n100_m429,RTI_k3_n100_m429_463.cnf,100,429,4.29,3,0.0,12.87,3.434108326771303,24,0.0,0.0,0.4988344988344988,0.5050505050505051,199.2
RTI_k3_n100_m429_152,rti,RTI_k3_n100_m429,RTI_k3_n100_m429_152.cnf,100,429,4.29,3,0.0,12.87,3.3575437450612613,27,0.0,0.0,0.5058275058275058,0.5042735042735043,164.12000000000006
RTI_k3_n100_m429_198,rti,RTI_k3_n100_m429,RTI_k3_n100_m429_198.cnf,100,429,4.29,3,0.0,12.87,3.648712101550354,23,0.0,0.0,0.5384615384615384,0.473970473970474,287.91000000000014
RTI_k3_n100_m429_385,rti,RTI_k3_n100_m429,RTI_k3_n100_m429_385.cnf,100,429,4.29,3,0.0,12.87,3.4399273248137088,22,0.0,0.0,0.5081585081585082,0.49106449106449107,141.14000000000001
RTI_k3_n100_m429_484,rti,RTI_k3_n100_m429,RTI_k3_n100_m429_484.cnf,100,429,4.29,3,0.0,12.87,3.56554343684101,23,0.0,0.0,0.48484848484848486,0.5073815073815073,378.96000000000004
RTI_k3_n100_m429_124,rti,RTI_k3_n100_m429,RTI_k3_n100_m429_124.cnf,100,429,4.29,3,0.0,12.87,3.198921693321048,23,0.0,0.0,0.5151515151515151,0.4996114996114996,401.3599999999999
RTI_k3_n100_m429_492,rti,RTI_k3_n100_m429,RTI_k3_n100_m429_492.cnf,100,429,4.29,3,0.0,12.87,3.451535890006071,22,0.0,0.0,0.4988344988344988,0.4933954933954934,161.29000000000008
RTI_k3_n100_m429_73,rti,RTI_k3_n100_m429,RTI_k3_n100_m429_73.cnf,100,429,4.29,3,0.0,12.87,3.2269335289094507,24,0.0,0.0,0.5384615384615384,0.4825174825174825,282.06000000000006
RTI_k3_n100_m429_121,rti,RTI_k3_n100_m429,RTI_k3_n100_m429_121.cnf,100,429,4.29,3,0.0,12.87,3.7380609946869514,21,0.0,0.0,0.4662004662004662,0.5143745143745144,148.89
RTI_k3_n100_m429_104,rti,RTI_k3_n100_m429,RTI_k3_n100_m429_104.cnf,100,429,4.29,3,0.0,12.87,3.230030959603948,21,0.0,0.0,0.44755244755244755,0.5213675213675214,172.75999999999996
RTI_k3_n100_m429_57,rti,RTI_k3_n100_m429,RTI_k3_n100_m429_57.cnf,100,429,4.29,3,0.0,12.87,3.3366300364289714,20,0.0,0.0,0.4988344988344988,0.515928515928516,89.32000000000002
RTI_k3_n100_m429_196,rti,RTI_k3_n100_m429,RTI_k3_n100_m429_196.cnf,100,429,4.29,3,0.0,12.87,3.9462767262319556,23,0.0,0.0,0.4988344988344988,0.5135975135975136,225.42000000000004
RTI_k3_n100_m429_131,rti,RTI_k3_n100_m429,RTI_k3_n100_m429_131.cnf,100,429,4.29,3,0.0,12.87,3.1832530530889307,20,0.0,0.0,0.5314685314685315,0.49184149184149184,303.2300000000001
RTI_k3_n100_m429_24,rti,RTI_k3_n100_m429,RTI_k3_n100_m429_24.cnf,100,429,4.29,3,0.0,12.87,3.814852552851814,22,0.0,0.0,0.5337995337995338,0.4902874902874903,173.34000000000015
RTI_k3_n100_m429_9,rti,RTI_k3_n100_m429,RTI_k3_n100_m429_9.cnf,100,429,4.29,3,0.0,12.87,3.4803879094146963,21,0.0,0.0,0.5128205128205128,0.5019425019425019,167.22
RTI_k3_n100_m429_204,rti,RTI_k3_n100_m429,RTI_k3_n100_m429_204.cnf,100,429,4.29,3,0.0,12.87,3.1611864861156165,23,0.0,0.0,0.5174825174825175,0.49572649572649574,67.45000000000005
RTI_k3_n100_m429_200,rti,RTI_k3_n100_m429,RTI_k3_n100_m429_200.cnf,100,429,4.29,3,0.0,12.87,3.7165979066883197,25,0.0,0.0,0.5384615384615384,0.48795648795648794,338.62000000000006
RTI_k3_n100_m429_256,rti,RTI_k3_n100_m429,RTI_k3_n100_m429_256.cnf,100,429,4.29,3,0.0,12.87,3.551492643945641,22,0.0,0.0,0.48484848484848486,0.5104895104895105,291.4800000000001
RTI_k3_n100_m429_434,rti,RTI_k3_n100_m429,RTI_k3_n100_m429_434.cnf,100,429,4.29,3,0.0,12.87,3.5599297745882574,23,0.0,0.0,0.5081585081585082,0.4988344988344988,402.0600000000001
RTI_k3_n100_m429_261,rti,RTI_k3_n100_m429,RTI_k3_n100_m429_261.cnf,100,429,4.29,3,0.0,12.87,3.233125422868714,21,0.0,0.0,0.5221445221445221,0.4887334887334887,242.2700000000001
RTI_k3_n100_m429_228,rti,RTI_k3_n100_m429,RTI_k3_n100_m429_228.cnf,100,429,4.29,3,0.0,12.87,3.3545640551344373,23,0.0,0.0,0.5104895104895105,0.4840714840714841,237.49000000000004
RTI_k3_n100_m429_430,rti,RTI_k3_n100_m429,RTI_k3_n100_m429_430.cnf,100,429,4.29,3,0.0,12.87,3.5345579638761055,21,0.0,0.0,0.5104895104895105,0.48484848484848486,170.07
RTI_k3_n100_m429_45,rti,RTI_k3_n100_m429,RTI_k3_n100_m429_45.cnf,100,429,4.29,3,0.0,12.87,3.0843313700054993,21,0.0,0.0,0.4592074592074592,0.5322455322455323,310.6000000000001
RTI_k3_n100_m429_274,rti,RTI_k3_n100_m429,RTI_k3_n100_m429_274.cnf,100,429,4.29,3,0.0,12.87,3.6267202814664383,24,0.0,0.0,0.4731934731934732,0.5135975135975136,169.64000000000001
RTI_k3_n100_m429_462,rti,RTI_k3_n100_m429,RTI_k3_n100_m429_462.cnf,100,429,4.29,3,0.0,12.87,3.571148274715011,23,0.0,0.0,0.5104895104895105,0.5011655011655012,175.08000000000004
RTI_k3_n100_m429_346,rti,RTI_k3_n100_m429,RTI_k3_n100_m429_346.cnf,100,429,4.29,3,0.0,12.87,3.861748308732717,24,0.0,0.0,0.5174825174825175,0.49184149184149184,202.23000000000008
RTI_k3_n100_m429_58,rti,RTI_k3_n100_m429,RTI_k3_n100_m429_58.cnf,100,429,4.29,3,0.0,12.87,3.6156742109874886,21,0.0,0.0,0.5128205128205128,0.494949494949495,401.06999999999994
RTI_k3_n100_m429_225,rti,RTI_k3_n100_m429,RTI_k3_n100_m429_225.cnf,100,429,4.29,3,0.0,12.87,3.463105542717403,21,0.0,0.0,0.4731934731934732,0.5213675213675214,389.39
RTI_k3_n100_m429_427,rti,RTI_k3_n100_m429,RTI_k3_n100_m429_427.cnf,100,429,4.29,3,0.0,12.87,3.767373090098723,22,0.0,0.0,0.4825174825174825,0.5135975135975136,113.19000000000004
RTI_k3_n100_m429_159,rti,RTI_k3_n100_m429,RTI_k3_n100_m429_159.cnf,100,429,4.29,3,0.0,12.87,3.291367496953204,21,0.0,0.0,0.5034965034965035,0.4996114996114996,250.17000000000004
RTI_k3_n100_m429_288,rti,RTI_k3_n100_m429,RTI_k3_n100_m429_288.cnf,100,429,4.29,3,0.0,12.87,3.7911871491658125,23,0.0,0.0,0.5524475524475524,0.47474747474747475,264.04
RTI_k3_n100_m429_25,rti,RTI_k3_n100_m429,RTI_k3_n100_m429_25.cnf,100,429,4.29,3,0.0,12.87,3.9003974156488206,25,0.0,0.0,0.49184149184149184,0.48795648795648794,164.82000000000008
RTI_k3_n100_m429_93,rti,RTI_k3_n100_m429,RTI_k3_n100_m429_93.cnf,100,429,4.29,3,0.0,12.87,3.6156742109874886,22,0.0,0.0,0.4662004662004662,0.5073815073815073,338.1000000000001
RTI_k3_n100_m429_436,rti,RTI_k3_n100_m429,RTI_k3_n100_m429_436.cnf,100,429,4.29,3,0.0,12.87,3.6267202814664383,21,0.0,0.0,0.48717948717948717,0.5143745143745144,112.17000000000003
RTI_k3_n100_m429_459,rti,RTI_k3_n100_m429,RTI_k3_n100_m429_459.cnf,100,429,4.29,3,0.0,12.87,3.5118513635972692,21,0.0,0.0,0.4825174825174825,0.5112665112665112,226.8400000000001
RTI_k3_n100_m429_343,rti,RTI_k3_n100_m429,RTI_k3_n100_m429_343.cnf,100,429,4.29,3,0.0,12.87,3.3901474894169428,22,0.0,0.0,0.5151515151515151,0.49106449106449107,271.61
RTI_k3_n100_m429_197,rti,RTI_k3_n100_m429,RTI_k3_n100_m429_197.cnf,100,429,4.29,3,0.0,12.87,3.665119370498047,22,0.0,0.0,0.5011655011655012,0.5011655011655012,297.67
RTI_k3_n100_m429_321,rti,RTI_k3_n100_m429,RTI_k3_n100_m429_321.cnf,100,429,4.29,3,0.0,12.87,3.3185991020308556,20,0.0,0.0,0.4825174825174825,0.508935508935509,203.20000000000007
RTI_k3_n100_m429_229,rti,RTI_k3_n100_m429,RTI_k3_n100_m429_229.cnf,100,429,4.29,3,0.0,12.87,3.7353848529970777,23,0.0,0.0,0.4988344988344988,0.5011655011655012,245.3400000000001
RTI_k3_n100_m429_181,rti,RTI_k3_n100_m429,RTI_k3_n100_m429_181.cnf,100,429,4.29,3,0.0,12.87,3.785908081293047,24,0.0,0.0,0.5314685314685315,0.48096348096348096,351.51
RTI_k3_n100_m429_235,rti,RTI_k3_n100_m429,RTI_k3_n100_m429_235.cnf,100,429,4.29,3,0.0,12.87,3.463105542717403,22,0.0,0.0,0.4801864801864802,0.4926184926184926,145.17000000000004
RTI_k3_n100_m429_429,rti,RTI_k3_n100_m429,RTI_k3_n100_m429_429.cnf,100,429,4.29,3,0.0,12.87,3.9841059222867057,23,0.0,0.0,0.47785547785547783,0.5081585081585082,360.7100000000001
RTI_k3_n100_m429_7,rti,RTI_k3_n100_m429,RTI_k3_n100_m429_7.cnf,100,429,4.29,3,0.0,12.87,3.659658454009062,21,0.0,0.0,0.48484848484848486,0.5011655011655012,351.89
RTI_k3_n100_m429_173,rti,RTI_k3_n100_m429,RTI_k3_n100_m429_173.cnf,100,429,4.29,3,0.0,12.87,3.3960418136412867,23,0.0,0.0,0.5081585081585082,0.49805749805749805,285.8200000000001
RTI_k3_n100_m429_319,rti,RTI_k3_n100_m429,RTI_k3_n100_m429_319.cnf,100,429,4.29,3,0.0,12.87,3.3155844130409347,22,0.0,0.0,0.49184149184149184,0.5050505050505051,390.3099999999999
RTI_k3_n100_m429_247,rti,RTI_k3_n100_m429,RTI_k3_n100_m429_247.cnf,100,429,4.29,3,0.0,12.87,3.514697711041449,22,0.0,0.0,0.48951048951048953,0.49805749805749805,292.2600000000001
RTI_k3_n100_m429_245,rti,RTI_k3_n100_m429,RTI_k3_n100_m429_245.cnf,100,429,4.29,3,0.0,12.87,3.551492643945641,21,0.0,0.0,0.5198135198135199,0.4972804972804973,396.6599999999998
RTI_k3_n100_m429_278,rti,RTI_k3_n100_m429,RTI_k3_n100_m429_278.cnf,100,429,4.29,3,0.0,12.87,3.410733059035843,22,0.0,0.0,0.5477855477855478,0.4763014763014763,194.68000000000006
RTI_k3_n100_m429_303,rti,RTI_k3_n100_m429,RTI_k3_n100_m429_303.cnf,100,429,4.29,3,0.0,12.87,3.8952663580299616,25,0.0,0.0,0.5198135198135199,0.48484848484848486,192.79
RTI_k3_n100_m429_165,rti,RTI_k3_n100_m429,RTI_k3_n100_m429_165.cnf,100,429,4.29,3,0.0,12.87,3.410733059035843,20,0.0,0.0,0.46853146853146854,0.5174825174825175,160.22
RTI_k3_n100_m429_8,rti,RTI_k3_n100_m429,RTI_k3_n100_m429_8.cnf,100,429,4.29,3,0.0,12.87,3.5373860405672435,21,0.0,0.0,0.4731934731934732,0.5198135198135199,231.3200000000001
RTI_k3_n100_m429_420,rti,RTI_k3_n100_m429,RTI_k3_n100_m429_420.cnf,100,429,4.29,3,0.0,12.87,3.3901474894169428,22,0.0,0.0,0.4988344988344988,0.49184149184149184,113.70000000000002
RTI_k3_n100_m429_323,rti,RTI_k3_n100_m429,RTI_k3_n100_m429_323.cnf,100,429,4.29,3,0.0,12.87,3.8720924575738116,24,0.0,0.0,0.49184149184149184,0.5143745143745144,216.68000000000006
RTI_k3_n100_m429_205,rti,RTI_k3_n100_m429,RTI_k3_n100_m429_205.cnf,100,429,4.29,3,0.0,12.87,3.607367461182739,21,0.0,0.0,0.48717948717948717,0.508935508935509,253.16000000000005
RTI_k3_n100_m429_378,rti,RTI_k3_n100_m429,RTI_k3_n100_m429_378.cnf,100,429,4.29,3,0.0,12.87,3.4311951270657866,21,0.0,0.0,0.5547785547785548,0.46153846153846156,340.5000000000001
RTI_k3_n100_m429_368,rti,RTI_k3_n100_m429,RTI_k3_n100_m429_368.cnf,100,429,4.29,3,0.0,12.87,3.4457364960193924,21,0.0,0.0,0.5104895104895105,0.5120435120435121,228.05999999999997
RTI_k3_n100_m429_328,rti,RTI_k3_n100_m429,RTI_k3_n100_m429_328.cnf,100,429,4.29,3,0.0,12.87,3.474636671653599,20,0.0,0.0,0.5174825174825175,0.494949494949495,400.91000000000014
RTI_k3_n100_m429_417,rti,RTI_k3_n100_m429,RTI_k3_n100_m429_417.cnf,100,429,4.29,3,0.0,12.87,3.217623346509035,21,0.0,0.0,0.4731934731934732,0.5128205128205128,389.78000000000003
RTI_k3_n100_m429_458,rti,RTI_k3_n100_m429,RTI_k3_n100_m429_458.cnf,100,429,4.29,3,0.0,12.87,3.8952663580299616,22,0.0,0.0,0.5128205128205128,0.4926184926184926,224.55000000000013
RTI_k3_n100_m429_300,rti,RTI_k3_n100_m429,RTI_k3_n100_m429_300.cnf,100,429,4.29,3,0.0,12.87,4.170503566717094,25,0.0,0.0,0.5058275058275058,0.4926184926184926,260.1099999999999
RTI_k3_n100_m429_416,rti,RTI_k3_n100_m429,RTI_k3_n100_m429_416.cnf,100,429,4.29,3,0.0,12.87,3.113374375175591,23,0.0,0.0,0.49417249417249415,0.5073815073815073,240.32000000000008
RTI_k3_n100_m429_309,rti,RTI_k3_n100_m429,RTI_k3_n100_m429_309.cnf,100,429,4.29,3,0.0,12.87,3.820091621937882,30,0.0,0.0,0.4568764568764569,0.526029526029526,269.40000000000003
RTI_k3_n100_m429_442,rti,RTI_k3_n100_m429,RTI_k3_n100_m429_442.cnf,100,429,4.29,3,0.0,12.87,3.3545640551344373,20,0.0,0.0,0.5104895104895105,0.4972804972804973,401.2299999999999
RTI_k3_n100_m429_345,rti,RTI_k3_n100_m429,RTI_k3_n100_m429_345.cnf,100,429,4.29,3,0.0,12.87,3.451535890006071,23,0.0,0.0,0.47785547785547783,0.508935508935509,231.25999999999993
RTI_k3_n100_m429_130,rti,RTI_k3_n100_m429,RTI_k3_n100_m429_130.cnf,100,429,4.29,3,0.0,12.87,3.8122303183307276,25,0.0,0.0,0.49184149184149184,0.5066045066045066,103.82000000000006
RTI_k3_n100_m429_275,rti,RTI_k3_n100_m429,RTI_k3_n100_m429_275.cnf,100,429,4.29,3,0.0,12.87,3.568346956224969,23,0.0,0.0,0.5104895104895105,0.4840714840714841,400.78000000000003
RTI_k3_n100_m429_223,rti,RTI_k3_n100_m429,RTI_k3_n100_m429_223.cnf,100,429,4.29,3,0.0,12.87,3.3185991020308556,20,0.0,0.0,0.4801864801864802,0.5104895104895105,234.18
RTI_k3_n100_m429_426,rti,RTI_k3_n100_m429,RTI_k3_n100_m429_426.cnf,100,429,4.29,3,0.0,12.87,3.3426187338672055,23,0.0,0.0,0.5454545454545454,0.46853146853146854,261.1700000000001
RTI_k3_n100_m429_318,rti,RTI_k3_n100_m429,RTI_k3_n100_m429_318.cnf,100,429,4.29,3,0.0,12.87,3.8253235157304015,26,0.0,0.0,0.4965034965034965,0.49417249417249415,236.63000000000005
RTI_k3_n100_m429_494,rti,RTI_k3_n100_m429,RTI_k3_n100_m429_494.cnf,100,429,4.29,3,0.0,12.87,3.0940426629249957,21,0.0,0.0,0.5384615384615384,0.4840714840714841,301.65000000000003
RTI_k3_n100_m429_356,rti,RTI_k3_n100_m429,RTI_k3_n100_m429_356.cnf,100,429,4.29,3,0.0,12.87,3.6101385014982457,24,0.0,0.0,0.4731934731934732,0.5229215229215229,388.60999999999996
RTI_k3_n100_m429_151,rti,RTI_k3_n100_m429,RTI_k3_n100_m429_151.cnf,100,429,4.29,3,0.0,12.87,3.404864167628424,27,0.0,0.0,0.5361305361305362,0.4926184926184926,143.2
RTI_k3_n100_m429_199,rti,RTI_k3_n100_m429,RTI_k3_n100_m429_199.cnf,100,429,4.29,3,0.0,12.87,3.457325555975312,21,0.0,0.0,0.5081585081585082,0.4965034965034965,255.09000000000006
RTI_k3_n100_m429_179,rti,RTI_k3_n100_m429,RTI_k3_n100_m429_179.cnf,100,429,4.29,3,0.0,12.87,3.3989851426565547,24,0.0,0.0,0.49184149184149184,0.5058275058275058,339.68999999999994
RTI_k3_n100_m429_491,rti,RTI_k3_n100_m429,RTI_k3_n100_m429_491.cnf,100,429,4.29,3,0.0,12.87,3.416591869099966,21,0.0,0.0,0.5268065268065268,0.48174048174048173,167.6200000000001
RTI_k3_n100_m429_103,rti,RTI_k3_n100_m429,RTI_k3_n100_m429_103.cnf,100,429,4.29,3,0.0,12.87,3.3456090626371755,21,0.0,0.0,0.48484848484848486,0.5034965034965035,178.3500000000001
RTI_k3_n100_m429_422,rti,RTI_k3_n100_m429,RTI_k3_n100_m429_422.cnf,100,429,4.29,3,0.0,12.87,3.3515817161453785,22,0.0,0.0,0.5151515151515151,0.4825174825174825,233.95
RTI_k3_n100_m429_41,rti,RTI_k3_n100_m429,RTI_k3_n100_m429_41.cnf,100,429,4.29,3,0.0,12.87,3.5739473974864264,22,0.0,0.0,0.5244755244755245,0.49417249417249415,348.4099999999999
RTI_k3_n100_m429_402,rti,RTI_k3_n100_m429,RTI_k3_n100_m429_402.cnf,100,429,4.29,3,0.0,12.87,3.1580215325421706,21,0.0,0.0,0.5011655011655012,0.4972804972804973,162.04000000000008
RTI_k3_n100_m429_240,rti,RTI_k3_n100_m429,RTI_k3_n100_m429_240.cnf,100,429,4.29,3,0.0,12.87,3.0451765137673052,26,0.0,0.0,0.47785547785547783,0.5174825174825175,167.35000000000005
RTI_k3_n100_m429_233,rti,RTI_k3_n100_m429,RTI_k3_n100_m429_233.cnf,100,429,4.29,3,0.0,12.87,3.686882151628934,20,0.0,0.0,0.4801864801864802,0.5042735042735043,396.8100000000001
RTI_k3_n100_m429_258,rti,RTI_k3_n100_m429,RTI_k3_n100_m429_258.cnf,100,429,4.29,3,0.0,12.87,3.20828614683915,20,0.0,0.0,0.5431235431235432,0.47785547785547783,400.85999999999996
RTI_k3_n100_m429_452,rti,RTI_k3_n100_m429,RTI_k3_n100_m429_452.cnf,100,429,4.29,3,0.0,12.87,3.0713352145280397,21,0.0,0.0,0.4965034965034965,0.5112665112665112,129.12
RTI_k3_n100_m429_264,rti,RTI_k3_n100_m429,RTI_k3_n100_m429_264.cnf,100,429,4.29,3,0.0,12.87,3.8122303183307276,27,0.0,0.0,0.43356643356643354,0.533022533022533,184.16000000000003
RTI_k3_n100_m429_53,rti,RTI_k3_n100_m429,RTI_k3_n100_m429_53.cnf,100,429,4.29,3,0.0,12.87,3.5373860405672435,23,0.0,0.0,0.5431235431235432,0.48329448329448327,88.52000000000002
RTI_k3_n100_m429_107,rti,RTI_k3_n100_m429,RTI_k3_n100_m429_107.cnf,100,429,4.29,3,0.0,12.87,3.948809947313241,23,0.0,0.0,0.47086247086247085,0.5205905205905206,395.7199999999998
RTI_k3_n100_m429_440,rti,RTI_k3_n100_m429,RTI_k3_n100_m429_440.cnf,100,429,4.29,3,0.0,12.87,3.5962619481900924,21,0.0,0.0,0.4801864801864802,0.5042735042735043,168.21000000000004
RTI_k3_n100_m429_191,rti,RTI_k3_n100_m429,RTI_k3_n100_m429_191.cnf,100,429,4.29,3,0.0,12.87,4.019091937241545,24,0.0,0.0,0.4988344988344988,0.4926184926184926,192.14000000000004
RTI_k3_n100_m429_171,rti,RTI_k3_n100_m429,RTI_k3_n100_m429_171.cnf,100,429,4.29,3,0.0,12.87,3.6018189849019344,23,0.0,0.0,0.4731934731934732,0.5011655011655012,235.16000000000008
RTI_k3_n100_m429_132,rti,RTI_k3_n100_m429,RTI_k3_n100_m429_132.cnf,100,429,4.29,3,0.0,12.87,3.30652385444291,19,0.0,0.0,0.4965034965034965,0.5104895104895105,266.9400000000001
RTI_k3_n100_m429_381,rti,RTI_k3_n100_m429,RTI_k3_n100_m429_381.cnf,100,429,4.29,3,0.0,12.87,3.348596721016133,21,0.0,0.0,0.5314685314685315,0.48096348096348096,288.6700000000001
RTI_k3_n100_m429_249,rti,RTI_k3_n100_m429,RTI_k3_n100_m429_249.cnf,100,429,4.29,3,0.0,12.87,3.116584669153078,21,0.0,0.0,0.5268065268065268,0.4825174825174825,275.16999999999996
RTI_k3_n100_m429_71,rti,RTI_k3_n100_m429,RTI_k3_n100_m429_71.cnf,100,429,4.29,3,0.0,12.87,3.551492643945641,22,0.0,0.0,0.578088578088578,0.4662004662004662,151.05000000000004
RTI_k3_n100_m429_365,rti,RTI_k3_n100_m429,RTI_k3_n100_m429_365.cnf,100,429,4.29,3,0.0,12.87,3.7460779490021294,23,0.0,0.0,0.5034965034965035,0.5027195027195027,216.56000000000003
RTI_k3_n100_m429_76,rti,RTI_k3_n100_m429,RTI_k3_n100_m429_76.cnf,100,429,4.29,3,0.0,12.87,3.9991374069916628,22,0.0,0.0,0.5221445221445221,0.4933954933954934,172.12000000000006
RTI_k3_n100_m429_277,rti,RTI_k3_n100_m429,RTI_k3_n100_m429_277.cnf,100,429,4.29,3,0.0,12.87,3.629476546280469,22,0.0,0.0,0.5081585081585082,0.5097125097125097,156.75000000000006
RTI_k3_n100_m429_366,rti,RTI_k3_n100_m429,RTI_k3_n100_m429_366.cnf,100,429,4.29,3,0.0,12.87,3.637732810419149,24,0.0,0.0,0.5081585081585082,0.48717948717948717,354.58000000000004
RTI_k3_n100_m429_473,rti,RTI_k3_n100_m429,RTI_k3_n100_m429_473.cnf,100,429,4.29,3,0.0,12.87,3.4918619674895512,22,0.0,0.0,0.5361305361305362,0.49106449106449107,109.60000000000007
RTI_k3_n100_m429_23,rti,RTI_k3_n100_m429,RTI_k3_n100_m429_23.cnf,100,429,4.29,3,0.0,12.87,3.3004696635479016,23,0.0,0.0,0.4801864801864802,0.5174825174825175,184.91000000000008
RTI_k3_n100_m429_451,rti,RTI_k3_n100_m429,RTI_k3_n100_m429_451.cnf,100,429,4.29,3,0.0,12.87,3.038601652076165,21,0.0,0.0,0.5034965034965035,0.4996114996114996,401.1199999999999
RTI_k3_n100_m429_230,rti,RTI_k3_n100_m429,RTI_k3_n100_m429_230.cnf,100,429,4.29,3,0.0,12.87,3.764717784907655,23,0.0,0.0,0.5244755244755245,0.48795648795648794,236.10000000000008
RTI_k3_n100_m429_51,rti,RTI_k3_n100_m429,RTI_k3_n100_m429_51.cnf,100,429,4.29,3,0.0,12.87,3.8720924575738116,23,0.0,0.0,0.5431235431235432,0.46853146853146854,96.64000000000003
RTI_k3_n100_m429_357,rti,RTI_k3_n100_m429,RTI_k3_n100_m429_357.cnf,100,429,4.29,3,0.0,12.87,2.883244699986458,22,0.0,0.0,0.46153846153846156,0.5268065268065268,171.48
RTI_k3_n100_m429_209,rti,RTI_k3_n100_m429,RTI_k3_n100_m429_209.cnf,100,429,4.29,3,0.0,12.87,3.6841688343505647,22,0.0,0.0,0.4988344988344988,0.49805749805749805,380.06000000000023
RTI_k3_n100_m429_43,rti,RTI_k3_n100_m429,RTI_k3_n100_m429_43.cnf,100,429,4.29,3,0.0,12.87,3.6895934735414957,22,0.0,0.0,0.5687645687645687,0.4662004662004662,266.96
RTI_k3_n100_m429_185,rti,RTI_k3_n100_m429,RTI_k3_n100_m429_185.cnf,100,429,4.29,3,0.0,12.87,3.74874645715071,23,0.0,0.0,0.4988344988344988,0.5128205128205128,203.19000000000008
RTI_k3_n100_m429_227,rti,RTI_k3_n100_m429,RTI_k3_n100_m429_227.cnf,100,429,4.29,3,0.0,12.87,3.2269335289094507,22,0.0,0.0,0.4592074592074592,0.526029526029526,121.77000000000008
RTI_k3_n100_m429_313,rti,RTI_k3_n100_m429,RTI_k3_n100_m429_313.cnf,100,429,4.29,3,0.0,12.87,3.9664971952593135,25,0.0,0.0,0.5268065268065268,0.5003885003885004,159.95000000000007
RTI_k3_n100_m429_497,rti,RTI_k3_n100_m429,RTI_k3_n100_m429_497.cnf,100,429,4.29,3,0.0,12.87,3.6623899300866367,22,0.0,0.0,0.5104895104895105,0.48795648795648794,182.32000000000008
RTI_k3_n100_m429_186,rti,RTI_k3_n100_m429,RTI_k3_n100_m429_186.cnf,100,429,4.29,3,0.0,12.87,3.793823928439484,22,0.0,0.0,0.49184149184149184,0.5058275058275058,218.84999999999994
RTI_k3_n100_m429_465,rti,RTI_k3_n100_m429,RTI_k3_n100_m429_465.cnf,100,429,4.29,3,0.0,12.87,3.3185991020308556,22,0.0,0.0,0.5454545454545454,0.47707847707847706,398.49
RTI_k3_n100_m429_208,rti,RTI_k3_n100_m429,RTI_k3_n100_m429_208.cnf,100,429,4.29,3,0.0,12.87,3.7031203059041977,22,0.0,0.0,0.45454545454545453,0.526029526029526,163.94000000000005
RTI_k3_n100_m429_263,rti,RTI_k3_n100_m429,RTI_k3_n100_m429_263.cnf,100,429,4.29,3,0.0,12.87,3.410733059035843,25,0.0,0.0,0.5081585081585082,0.4996114996114996,399.12
RTI_k3_n100_m429_280,rti,RTI_k3_n100_m429,RTI_k3_n100_m429_280.cnf,100,429,4.29,3,0.0,12.87,3.56554343684101,20,0.0,0.0,0.5198135198135199,0.48096348096348096,120.01000000000003
RTI_k3_n100_m429_32,rti,RTI_k3_n100_m429,RTI_k3_n100_m429_32.cnf,100,429,4.29,3,0.0,12.87,3.4803879094146963,21,0.0,0.0,0.4988344988344988,0.5151515151515151,93.35000000000008
RTI_k3_n100_m429_373,rti,RTI_k3_n100_m429,RTI_k3_n100_m429_373.cnf,100,429,4.29,3,0.0,12.87,3.8669238420222345,22,0.0,0.0,0.4825174825174825,0.5050505050505051,281.25000000000006
RTI_k3_n100_m429_367,rti,RTI_k3_n100_m429,RTI_k3_n100_m429_367.cnf,100,429,4.29,3,0.0,12.87,3.1957941110152888,21,0.0,0.0,0.4965034965034965,0.5097125097125097,213.9
RTI_k3_n100_m429_414,rti,RTI_k3_n100_m429,RTI_k3_n100_m429_414.cnf,100,429,4.29,3,0.0,12.87,3.4457364960193924,22,0.0,0.0,0.5314685314685315,0.4794094794094794,65.44000000000003
RTI_k3_n100_m429_446,rti,RTI_k3_n100_m429,RTI_k3_n100_m429_446.cnf,100,429,4.29,3,0.0,12.87,3.551492643945641,24,0.0,0.0,0.5128205128205128,0.4933954933954934,323.75000000000017
RTI_k3_n100_m429_454,rti,RTI_k3_n100_m429,RTI_k3_n100_m429_454.cnf,100,429,4.29,3,0.0,12.87,3.4544319359338953,21,0.0,0.0,0.5174825174825175,0.4926184926184926,99.37000000000005
RTI_k3_n100_m429_354,rti,RTI_k3_n100_m429,RTI_k3_n100_m429_354.cnf,100,429,4.29,3,0.0,12.87,3.5118513635972692,21,0.0,0.0,0.5547785547785548,0.4716394716394716,401.04000000000013
RTI_k3_n100_m429_210,rti,RTI_k3_n100_m429,RTI_k3_n100_m429_210.cnf,100,429,4.29,3,0.0,12.87,3.643226591909979,22,0.0,0.0,0.5594405594405595,0.4630924630924631,145.39000000000007
RTI_k3_n100_m429_370,rti,RTI_k3_n100_m429,RTI_k3_n100_m429_370.cnf,100,429,4.29,3,0.0,12.87,3.3276267819573757,23,0.0,0.0,0.5128205128205128,0.4902874902874903,173.67999999999998
RTI_k3_n100_m429_3,rti,RTI_k3_n100_m429,RTI_k3_n100_m429_3.cnf,100,429,4.29,3,0.0,12.87,3.514697711041449,26,0.0,0.0,0.5268065268065268,0.4933954933954934,121.69000000000003
RTI_k3_n100_m429_475,rti,RTI_k3_n100_m429,RTI_k3_n100_m429_475.cnf,100,429,4.29,3,0.0,12.87,3.7726780938744295,26,0.0,0.0,0.47785547785547783,0.5019425019425019,401.00999999999993
RTI_k3_n100_m429_296,rti,RTI_k3_n100_m429,RTI_k3_n100_m429_296.cnf,100,429,4.29,3,0.0,12.87,3.6239619203297377,21,0.0,0.0,0.4988344988344988,0.4933954933954934,91.29000000000006
RTI_k3_n100_m429_214,rti,RTI_k3_n100_m429,RTI_k3_n100_m429_214.cnf,100,429,4.29,3,0.0,12.87,3.7726780938744295,23,0.0,0.0,0.5337995337995338,0.4763014763014763,200.57000000000008
RTI_k3_n100_m429_477,rti,RTI_k3_n100_m429,RTI_k3_n100_m429_477.cnf,100,429,4.29,3,0.0,12.87,3.520383501836128,22,0.0,0.0,0.5431235431235432,0.47707847707847706,343.0
RTI_k3_n100_m429_359,rti,RTI_k3_n100_m429,RTI_k3_n100_m429_359.cnf,100,429,4.29,3,0.0,12.87,3.8513763773487524,23,0.0,0.0,0.5081585081585082,0.4996114996114996,231.74000000000007
RTI_k3_n100_m429_499,rti,RTI_k3_n100_m429,RTI_k3_n100_m429_499.cnf,100,429,4.29,3,0.0,12.87,3.5627377113674816,26,0.0,0.0,0.47086247086247085,0.5081585081585082,400.8400000000002
RTI_k3_n100_m429_437,rti,RTI_k3_n100_m429,RTI_k3_n100_m429_437.cnf,100,429,4.29,3,0.0,12.87,3.7567406085595,21,0.0,0.0,0.5198135198135199,0.4988344988344988,401.31999999999994
RTI_k3_n100_m429_360,rti,RTI_k3_n100_m429,RTI_k3_n100_m429_360.cnf,100,429,4.29,3,0.0,12.87,3.6018189849019344,23,0.0,0.0,0.5151515151515151,0.4972804972804973,191.10000000000005
RTI_k3_n100_m429_418,rti,RTI_k3_n100_m429,RTI_k3_n100_m429_418.cnf,100,429,4.29,3,0.0,12.87,3.7380609946869514,25,0.0,0.0,0.46853146853146854,0.5081585081585082,367.89000000000004
RTI_k3_n100_m429_363,rti,RTI_k3_n100_m429,RTI_k3_n100_m429_363.cnf,100,429,4.29,3,0.0,12.87,3.2669710742521123,21,0.0,0.0,0.5198135198135199,0.4902874902874903,221.78
RTI_k3_n100_m429_455,rti,RTI_k3_n100_m429,RTI_k3_n100_m429_455.cnf,100,429,4.29,3,0.0,12.87,3.5627377113674816,22,0.0,0.0,0.5174825174825175,0.4763014763014763,231.53000000000006
RTI_k3_n100_m429_404,rti,RTI_k3_n100_m429,RTI_k3_n100_m429_404.cnf,100,429,4.29,3,0.0,12.87,3.4717574800092246,21,0.0,0.0,0.4965034965034965,0.5050505050505051,301.1500000000001
RTI_k3_n100_m429_2,rti,RTI_k3_n100_m429,RTI_k3_n100_m429_2.cnf,100,429,4.29,3,0.0,12.87,3.634982806011605,24,0.0,0.0,0.49417249417249415,0.5034965034965035,122.06
RTI_k3_n100_m429_26,rti,RTI_k3_n100_m429,RTI_k3_n100_m429_26.cnf,100,429,4.29,3,0.0,12.87,3.6045942906241195,24,0.0,0.0,0.4755244755244755,0.5244755244755245,198.76000000000008
RTI_k3_n100_m429_375,rti,RTI_k3_n100_m429,RTI_k3_n100_m429_375.cnf,100,429,4.29,3,0.0,12.87,3.1389647975088857,20,0.0,0.0,0.5198135198135199,0.5003885003885004,110.32000000000012
RTI_k3_n100_m429_488,rti,RTI_k3_n100_m429,RTI_k3_n100_m429_488.cnf,100,429,4.29,3,0.0,12.87,3.448637412080313,24,0.0,0.0,0.5198135198135199,0.49572649572649574,133.34000000000003
RTI_k3_n100_m429_88,rti,RTI_k3_n100_m429,RTI_k3_n100_m429_88.cnf,100,429,4.29,3,0.0,12.87,3.9437418779631104,22,0.0,0.0,0.5431235431235432,0.4731934731934732,121.56000000000003
RTI_k3_n100_m429_82,rti,RTI_k3_n100_m429,RTI_k3_n100_m429_82.cnf,100,429,4.29,3,0.0,12.87,3.590696311302308,25,0.0,0.0,0.48951048951048953,0.5050505050505051,231.89000000000001
ais12,all_interval,ais,ais12.cnf,265,5666,21.381132075471697,2.294917049064596,0.7337116559227456,49.06792452830189,7.637735849056604,56,0.0,0.7396752559124603,0.9959406989057537,0.13204645081904176,339.0900000000018
2bitadd_10,bejing,bejing,2bitadd_10.cnf,590,1422,2.4101694915254237,2.6722925457102673,1.4777506775194764,6.440677966101695,8.348898610891034,25,0.0,0.8016877637130801,0.9563994374120957,0.3684210526315789,1012.49
bmc-ibm-6,bmc,bmc,bmc-ibm-6.cnf,51639,368352,7.133213269040842,2.734039722873773,4.096574136653261,19.50248842928794,36.688894910912985,1000,0.0009501780905221093,0.8711151290070367,0.8469507427677874,0.5228346253409579,24776.489999999998
ssa2670-130,dimacs,ssa,ssa2670-130.cnf,1359,3321,2.443708609271523,2.326106594399277,0.607547272338326,5.684326710816777,4.404958754945884,60,0.0012044564890093346,0.7389340560072267,0.7187594098163204,0.5220711974110033,2010.1899999999994
flat30-84,flat_graphs,flat30-98,flat30-84.cnf,90,300,3.3333333333333335,2.1,0.3,7,1.3416407864998738,9,0.0,0.9,0.9,0.14285714285714285,64.75
sw100-84,morphed_graphs,sw100-8-lp0-c5,sw100-84.cnf,500,3100,6.2,2.096774193548387,0.5300540879082253,13,2.9189039038652846,19,0.0,0.967741935483871,0.967741935483871,0.07692307692307693,401.32000000000045
logistics.b,planning,logistics,logistics.b.cnf,843,7301,8.660735468564651,2.6056704561019037,1.0761783655216473,22.567022538552788,7.923639363763916,36,0.0,0.5478701547733187,0.9037118202985892,0.2798044575273339,1000.1199999999968
qg1-07,quasigroup,qg,qg1-07.cnf,343,68083,198.49271137026238,3.8716419664233364,0.4889279681738036,768.4927113702624,18.515593599749785,777,0.00032313499698896934,0.04965997385544115,0.9978408707019374,0.003930301639269632,4426.849999999999
ais8,all_interval,ais,ais8.cnf,113,1520,13.451327433628318,2.3125,0.6817945071647321,31.106194690265486,5.005064394232535,36,0.0,0.7322368421052632,0.9901315789473685,0.14366998577524892,221.37999999999994
uf250-084,uf,uf250,uf250-084.cnf,250,1065,4.26,2.99718574108818,0.09184147582784645,12.78,3.328002403845286,23,0.0,0.0,0.4807511737089202,0.5101721439749609,400.9200000000002
uf250-057,uf,uf250,uf250-057.cnf,250,1065,4.26,2.99718574108818,0.09184147582784645,12.78,3.3292041090927422,23,0.0,0.0,0.5126760563380282,0.497339593114241,400.0
uf250-072,uf,uf250,uf250-072.cnf,250,1065,4.26,2.99718574108818,0.09184147582784645,12.78,3.5104985400937,26,0.0,0.0,0.476056338028169,0.5179968701095462,400.05999999999995
uf250-05,uf,uf250,uf250-05.cnf,250,1065,4.26,2.99718574108818,0.09184147582784645,12.78,3.653436738195969,27,0.0,0.0,0.4892018779342723,0.5117370892018779,401.54999999999995
uf250-049,uf,uf250,uf250-049.cnf,250,1065,4.26,2.99718574108818,0.09184147582784645,12.78,3.5343457668994414,26,0.0,0.0,0.5089201877934272,0.49671361502347416,400.5699999999998
uf250-044,uf,uf250,uf250-044.cnf,250,1065,4.26,2.99718574108818,0.09184147582784645,12.78,3.579329546158051,23,0.0,0.0,0.504225352112676,0.49984350547730827,400.47000000000014
uf250-029,uf,uf250,uf250-029.cnf,250,1065,4.26,2.99718574108818,0.09184147582784645,12.78,3.3483727391077593,22,0.0,0.0,0.48544600938967136,0.5070422535211268,400.0000000000001
uf250-081,uf,uf250,uf250-081.cnf,250,1065,4.26,2.99718574108818,0.09184147582784645,12.78,3.356724594005293,22,0.0,0.0,0.49765258215962443,0.49796557120500784,398.4000000000001
uf250-018,uf,uf250,uf250-018.cnf,250,1065,4.26,2.99718574108818,0.09184147582784645,12.78,3.6391757308489514,25,0.0,0.0,0.49859154929577465,0.5095461658841941,400.00000000000006
uf250-01,uf,uf250,uf250-01.cnf,250,1065,4.26,2.99718574108818,0.09184147582784645,12.78,3.4146156445491784,22,0.0,0.0,0.49107981220657276,0.507981220657277,398.6400000000001
uf250-025,uf,uf250,uf250-025.cnf,250,1065,4.26,2.99718574108818,0.09184147582784645,12.78,3.5546589147202297,22,0.0,0.0,0.5004694835680751,0.5007824726134585,232.01000000000002
uf250-036,uf,uf250,uf250-036.cnf,250,1065,4.26,2.99718574108818,0.09184147582784645,12.78,3.546773181357951,22,0.0,0.0,0.504225352112676,0.49076682316118936,401.1500000000002
uf250-075,uf,uf250,uf250-075.cnf,250,1065,4.26,2.99718574108818,0.09184147582784645,12.78,3.86,26,0.0,0.0,0.4694835680751174,0.5220657276995305,408.75
uf250-039,uf,uf250,uf250-039.cnf,250,1065,4.26,2.99718574108818,0.09184147582784645,12.78,3.5286824736720077,27,0.0,0.0,0.5004694835680751,0.49984350547730827,309.34000000000003
uf250-090,uf,uf250,uf250-090.cnf,250,1065,4.26,2.99718574108818,0.09184147582784645,12.78,3.5804468994805663,26,0.0,0.0,0.5089201877934272,0.49765258215962443,399.75
uf250-012,uf,uf250,uf250-012.cnf,250,1065,4.26,2.99718574108818,0.09184147582784645,12.78,3.5479007877898727,24,0.0,0.0,0.539906103286385,0.48763693270735525,407.2099999999999
uf250-078,uf,uf250,uf250-078.cnf,250,1065,4.26,2.99718574108818,0.09184147582784645,12.78,3.568136768679138,26,0.0,0.0,0.5098591549295775,0.49765258215962443,406.09999999999997
uf250-079,uf,uf250,uf250-079.cnf,250,1065,4.26,2.99718574108818,0.09184147582784645,12.78,3.380473339637513,22,0.0,0.0,0.5117370892018779,0.49389671361502346,405.69
uf250-02,uf,uf250,uf250-02.cnf,250,1065,4.26,2.99718574108818,0.09184147582784645,12.78,3.5275487239724983,23,0.0,0.0,0.49014084507042255,0.507981220657277,401.22999999999996
uf250-037,uf,uf250,uf250-037.cnf,250,1065,4.26,2.99718574108818,0.09184147582784645,12.78,3.5309488809667013,24,0.0,0.0,0.4892018779342723,0.5073552425665102,168.79000000000005
uf250-059,uf,uf250,uf250-059.cnf,250,1065,4.26,2.99718574108818,0.09184147582784645,12.78,3.5264146097700992,22,0.0,0.0,0.47699530516431926,0.5023474178403756,398.4900000000001
uf250-089,uf,uf250,uf250-089.cnf,250,1065,4.26,2.99718574108818,0.09184147582784645,12.78,3.6915579366982714,23,0.0,0.0,0.507981220657277,0.49827856025039124,396.26
uf250-032,uf,uf250,uf250-032.cnf,250,1065,4.26,2.99718574108818,0.09184147582784645,12.78,3.363866822571904,25,0.0,0.0,0.49765258215962443,0.5001564945226917,401.07000000000005
uf250-047,uf,uf250,uf250-047.cnf,250,1065,4.26,2.99718574108818,0.09184147582784645,12.78,3.7581378367484075,24,0.0,0.0,0.49859154929577465,0.5048513302034429,371.34999999999997
uf250-071,uf,uf250,uf250-071.cnf,250,1065,4.26,2.99718574108818,0.09184147582784645,12.78,3.810984124868536,25,0.0,0.0,0.507981220657277,0.49608763693270735,415.3700000000002
uf250-022,uf,uf250,uf250-022.cnf,250,1065,4.26,2.99718574108818,0.09184147582784645,12.78,3.505937820327109,23,0.0,0.0,0.4751173708920188,0.5154929577464789,400.6900000000001
uf250-045,uf,uf250,uf250-045.cnf,250,1065,4.26,2.99718574108818,0.09184147582784645,12.78,3.71854810376308,25,0.0,0.0,0.47981220657276996,0.5076682316118936,401.21
uf250-096,uf,uf250,uf250-096.cnf,250,1065,4.26,2.99718574108818,0.09184147582784645,12.78,3.4099266854288817,23,0.0,0.0,0.507981220657277,0.5048513302034429,389.3199999999999
uf250-017,uf,uf250,uf250-017.cnf,250,1065,4.26,2.99718574108818,0.09184147582784645,12.78,3.664368977054576,24,0.0,0.0,0.48544600938967136,0.5136150234741784,399.74
uf250-074,uf,uf250,uf250-074.cnf,250,1065,4.26,2.99718574108818,0.09184147582784645,12.78,3.3875654975217824,23,0.0,0.0,0.539906103286385,0.4835680751173709,399.2100000000001
uf250-019,uf,uf250,uf250-019.cnf,250,1065,4.26,2.99718574108818,0.09184147582784645,12.78,3.388746080779733,23,0.0,0.0,0.49389671361502346,0.5061032863849765,398.7400000000001
uf250-051,uf,uf250,uf250-051.cnf,250,1065,4.26,2.99718574108818,0.09184147582784645,12.78,3.5993888370110834,22,0.0,0.0,0.49295774647887325,0.5020344287949922,399.42999999999995
uf250-086,uf,uf250,uf250-086.cnf,250,1065,4.26,2.99718574108818,0.09184147582784645,12.78,3.546773181357951,24,0.0,0.0,0.49014084507042255,0.5064162754303599,399.59
uf250-034,uf,uf250,uf250-034.cnf,250,1065,4.26,2.99718574108818,0.09184147582784645,12.78,3.4565300519451583,23,0.0,0.0,0.5192488262910798,0.49827856025039124,399.63000000000017
uf250-093,uf,uf250,uf250-093.cnf,250,1065,4.26,2.99718574108818,0.09184147582784645,12.78,3.7825388299394893,23,0.0,0.0,0.5211267605633803,0.48857589984350547,377.2299999999999
uf250-013,uf,uf250,uf250-013.cnf,250,1065,4.26,2.99718574108818,0.09184147582784645,12.78,3.4669294772175565,23,0.0,0.0,0.5117370892018779,0.497339593114241,400.77000000000015
uf250-069,uf,uf250,uf250-069.cnf,250,1065,4.26,2.99718574108818,0.09184147582784645,12.78,3.389926252885157,26,0.0,0.0,0.5004694835680751,0.5045383411580595,397.55
uf250-068,uf,uf250,uf250-068.cnf,250,1065,4.26,2.99718574108818,0.09184147582784645,12.78,3.6774447650508635,25,0.0,0.0,0.48544600938967136,0.5073552425665102,401.59999999999985
uf250-040,uf,uf250,uf250-040.cnf,250,1065,4.26,2.99718574108818,0.09184147582784645,12.78,3.692641331079963,26,0.0,0.0,0.5211267605633803,0.48732394366197185,262.3800000000001
uf250-023,uf,uf250,uf250-023.cnf,250,1065,4.26,2.99718574108818,0.09184147582784645,12.78,3.278353245152206,24,0.0,0.0,0.4788732394366197,0.5139280125195618,298.9700000000001
uf250-053,uf,uf250,uf250-053.cnf,250,1065,4.26,2.99718574108818,0.09184147582784645,12.78,3.5343457668994414,25,0.0,0.0,0.4892018779342723,0.5007824726134585,1000.1699999999988
uf250-04,uf,uf250,uf250-04.cnf,250,1065,4.26,2.99718574108818,0.09184147582784645,12.78,3.5501549261968837,24,0.0,0.0,0.476056338028169,0.5123630672926448,394.3799999999998
uf250-015,uf,uf250,uf250-015.cnf,250,1065,4.26,2.99718574108818,0.09184147582784645,12.78,3.7357194755495224,24,0.0,0.0,0.507981220657277,0.49358372456964006,401.46
uf250-095,uf,uf250,uf250-095.cnf,250,1065,4.26,2.99718574108818,0.09184147582784645,12.78,3.194307436675437,20,0.0,0.0,0.5380281690140845,0.47417840375586856,401.1700000000001
uf250-033,uf,uf250,uf250-033.cnf,250,1065,4.26,2.99718574108818,0.09184147582784645,12.78,3.503655234180441,26,0.0,0.0,0.49859154929577465,0.5032863849765258,400.11
uf250-026,uf,uf250,uf250-026.cnf,250,1065,4.26,2.99718574108818,0.09184147582784645,12.78,3.6904742242698294,22,0.0,0.0,0.5230046948356808,0.49045383411580595,400.04
uf250-082,uf,uf250,uf250-082.cnf,250,1065,4.26,2.99718574108818,0.09184147582784645,12.78,3.5692576258936537,23,0.0,0.0,0.5117370892018779,0.5001564945226917,400.0599999999999
uf250-031,uf,uf250,uf250-031.cnf,250,1065,4.26,2.99718574108818,0.09184147582784645,12.78,3.5002285639655017,23,0.0,0.0,0.492018779342723,0.49420970266040687,400.01999999999987
uf250-065,uf,uf250,uf250-065.cnf,250,1065,4.26,2.99718574108818,0.09184147582784645,12.78,3.5904874320905233,24,0.0,0.0,0.4892018779342723,0.5070422535211268,398.40000000000003
uf250-020,uf,uf250,uf250-020.cnf,250,1065,4.26,2.99718574108818,0.09184147582784645,12.78,3.4967985358038574,22,0.0,0.0,0.49765258215962443,0.49921752738654146,400.3299999999999
uf250-030,uf,uf250,uf250-030.cnf,250,1065,4.26,2.99718574108818,0.09184147582784645,12.78,3.3922853653547484,22,0.0,0.0,0.5004694835680751,0.5017214397496088,132.97
uf250-011,uf,uf250,uf250-011.cnf,250,1065,4.26,2.99718574108818,0.09184147582784645,12.78,3.3340065986737337,24,0.0,0.0,0.476056338028169,0.5145539906103287,999.2199999999999
uf250-024,uf,uf250,uf250-024.cnf,250,1065,4.26,2.99718574108818,0.09184147582784645,12.78,3.3471779157971273,21,0.0,0.0,0.49765258215962443,0.5061032863849765,304.5900000000001
uf250-043,uf,uf250,uf250-043.cnf,250,1065,4.26,2.99718574108818,0.09184147582784645,12.78,3.4841928764062415,24,0.0,0.0,0.5333333333333333,0.48294209702660407,402.05
uf250-016,uf,uf250,uf250-016.cnf,250,1065,4.26,2.99718574108818,0.09184147582784645,12.78,3.5714982850338877,24,0.0,0.0,0.47136150234741786,0.5161189358372457,399.2699999999998
uf250-08,uf,uf250,uf250-08.cnf,250,1065,4.26,2.99718574108818,0.09184147582784645,12.78,3.6226509630379793,27,0.0,0.0,0.504225352112676,0.49640062597809076,1000.039999999998
uf250-014,uf,uf250,uf250-014.cnf,250,1065,4.26,2.99718574108818,0.09184147582784645,12.78,3.3147548928993227,24,0.0,0.0,0.48732394366197185,0.5126760563380282,992.3999999999995
uf250-067,uf,uf250,uf250-067.cnf,250,1065,4.26,2.99718574108818,0.09184147582784645,12.78,3.7687663764154977,25,0.0,0.0,0.5107981220657277,0.49608763693270735,400.26000000000005
uf250-041,uf,uf250,uf250-041.cnf,250,1065,4.26,2.99718574108818,0.09184147582784645,12.78,3.6807064539297345,24,0.0,0.0,0.48450704225352115,0.49890453834115805,400.52000000000004
uf250-09,uf,uf250,uf250-09.cnf,250,1065,4.26,2.99718574108818,0.09184147582784645,12.78,3.48763530203489,24,0.0,0.0,0.48544600938967136,0.5107981220657277,395.63000000000005
uf250-06,uf,uf250,uf250-06.cnf,250,1065,4.26,2.99718574108818,0.09184147582784645,12.78,3.71854810376308,24,0.0,0.0,0.5089201877934272,0.49702660406885757,400.02000000000004
uf250-099,uf,uf250,uf250-099.cnf,250,1065,4.26,2.99718574108818,0.09184147582784645,12.78,3.4784479297525785,23,0.0,0.0,0.49107981220657276,0.504225352112676,415.0200000000001
uf250-058,uf,uf250,uf250-058.cnf,250,1065,4.26,2.99718574108818,0.09184147582784645,12.78,3.577093792452191,23,0.0,0.0,0.476056338028169,0.5161189358372457,401.46000000000004
uf250-048,uf,uf250,uf250-048.cnf,250,1065,4.26,2.99718574108818,0.09184147582784645,12.78,3.4967985358038574,26,0.0,0.0,0.5117370892018779,0.49295774647887325,390.36000000000007
uf250-054,uf,uf250,uf250-054.cnf,250,1065,4.26,2.99718574108818,0.09184147582784645,12.78,3.5993888370110834,23,0.0,0.0,0.49483568075117373,0.5045383411580595,400.4200000000001
uf250-07,uf,uf250,uf250-07.cnf,250,1065,4.26,2.99718574108818,0.09184147582784645,12.78,3.480747046253146,25,0.0,0.0,0.5117370892018779,0.49420970266040687,399.79
uf250-050,uf,uf250,uf250-050.cnf,250,1065,4.26,2.99718574108818,0.09184147582784645,12.78,3.607159547344697,25,0.0,0.0,0.49859154929577465,0.5023474178403756,396.9599999999998
uf250-070,uf,uf250,uf250-070.cnf,250,1065,4.26,2.99718574108818,0.09184147582784645,12.78,3.5343457668994414,24,0.0,0.0,0.4732394366197183,0.5017214397496088,400.03000000000003
uf250-064,uf,uf250,uf250-064.cnf,250,1065,4.26,2.99718574108818,0.09184147582784645,12.78,3.7772476752259707,26,0.0,0.0,0.4807511737089202,0.5092331768388106,301.12
uf250-097,uf,uf250,uf250-097.cnf,250,1065,4.26,2.99718574108818,0.09184147582784645,12.78,3.6115924465531823,23,0.0,0.0,0.4723004694835681,0.5151799687010955,402.97999999999996
uf250-080,uf,uf250,uf250-080.cnf,250,1065,4.26,2.99718574108818,0.09184147582784645,12.78,3.3014542250347803,25,0.0,0.0,0.49953051643192486,0.5010954616588419,999.9599999999983
uf250-046,uf,uf250,uf250-046.cnf,250,1065,4.26,2.99718574108818,0.09184147582784645,12.78,3.5139151953341163,25,0.0,0.0,0.49953051643192486,0.502660406885759,400.43999999999994
uf250-061,uf,uf250,uf250-061.cnf,250,1065,4.26,2.99718574108818,0.09184147582784645,12.78,3.568136768679138,28,0.0,0.0,0.5145539906103287,0.4917057902973396,108.82000000000002
uf250-052,uf,uf250,uf250-052.cnf,250,1065,4.26,2.99718574108818,0.09184147582784645,12.78,3.6115924465531823,24,0.0,0.0,0.5061032863849765,0.49295774647887325,362.16
uf250-098,uf,uf250,uf250-098.cnf,250,1065,4.26,2.99718574108818,0.09184147582784645,12.78,3.613806857041477,23,0.0,0.0,0.49483568075117373,0.5004694835680751,384.1200000000002
uf250-060,uf,uf250,uf250-060.cnf,250,1065,4.26,2.99718574108818,0.09184147582784645,12.78,3.2759120867324873,23,0.0,0.0,0.5136150234741784,0.49327073552425665,399.41
uf250-077,uf,uf250,uf250-077.cnf,250,1065,4.26,2.99718574108818,0.09184147582784645,12.78,3.3922853653547484,23,0.0,0.0,0.49483568075117373,0.5082942097026604,398.8400000000001
uf250-038,uf,uf250,uf250-038.cnf,250,1065,4.26,2.99718574108818,0.09184147582784645,12.78,3.2722469344473377,22,0.0,0.0,0.5070422535211268,0.49264475743348984,383.61000000000007
uf250-094,uf,uf250,uf250-094.cnf,250,1065,4.26,2.99718574108818,0.09184147582784645,12.78,3.3304053807307,21,0.0,0.0,0.4647887323943662,0.5201877934272301,151.48999999999998
uf250-062,uf,uf250,uf250-062.cnf,250,1065,4.26,2.99718574108818,0.09184147582784645,12.78,3.6501506818212315,26,0.0,0.0,0.47699530516431926,0.507981220657277,325.4600000000001
uf250-066,uf,uf250,uf250-066.cnf,250,1065,4.26,2.99718574108818,0.09184147582784645,12.78,3.592714850917061,23,0.0,0.0,0.4807511737089202,0.5020344287949922,399.97
uf250-085,uf,uf250,uf250-085.cnf,250,1065,4.26,2.99718574108818,0.09184147582784645,12.78,3.729289476562526,25,0.0,0.0,0.5051643192488263,0.497339593114241,399.15000000000003
uf250-042,uf,uf250,uf250-042.cnf,250,1065,4.26,2.99718574108818,0.09184147582784645,12.78,3.353147774852758,23,0.0,0.0,0.5032863849765258,0.5086071987480438,400.03000000000003
uf250-035,uf,uf250,uf250-035.cnf,250,1065,4.26,2.99718574108818,0.09184147582784645,12.78,3.509358915813542,23,0.0,0.0,0.49295774647887325,0.502660406885759,403.98
uf250-010,uf,uf250,uf250-010.cnf,250,1065,4.26,2.99718574108818,0.09184147582784645,12.78,3.4228058665369847,23,0.0,0.0,0.5023474178403756,0.49859154929577465,404.69
uf250-056,uf,uf250,uf250-056.cnf,250,1065,4.26,2.99718574108818,0.09184147582784645,12.78,3.5241452864489,24,0.0,0.0,0.5051643192488263,0.49076682316118936,320.61
uf250-028,uf,uf250,uf250-028.cnf,250,1065,4.26,2.99718574108818,0.09184147582784645,12.78,3.6937244076947593,23,0.0,0.0,0.5051643192488263,0.49953051643192486,400.04
uf250-0100,uf,uf250,uf250-0100.cnf,250,1065,4.26,2.99718574108818,0.09184147582784645,12.78,3.5286824736720077,23,0.0,0.0,0.5089201877934272,0.5001564945226917,398.9999999999999
uf250-03,uf,uf250,uf250-03.cnf,250,1065,4.26,2.99718574108818,0.09184147582784645,12.78,3.7357194755495224,24,0.0,0.0,0.5117370892018779,0.49702660406885757,420.35999999999996
uf250-088,uf,uf250,uf250-088.cnf,250,1065,4.26,2.99718574108818,0.09184147582784645,12.78,3.3471779157971273,21,0.0,0.0,0.47981220657276996,0.5164319248826291,403.52
uf250-091,uf,uf250,uf250-091.cnf,250,1065,4.26,2.99718574108818,0.09184147582784645,12.78,3.47154144437309,25,0.0,0.0,0.48544600938967136,0.5032863849765258,406.89
uf250-076,uf,uf250,uf250-076.cnf,250,1065,4.26,2.99718574108818,0.09184147582784645,12.78,3.609376677488788,23,0.0,0.0,0.49577464788732395,0.5014084507042254,142.01000000000005
uf250-087,uf,uf250,uf250-087.cnf,250,1065,4.26,2.99718574108818,0.09184147582784645,12.78,3.6325748443769195,23,0.0,0.0,0.492018779342723,0.5111111111111111,400.0400000000001
uf250-083,uf,uf250,uf250-083.cnf,250,1065,4.26,2.99718574108818,0.09184147582784645,12.78,3.4680830439884223,25,0.0,0.0,0.49295774647887325,0.497339593114241,400.0100000000001
uf250-027,uf,uf250,uf250-027.cnf,250,1065,4.26,2.99718574108818,0.09184147582784645,12.78,3.3757369565770374,23,0.0,0.0,0.48826291079812206,0.5061032863849765,187.48000000000005
uf250-063,uf,uf250,uf250-063.cnf,250,1065,4.26,2.99718574108818,0.09184147582784645,12.78,3.7496133133964626,23,0.0,0.0,0.5145539906103287,0.49483568075117373,124.41000000000001
uf250-073,uf,uf250,uf250-073.cnf,250,1065,4.26,2.99718574108818,0.09184147582784645,12.78,3.4830446451344836,22,0.0,0.0,0.49014084507042255,0.5089201877934272,401.11000000000007
uf250-021,uf,uf250,uf250-021.cnf,250,1065,4.26,2.99718574108818,0.09184147582784645,12.78,3.4099266854288817,22,0.0,0.0,0.4732394366197183,0.5161189358372457,403.80000000000007
uf250-092,uf,uf250,uf250-092.cnf,250,1065,4.26,2.99718574108818,0.09184147582784645,12.78,3.74,26,0.0,0.0,0.5032863849765258,0.497339593114241,400.02000000000004
uf250-055,uf,uf250,uf250-055.cnf,250,1065,4.26,2.99718574108818,0.09184147582784645,12.78,3.708854270526142,24,0.0,0.0,0.5286384976525822,0.48419405320813774,403.14
uf175-084,uf,uf175,uf175-084.cnf,175,753,4.3028571428571425,2.996021220159151,0.10918108276402315,12.90857142857143,3.292013836854398,27,0.0,0.0,0.5351925630810093,0.4816290393979637,395.65999999999997
uf175-057,uf,uf175,uf175-057.cnf,175,753,4.3028571428571425,2.996021220159151,0.10918108276402315,12.90857142857143,3.4694891701864146,22,0.0,0.0,0.5126162018592297,0.4997786631252767,399.78999999999996
uf175-072,uf,uf175,uf175-072.cnf,175,753,4.3028571428571425,2.996021220159151,0.10918108276402315,12.90857142857143,3.935579204319154,25,0.0,0.0,0.48738379814077026,0.5121735281097831,987.7799999999994
uf175-05,uf,uf175,uf175-05.cnf,175,753,4.3028571428571425,2.996021220159151,0.10918108276402315,12.90857142857143,3.265873012015661,22,0.0,0.0,0.5245683930942895,0.49358123063302345,399.6700000000001
uf175-049,uf,uf175,uf175-049.cnf,175,753,4.3028571428571425,2.996021220159151,0.10918108276402315,12.90857142857143,3.55731611740982,22,0.0,0.0,0.48871181938911024,0.5086321381142098,399.02000000000004
uf175-044,uf,uf175,uf175-044.cnf,175,753,4.3028571428571425,2.996021220159151,0.10918108276402315,12.90857142857143,3.3419730210564818,23,0.0,0.0,0.49933598937583,0.5059760956175299,401.5000000000001
uf175-029,uf,uf175,uf175-029.cnf,175,753,4.3028571428571425,2.996021220159151,0.10918108276402315,12.90857142857143,3.402971090811375,22,0.0,0.0,0.5245683930942895,0.48871181938911024,325.32
uf175-081,uf,uf175,uf175-081.cnf,175,753,4.3028571428571425,2.996021220159151,0.10918108276402315,12.90857142857143,3.5234213428404604,22,0.0,0.0,0.5099601593625498,0.4957945993802568,400.0
uf175-018,uf,uf175,uf175-018.cnf,175,753,4.3028571428571425,2.996021220159151,0.10918108276402315,12.90857142857143,3.7557857407754565,25,0.0,0.0,0.4701195219123506,0.5143868968570163,401.29999999999995
uf175-01,uf,uf175,uf175-01.cnf,175,753,4.3028571428571425,2.996021220159151,0.10918108276402315,12.90857142857143,3.767937778419492,25,0.0,0.0,0.5059760956175299,0.5002213368747234,392.42000000000013
uf175-025,uf,uf175,uf175-025.cnf,175,753,4.3028571428571425,2.996021220159151,0.10918108276402315,12.90857142857143,3.304142112869968,27,0.0,0.0,0.50199203187251,0.49933598937583,401.59
uf175-036,uf,uf175,uf175-036.cnf,175,753,4.3028571428571425,2.996021220159151,0.10918108276402315,12.90857142857143,3.3793804528194156,22,0.0,0.0,0.4953519256308101,0.5042054006197433,400.03000000000003
uf175-075,uf,uf175,uf175-075.cnf,175,753,4.3028571428571425,2.996021220159151,0.10918108276402315,12.90857142857143,3.3878245382606247,25,0.0,0.0,0.4940239043824701,0.5002213368747234,385.25
uf175-039,uf,uf175,uf175-039.cnf,175,753,4.3028571428571425,2.996021220159151,0.10918108276402315,12.90857142857143,3.9486251805313874,28,0.0,0.0,0.4900398406374502,0.5081894643647632,401.15999999999997
uf175-090,uf,uf175,uf175-090.cnf,175,753,4.3028571428571425,2.996021220159151,0.10918108276402315,12.90857142857143,3.810164707993713,25,0.0,0.0,0.49269588313413015,0.5090748118636564,398.34
uf175-012,uf,uf175,uf175-012.cnf,175,753,4.3028571428571425,2.996021220159151,0.10918108276402315,12.90857142857143,3.5250427700401374,25,0.0,0.0,0.5073041168658698,0.4984506418769367,293.1500000000001
uf175-078,uf,uf175,uf175-078.cnf,175,753,4.3028571428571425,2.996021220159151,0.10918108276402315,12.90857142857143,3.505536146364688,21,0.0,0.0,0.49667994687915007,0.5081894643647632,398.78000000000003
uf175-079,uf,uf175,uf175-079.cnf,175,753,4.3028571428571425,2.996021220159151,0.10918108276402315,12.90857142857143,3.6051844754520976,22,0.0,0.0,0.4953519256308101,0.49667994687915007,404.45
uf175-02,uf,uf175,uf175-02.cnf,175,753,4.3028571428571425,2.996021220159151,0.10918108276402315,12.90857142857143,3.462894860709249,25,0.0,0.0,0.4913678618857902,0.5068614431164232,999.0499999999972
uf175-037,uf,uf175,uf175-037.cnf,175,753,4.3028571428571425,2.996021220159151,0.10918108276402315,12.90857142857143,3.7021516082694728,23,0.0,0.0,0.48738379814077026,0.5077467906153165,400.0300000000001
uf175-059,uf,uf175,uf175-059.cnf,175,753,4.3028571428571425,2.996021220159151,0.10918108276402315,12.90857142857143,3.4529797838613394,22,0.0,0.0,0.4940239043824701,0.50199203187251,400.78999999999996
uf175-089,uf,uf175,uf175-089.cnf,175,753,4.3028571428571425,2.996021220159151,0.10918108276402315,12.90857142857143,3.6320298479399273,23,0.0,0.0,0.50066401062417,0.4997786631252767,258.33000000000004
uf175-032,uf,uf175,uf175-032.cnf,175,753,4.3028571428571425,2.996021220159151,0.10918108276402315,12.90857142857143,3.476070969896199,21,0.0,0.0,0.49800796812749004,0.5117308543603364,266.3400000000001
uf175-047,uf,uf175,uf175-047.cnf,175,753,4.3028571428571425,2.996021220159151,0.10918108276402315,12.90857142857143,3.2902775765294097,21,0.0,0.0,0.5391766268260292,0.4776449756529438,394.9000000000001
uf175-071,uf,uf175,uf175-071.cnf,175,753,4.3028571428571425,2.996021220159151,0.10918108276402315,12.90857142857143,3.6727079482950162,24,0.0,0.0,0.49800796812749004,0.50199203187251,194.43000000000004
uf175-022,uf,uf175,uf175-022.cnf,175,753,4.3028571428571425,2.996021220159151,0.10918108276402315,12.90857142857143,3.6664791541416273,23,0.0,0.0,0.5205843293492696,0.4878264718902169,399.0100000000001
uf175-045,uf,uf175,uf175-045.cnf,175,753,4.3028571428571425,2.996021220159151,0.10918108276402315,12.90857142857143,3.857858134736826,26,0.0,0.0,0.5033200531208499,0.49269588313413015,251.06000000000003
uf175-096,uf,uf175,uf175-096.cnf,175,753,4.3028571428571425,2.996021220159151,0.10918108276402315,12.90857142857143,3.424731182657901,23,0.0,0.0,0.5205843293492696,0.5015493581230633,401.67000000000013
uf175-017,uf,uf175,uf175-017.cnf,175,753,4.3028571428571425,2.996021220159151,0.10918108276402315,12.90857142857143,3.9108180677683886,22,0.0,0.0,0.5232403718459495,0.4767596281540505,401.80999999999995
uf175-074,uf,uf175,uf175-074.cnf,175,753,4.3028571428571425,2.996021220159151,0.10918108276402315,12.90857142857143,3.271117889177637,22,0.0,0.0,0.5059760956175299,0.49269588313413015,410.1200000000001
uf175-019,uf,uf175,uf175-019.cnf,175,753,4.3028571428571425,2.996021220159151,0.10918108276402315,12.90857142857143,3.3726099625043617,25,0.0,0.0,0.49269588313413015,0.5033200531208499,407.1599999999999
uf175-051,uf,uf175,uf175-051.cnf,175,753,4.3028571428571425,2.996021220159151,0.10918108276402315,12.90857142857143,3.6508606757132473,22,0.0,0.0,0.5192563081009296,0.4913678618857902,398.66999999999985
uf175-086,uf,uf175,uf175-086.cnf,175,753,4.3028571428571425,2.996021220159151,0.10918108276402315,12.90857142857143,3.677372620194356,23,0.0,0.0,0.5112881806108898,0.4909251881363435,393.46000000000004
uf175-034,uf,uf175,uf175-034.cnf,175,753,4.3028571428571425,2.996021220159151,0.10918108276402315,12.90857142857143,3.505536146364688,22,0.0,0.0,0.5033200531208499,0.4940239043824701,404.78000000000003
uf175-093,uf,uf175,uf175-093.cnf,175,753,4.3028571428571425,2.996021220159151,0.10918108276402315,12.90857142857143,3.8385541495703395,26,0.0,0.0,0.5126162018592297,0.49667994687915007,398.8300000000001
uf175-013,uf,uf175,uf175-013.cnf,175,753,4.3028571428571425,2.996021220159151,0.10918108276402315,12.90857142857143,3.2989497401074637,22,0.0,0.0,0.5325365205843293,0.4767596281540505,401.37
uf175-069,uf,uf175,uf175-069.cnf,175,753,4.3028571428571425,2.996021220159151,0.10918108276402315,12.90857142857143,3.4612443203128493,22,0.0,0.0,0.46879150066401065,0.516157591854803,345.41
uf175-068,uf,uf175,uf175-068.cnf,175,753,4.3028571428571425,2.996021220159151,0.10918108276402315,12.90857142857143,3.77853875222166,24,0.0,0.0,0.4807436918990704,0.5081894643647632,398.0600000000002
uf175-040,uf,uf175,uf175-040.cnf,175,753,4.3028571428571425,2.996021220159151,0.10918108276402315,12.90857142857143,3.1753849196207855,21,0.0,0.0,0.5046480743691899,0.5042054006197433,401.61
uf175-023,uf,uf175,uf175-023.cnf,175,753,4.3028571428571425,2.996021220159151,0.10918108276402315,12.90857142857143,3.1933297828506246,22,0.0,0.0,0.49933598937583,0.5033200531208499,398.03
uf175-053,uf,uf175,uf175-053.cnf,175,753,4.3028571428571425,2.996021220159151,0.10918108276402315,12.90857142857143,3.6351750933323244,24,0.0,0.0,0.5232403718459495,0.48915449313855686,258.0300000000001
uf175-04,uf,uf175,uf175-04.cnf,175,753,4.3028571428571425,2.996021220159151,0.10918108276402315,12.90857142857143,3.6430263266035467,23,0.0,0.0,0.5179282868525896,0.4909251881363435,400.99000000000007
uf175-015,uf,uf175,uf175-015.cnf,175,753,4.3028571428571425,2.996021220159151,0.10918108276402315,12.90857142857143,3.348805452573152,24,0.0,0.0,0.50199203187251,0.4953519256308101,398.99999999999994
uf175-095,uf,uf175,uf175-095.cnf,175,753,4.3028571428571425,2.996021220159151,0.10918108276402315,12.90857142857143,3.421392484152066,22,0.0,0.0,0.49269588313413015,0.5024347056219566,400.1300000000001
uf175-033,uf,uf175,uf175-033.cnf,175,753,4.3028571428571425,2.996021220159151,0.10918108276402315,12.90857142857143,3.594072217143225,23,0.0,0.0,0.5219123505976095,0.49712262062859675,378.69000000000005
uf175-026,uf,uf175,uf175-026.cnf,175,753,4.3028571428571425,2.996021220159151,0.10918108276402315,12.90857142857143,3.552493806454553,22,0.0,0.0,0.4847277556440903,0.5011066843736166,147.34000000000003
uf175-082,uf,uf175,uf175-082.cnf,175,753,4.3028571428571425,2.996021220159151,0.10918108276402315,12.90857142857143,3.429733136521718,23,0.0,0.0,0.50066401062417,0.5059760956175299,400.05000000000007
uf175-031,uf,uf175,uf175-031.cnf,175,753,4.3028571428571425,2.996021220159151,0.10918108276402315,12.90857142857143,3.048687907802908,21,0.0,0.0,0.5086321381142098,0.49313855688357683,396.3900000000001
uf175-065,uf,uf175,uf175-065.cnf,175,753,4.3028571428571425,2.996021220159151,0.10918108276402315,12.90857142857143,3.5347557142161428,23,0.0,0.0,0.50199203187251,0.4957945993802568,391.6500000000001
uf175-020,uf,uf175,uf175-020.cnf,175,753,4.3028571428571425,2.996021220159151,0.10918108276402315,12.90857142857143,3.775512939877663,22,0.0,0.0,0.48871181938911024,0.5011066843736166,300.6
uf175-030,uf,uf175,uf175-030.cnf,175,753,4.3028571428571425,2.996021220159151,0.10918108276402315,12.90857142857143,2.980447850198876,21,0.0,0.0,0.50199203187251,0.49933598937583,400.7399999999999
uf175-011,uf,uf175,uf175-011.cnf,175,753,4.3028571428571425,2.996021220159151,0.10918108276402315,12.90857142857143,3.600426278616895,22,0.0,0.0,0.5059760956175299,0.5042054006197433,401.4900000000001
uf175-024,uf,uf175,uf175-024.cnf,175,753,4.3028571428571425,2.996021220159151,0.10918108276402315,12.90857142857143,3.5315210343882324,23,0.0,0.0,0.50199203187251,0.5077467906153165,358.33000000000004
uf175-043,uf,uf175,uf175-043.cnf,175,753,4.3028571428571425,2.996021220159151,0.10918108276402315,12.90857142857143,3.392880902172449,23,0.0,0.0,0.4594953519256308,0.5210270030987163,400.52
uf175-016,uf,uf175,uf175-016.cnf,175,753,4.3028571428571425,2.996021220159151,0.10918108276402315,12.90857142857143,3.168178514863204,21,0.0,0.0,0.47410358565737054,0.5135015493581231,399.76
uf175-08,uf,uf175,uf175-08.cnf,175,753,4.3028571428571425,2.996021220159151,0.10918108276402315,12.90857142857143,3.6083531208707886,25,0.0,0.0,0.48738379814077026,0.5121735281097831,399.10000000000014
uf175-014,uf,uf175,uf175-014.cnf,175,753,4.3028571428571425,2.996021220159151,0.10918108276402315,12.90857142857143,3.542829492979662,23,0.0,0.0,0.549800796812749,0.4732182381584772,399.4000000000001
uf175-067,uf,uf175,uf175-067.cnf,175,753,4.3028571428571425,2.996021220159151,0.10918108276402315,12.90857142857143,3.5444420418106857,24,0.0,0.0,0.47277556440903057,0.5152722443559097,401.5900000000002
uf175-041,uf,uf175,uf175-041.cnf,175,753,4.3028571428571425,2.996021220159151,0.10918108276402315,12.90857142857143,3.8355756825184053,23,0.0,0.0,0.5192563081009296,0.4860557768924303,400.05000000000007
uf175-09,uf,uf175,uf175-09.cnf,175,753,4.3028571428571425,2.996021220159151,0.10918108276402315,12.90857142857143,3.80716403103198,23,0.0,0.0,0.5219123505976095,0.4807436918990704,398.99000000000007
uf175-06,uf,uf175,uf175-06.cnf,175,753,4.3028571428571425,2.996021220159151,0.10918108276402315,12.90857142857143,3.5589221023523745,22,0.0,0.0,0.5325365205843293,0.48384240814519697,399.2500000000001
uf175-099,uf,uf175,uf175-099.cnf,175,753,4.3028571428571425,2.996021220159151,0.10918108276402315,12.90857142857143,3.7021516082694728,27,0.0,0.0,0.5046480743691899,0.5002213368747234,358.53
uf175-058,uf,uf175,uf175-058.cnf,175,753,4.3028571428571425,2.996021220159151,0.10918108276402315,12.90857142857143,3.6742634969334955,22,0.0,0.0,0.46879150066401065,0.5245683930942895,399.87000000000006
uf175-048,uf,uf175,uf175-048.cnf,175,753,4.3028571428571425,2.996021220159151,0.10918108276402315,12.90857142857143,3.444695419135376,22,0.0,0.0,0.4767596281540505,0.5104028331119964,408.2900000000001
uf175-054,uf,uf175,uf175-054.cnf,175,753,4.3028571428571425,2.996021220159151,0.10918108276402315,12.90857142857143,3.302412229055035,22,0.0,0.0,0.50066401062417,0.5064187693669765,400.65999999999997
uf175-07,uf,uf175,uf175-07.cnf,175,753,4.3028571428571425,2.996021220159151,0.10918108276402315,12.90857142857143,3.80716403103198,23,0.0,0.0,0.5179282868525896,0.4847277556440903,400.03999999999996
uf175-050,uf,uf175,uf175-050.cnf,175,753,4.3028571428571425,2.996021220159151,0.10918108276402315,12.90857142857143,3.8176560818365597,24,0.0,0.0,0.49800796812749004,0.5081894643647632,321.6900000000001
uf175-070,uf,uf175,uf175-070.cnf,175,753,4.3028571428571425,2.996021220159151,0.10918108276402315,12.90857142857143,3.6586782491238887,22,0.0,0.0,0.5219123505976095,0.4860557768924303,342.7300000000001
uf175-064,uf,uf175,uf175-064.cnf,175,753,4.3028571428571425,2.996021220159151,0.10918108276402315,12.90857142857143,3.4130314492353255,22,0.0,0.0,0.47808764940239046,0.517485613103143,387.49000000000007
uf175-097,uf,uf175,uf175-097.cnf,175,753,4.3028571428571425,2.996021220159151,0.10918108276402315,12.90857142857143,3.326548741655869,23,0.0,0.0,0.5219123505976095,0.48738379814077026,398.42999999999995
uf175-080,uf,uf175,uf175-080.cnf,175,753,4.3028571428571425,2.996021220159151,0.10918108276402315,12.90857142857143,3.6602397601852283,22,0.0,0.0,0.47277556440903057,0.5112881806108898,401.37
uf175-046,uf,uf175,uf175-046.cnf,175,753,4.3028571428571425,2.996021220159151,0.10918108276402315,12.90857142857143,3.5006425066241302,23,0.0,0.0,0.48339973439575035,0.5095174856131032,257.27000000000004
uf175-061,uf,uf175,uf175-061.cnf,175,753,4.3028571428571425,2.996021220159151,0.10918108276402315,12.90857142857143,3.424731182657901,24,0.0,0.0,0.4820717131474104,0.5258964143426295,400.82
uf175-052,uf,uf175,uf175-052.cnf,175,753,4.3028571428571425,2.996021220159151,0.10918108276402315,12.90857142857143,3.418050524459096,21,0.0,0.0,0.5033200531208499,0.4962372731297034,267.37
uf175-098,uf,uf175,uf175-098.cnf,175,753,4.3028571428571425,2.996021220159151,0.10918108276402315,12.90857142857143,3.4397152231437023,26,0.0,0.0,0.49800796812749004,0.5002213368747234,398.62999999999994
uf175-060,uf,uf175,uf175-060.cnf,175,753,4.3028571428571425,2.996021220159151,0.10918108276402315,12.90857142857143,3.763385362642936,24,0.0,0.0,0.5272244355909694,0.48738379814077026,401.1499999999999
uf175-077,uf,uf175,uf175-077.cnf,175,753,4.3028571428571425,2.996021220159151,0.10918108276402315,12.90857142857143,3.5006425066241302,23,0.0,0.0,0.4860557768924303,0.516157591854803,398.75
uf175-038,uf,uf175,uf175-038.cnf,175,753,4.3028571428571425,2.996021220159151,0.10918108276402315,12.90857142857143,3.3726099625043617,22,0.0,0.0,0.5258964143426295,0.4803010181496237,398.45000000000005
uf175-094,uf,uf175,uf175-094.cnf,175,753,4.3028571428571425,2.996021220159151,0.10918108276402315,12.90857142857143,3.28854039950609,24,0.0,0.0,0.4860557768924303,0.5170429393536963,379.6400000000001
uf175-062,uf,uf175,uf175-062.cnf,175,753,4.3028571428571425,2.996021220159151,0.10918108276402315,12.90857142857143,3.581330273880398,30,0.0,0.0,0.5152722443559097,0.5042054006197433,399.57000000000005
uf175-066,uf,uf175,uf175-066.cnf,175,753,4.3028571428571425,2.996021220159151,0.10918108276402315,12.90857142857143,3.4463538852011144,23,0.0,0.0,0.5179282868525896,0.4957945993802568,389.47999999999996
uf175-085,uf,uf175,uf175-085.cnf,175,753,4.3028571428571425,2.996021220159151,0.10918108276402315,12.90857142857143,3.418050524459096,26,0.0,0.0,0.5126162018592297,0.4900398406374502,400.01999999999987
uf175-042,uf,uf175,uf175-042.cnf,175,753,4.3028571428571425,2.996021220159151,0.10918108276402315,12.90857142857143,3.433063723645724,23,0.0,0.0,0.48339973439575035,0.5099601593625498,226.76000000000008
uf175-035,uf,uf175,uf175-035.cnf,175,753,4.3028571428571425,2.996021220159151,0.10918108276402315,12.90857142857143,3.3179487147135633,21,0.0,0.0,0.5033200531208499,0.4997786631252767,320.99
uf175-010,uf,uf175,uf175-010.cnf,175,753,4.3028571428571425,2.996021220159151,0.10918108276402315,12.90857142857143,3.748170710289139,24,0.0,0.0,0.4847277556440903,0.5042054006197433,409.91
uf175-056,uf,uf175,uf175-056.cnf,175,753,4.3028571428571425,2.996021220159151,0.10918108276402315,12.90857142857143,3.921032766910227,23,0.0,0.0,0.47808764940239046,0.5179282868525896,398.0400000000001
uf175-028,uf,uf175,uf175-028.cnf,175,753,4.3028571428571425,2.996021220159151,0.10918108276402315,12.90857142857143,3.3127779821750316,24,0.0,0.0,0.4860557768924303,0.5046480743691899,393.6800000000002
uf175-0100,uf,uf175,uf175-0100.cnf,175,753,4.3028571428571425,2.996021220159151,0.10918108276402315,12.90857142857143,3.4793572007789377,23,0.0,0.0,0.48738379814077026,0.5112881806108898,400.03000000000003
uf175-03,uf,uf175,uf175-03.cnf,175,753,4.3028571428571425,2.996021220159151,0.10918108276402315,12.90857142857143,3.225378952581402,23,0.0,0.0,0.5179282868525896,0.48339973439575035,1017.7799999999996
uf175-088,uf,uf175,uf175-088.cnf,175,753,4.3028571428571425,2.996021220159151,0.10918108276402315,12.90857142857143,3.3522164461801713,24,0.0,0.0,0.47410358565737054,0.5135015493581231,330.11
uf175-091,uf,uf175,uf175-091.cnf,175,753,4.3028571428571425,2.996021220159151,0.10918108276402315,12.90857142857143,3.7129404157099324,25,0.0,0.0,0.5298804780876494,0.4807436918990704,401.27999999999986
uf175-076,uf,uf175,uf175-076.cnf,175,753,4.3028571428571425,2.996021220159151,0.10918108276402315,12.90857142857143,3.489197323050629,25,0.0,0.0,0.5245683930942895,0.4869411243913236,401.65000000000003
uf175-087,uf,uf175,uf175-087.cnf,175,753,4.3028571428571425,2.996021220159151,0.10918108276402315,12.90857142857143,3.421392484152066,28,0.0,0.0,0.4953519256308101,0.5112881806108898,399.67
uf175-083,uf,uf175,uf175-083.cnf,175,753,4.3028571428571425,2.996021220159151,0.10918108276402315,12.90857142857143,3.28854039950609,20,0.0,0.0,0.5232403718459495,0.48339973439575035,230.4200000000001
uf175-027,uf,uf175,uf175-027.cnf,175,753,4.3028571428571425,2.996021220159151,0.10918108276402315,12.90857142857143,3.6398878655075886,22,0.0,0.0,0.5046480743691899,0.48826914563966356,400.0199999999999
uf175-063,uf,uf175,uf175-063.cnf,175,753,4.3028571428571425,2.996021220159151,0.10918108276402315,12.90857142857143,3.5315210343882324,25,0.0,0.0,0.4940239043824701,0.5081894643647632,400.0300000000001
uf175-073,uf,uf175,uf175-073.cnf,175,753,4.3028571428571425,2.996021220159151,0.10918108276402315,12.90857142857143,3.5749422715476062,23,0.0,0.0,0.5033200531208499,0.4940239043824701,381.8900000000002
uf175-021,uf,uf175,uf175-021.cnf,175,753,4.3028571428571425,2.996021220159151,0.10918108276402315,12.90857142857143,3.6727079482950162,23,0.0,0.0,0.4900398406374502,0.5095174856131032,400.9
uf175-092,uf,uf175,uf175-092.cnf,175,753,4.3028571428571425,2.996021220159151,0.10918108276402315,12.90857142857143,3.3419730210564818,25,0.0,0.0,0.4940239043824701,0.49933598937583,400.79000000000013
uf175-055,uf,uf175,uf175-055.cnf,175,753,4.3028571428571425,2.996021220159151,0.10918108276402315,12.90857142857143,3.652425529000962,23,0.0,0.0,0.48738379814077026,0.5046480743691899,400.0300000000002
uf20-0568,uf,uf20,uf20-0568.cnf,20,91,4.55,2.967391304347826,0.3110671308968301,13.65,3.4967842369811724,21,0.0,0.0,0.5384615384615384,0.5164835164835165,61.97000000000002
uf20-0762,uf,uf20,uf20-0762.cnf,20,91,4.55,2.967391304347826,0.3110671308968301,13.65,3.7185346576306104,22,0.0,0.0,0.46153846153846156,0.5054945054945055,107.36000000000006
uf20-0765,uf,uf20,uf20-0765.cnf,20,91,4.55,2.967391304347826,0.3110671308968301,13.65,3.5675621928706445,20,0.0,0.0,0.4725274725274725,0.5421245421245421,39.25999999999999
uf20-0693,uf,uf20,uf20-0693.cnf,20,91,4.55,2.967391304347826,0.3110671308968301,13.65,3.5954832776693593,22,0.0,0.0,0.5494505494505495,0.46153846153846156,47.92000000000002
uf20-0469,uf,uf20,uf20-0469.cnf,20,91,4.55,2.967391304347826,0.3110671308968301,13.65,3.0540956108150903,18,0.0,0.0,0.5164835164835165,0.5018315018315018,29.53
uf20-0709,uf,uf20,uf20-0709.cnf,20,91,4.55,2.967391304347826,0.3110671308968301,13.65,2.706935536727833,19,0.0,0.0,0.4065934065934066,0.5531135531135531,44.99000000000001
uf20-0662,uf,uf20,uf20-0662.cnf,20,91,4.55,2.967391304347826,0.3110671308968301,13.65,2.3081377775167584,19,0.0,0.0,0.4945054945054945,0.5384615384615384,16.46
uf20-0560,uf,uf20,uf20-0560.cnf,20,91,4.55,2.967391304347826,0.3110671308968301,13.65,2.7798381247835278,19,0.0,0.0,0.4725274725274725,0.5274725274725275,97.46000000000002
uf20-0872,uf,uf20,uf20-0872.cnf,20,91,4.55,2.967391304347826,0.3110671308968301,13.65,3.4099120223255026,22,0.0,0.0,0.5714285714285714,0.46886446886446886,57.099999999999994
uf20-0220,uf,uf20,uf20-0220.cnf,20,91,4.55,2.967391304347826,0.3110671308968301,13.65,3.9657912199206855,24,0.0,0.0,0.5714285714285714,0.46886446886446886,56.22000000000002
uf20-0829,uf,uf20,uf20-0829.cnf,20,91,4.55,2.967391304347826,0.3110671308968301,13.65,4.552746423863293,26,0.0,0.0,0.4945054945054945,0.5091575091575091,54.36999999999998
uf20-0167,uf,uf20,uf20-0167.cnf,20,91,4.55,2.967391304347826,0.3110671308968301,13.65,3.650684867254362,22,0.0,0.0,0.5494505494505495,0.4835164835164835,63.80000000000001
uf20-0671,uf,uf20,uf20-0671.cnf,20,91,4.55,2.967391304347826,0.3110671308968301,13.65,3.259984662540608,22,0.0,0.0,0.6043956043956044,0.46153846153846156,23.00999999999998
uf20-0975,uf,uf20,uf20-0975.cnf,20,91,4.55,2.967391304347826,0.3110671308968301,13.65,3.2905166767545793,19,0.0,0.0,0.4065934065934066,0.5787545787545788,40.659999999999975
uf20-0943,uf,uf20,uf20-0943.cnf,20,91,4.55,2.967391304347826,0.3110671308968301,13.65,3.650684867254362,20,0.0,0.0,0.43956043956043955,0.5164835164835165,64.75999999999999
uf20-0908,uf,uf20,uf20-0908.cnf,20,91,4.55,2.967391304347826,0.3110671308968301,13.65,3.623189202898463,21,0.0,0.0,0.5164835164835165,0.48717948717948717,30.09
uf20-0350,uf,uf20,uf20-0350.cnf,20,91,4.55,2.967391304347826,0.3110671308968301,13.65,4.04073013204297,20,0.0,0.0,0.6043956043956044,0.46886446886446886,37.71999999999999
uf20-0894,uf,uf20,uf20-0894.cnf,20,91,4.55,2.967391304347826,0.3110671308968301,13.65,1.5898113095584645,16,0.0,0.0,0.46153846153846156,0.5421245421245421,56.910000000000004
uf20-0784,uf,uf20,uf20-0784.cnf,20,91,4.55,2.967391304347826,0.3110671308968301,13.65,3.758656674930553,21,0.0,0.0,0.5274725274725275,0.4835164835164835,37.04
uf20-0386,uf,uf20,uf20-0386.cnf,20,91,4.55,2.967391304347826,0.3110671308968301,13.65,3.4099120223255026,21,0.0,0.0,0.4175824175824176,0.5384615384615384,63.09
uf20-0593,uf,uf20,uf20-0593.cnf,20,91,4.55,2.967391304347826,0.3110671308968301,13.65,4.162631379308046,23,0.0,0.0,0.5274725274725275,0.4945054945054945,40.94
uf20-0255,uf,uf20,uf20-0255.cnf,20,91,4.55,2.967391304347826,0.3110671308968301,13.65,2.495495942693556,18,0.0,0.0,0.45054945054945056,0.5384615384615384,27.799999999999997
uf20-0432,uf,uf20,uf20-0432.cnf,20,91,4.55,2.967391304347826,0.3110671308968301,13.65,2.971110903349116,20,0.0,0.0,0.4945054945054945,0.5201465201465202,57.92000000000001
uf20-0573,uf,uf20,uf20-0573.cnf,20,91,4.55,2.967391304347826,0.3110671308968301,13.65,2.6509432283623124,19,0.0,0.0,0.5164835164835165,0.4981684981684982,44.29000000000001
uf20-0288,uf,uf20,uf20-0288.cnf,20,91,4.55,2.967391304347826,0.3110671308968301,13.65,3.539420856580918,18,0.0,0.0,0.5714285714285714,0.4652014652014652,61.260000000000026
uf20-031,uf,uf20,uf20-031.cnf,20,91,4.55,2.967391304347826,0.3110671308968301,13.65,3.395217224272992,21,0.0,0.0,0.6263736263736264,0.4432234432234432,54.480000000000004
uf20-019,uf,uf20,uf20-019.cnf,20,91,4.55,2.967391304347826,0.3110671308968301,13.65,3.365635155509284,19,0.0,0.0,0.5054945054945055,0.4945054945054945,42.21000000000001
uf20-0987,uf,uf20,uf20-0987.cnf,20,91,4.55,2.967391304347826,0.3110671308968301,13.65,3.2752862470324637,21,0.0,0.0,0.5274725274725275,0.5054945054945055,22.689999999999994
uf20-0910,uf,uf20,uf20-0910.cnf,20,91,4.55,2.967391304347826,0.3110671308968301,13.65,2.9878922336657325,19,0.0,0.0,0.5054945054945055,0.5018315018315018,14.910000000000004
uf20-0951,uf,uf20,uf20-0951.cnf,20,91,4.55,2.967391304347826,0.3110671308968301,13.65,2.5937424698685874,18,0.0,0.0,0.5274725274725275,0.47619047619047616,30.700000000000003
uf20-041,uf,uf20,uf20-041.cnf,20,91,4.55,2.967391304347826,0.3110671308968301,13.65,3.6093628246547893,20,0.0,0.0,0.46153846153846156,0.5384615384615384,63.15999999999999
uf20-0223,uf,uf20,uf20-0223.cnf,20,91,4.55,2.967391304347826,0.3110671308968301,13.65,2.5154522456210535,17,0.0,0.0,0.3956043956043956,0.5457875457875457,38.67
uf20-0658,uf,uf20,uf20-0658.cnf,20,91,4.55,2.967391304347826,0.3110671308968301,13.65,2.4753787588973126,20,0.0,0.0,0.6043956043956044,0.4542124542124542,83.46000000000001
uf20-0548,uf,uf20,uf20-0548.cnf,20,91,4.55,2.967391304347826,0.3110671308968301,13.65,3.758656674930553,23,0.0,0.0,0.5054945054945055,0.4981684981684982,42.91999999999999
uf20-0431,uf,uf20,uf20-0431.cnf,20,91,4.55,2.967391304347826,0.3110671308968301,13.65,3.0540956108150903,23,0.0,0.0,0.4835164835164835,0.5238095238095238,27.479999999999993
uf20-0277,uf,uf20,uf20-0277.cnf,20,91,4.55,2.967391304347826,0.3110671308968301,13.65,2.9878922336657325,23,0.0,0.0,0.5164835164835165,0.5128205128205128,53.53000000000004
uf20-0717,uf,uf20,uf20-0717.cnf,20,91,4.55,2.967391304347826,0.3110671308968301,13.65,2.7617928959282954,20,0.0,0.0,0.5384615384615384,0.4652014652014652,120.73000000000005
uf20-0624,uf,uf20,uf20-0624.cnf,20,91,4.55,2.967391304347826,0.3110671308968301,13.65,3.2752862470324637,20,0.0,0.0,0.5164835164835165,0.46886446886446886,105.42000000000002
uf20-091,uf,uf20,uf20-091.cnf,20,91,4.55,2.967391304347826,0.3110671308968301,13.65,3.6093628246547893,19,0.0,0.0,0.45054945054945056,0.5311355311355311,33.25999999999999
uf20-0151,uf,uf20,uf20-0151.cnf,20,91,4.55,2.967391304347826,0.3110671308968301,13.65,3.1823733281939126,22,0.0,0.0,0.5494505494505495,0.4981684981684982,48.78
uf20-0394,uf,uf20,uf20-0394.cnf,20,91,4.55,2.967391304347826,0.3110671308968301,13.65,3.08666486681013,19,0.0,0.0,0.5274725274725275,0.4725274725274725,25.169999999999995
uf20-0185,uf,uf20,uf20-0185.cnf,20,91,4.55,2.967391304347826,0.3110671308968301,13.65,3.7050641020095725,20,0.0,0.0,0.46153846153846156,0.5421245421245421,31.089999999999996
uf20-038,uf,uf20,uf20-038.cnf,20,91,4.55,2.967391304347826,0.3110671308968301,13.65,3.6093628246547893,23,0.0,0.0,0.5604395604395604,0.4652014652014652,46.829999999999984
uf20-0976,uf,uf20,uf20-0976.cnf,20,91,4.55,2.967391304347826,0.3110671308968301,13.65,2.9372606285449034,20,0.0,0.0,0.5054945054945055,0.48717948717948717,41.9
uf20-0368,uf,uf20,uf20-0368.cnf,20,91,4.55,2.967391304347826,0.3110671308968301,13.65,3.7185346576306104,20,0.0,0.0,0.5714285714285714,0.4652014652014652,87.17000000000003
uf20-0348,uf,uf20,uf20-0348.cnf,20,91,4.55,2.967391304347826,0.3110671308968301,13.65,3.6093628246547893,19,0.0,0.0,0.4725274725274725,0.5384615384615384,83.83000000000003
uf20-0930,uf,uf20,uf20-0930.cnf,20,91,4.55,2.967391304347826,0.3110671308968301,13.65,5.042568789813382,24,0.0,0.0,0.5274725274725275,0.4835164835164835,35.37999999999999
uf20-064,uf,uf20,uf20-064.cnf,20,91,4.55,2.967391304347826,0.3110671308968301,13.65,2.7798381247835278,20,0.0,0.0,0.43956043956043955,0.5311355311355311,111.12999999999997
uf20-0494,uf,uf20,uf20-0494.cnf,20,91,4.55,2.967391304347826,0.3110671308968301,13.65,2.920188350089768,18,0.0,0.0,0.3956043956043956,0.5494505494505495,29.97999999999998
uf20-0852,uf,uf20,uf20-0852.cnf,20,91,4.55,2.967391304347826,0.3110671308968301,13.65,4.304358256465184,23,0.0,0.0,0.5824175824175825,0.4432234432234432,77.01000000000003
uf20-0611,uf,uf20,uf20-0611.cnf,20,91,4.55,2.967391304347826,0.3110671308968301,13.65,3.4680686267719674,23,0.0,0.0,0.5494505494505495,0.4835164835164835,31.87999999999999
uf20-0890,uf,uf20,uf20-0890.cnf,20,91,4.55,2.967391304347826,0.3110671308968301,13.65,3.1348843678834473,19,0.0,0.0,0.5164835164835165,0.47985347985347987,49.37000000000001
uf20-0333,uf,uf20,uf20-0333.cnf,20,91,4.55,2.967391304347826,0.3110671308968301,13.65,3.4099120223255026,23,0.0,0.0,0.4945054945054945,0.5128205128205128,117.64000000000006
uf20-0619,uf,uf20,uf20-0619.cnf,20,91,4.55,2.967391304347826,0.3110671308968301,13.65,3.102821296820041,21,0.0,0.0,0.5274725274725275,0.5018315018315018,45.559999999999995
uf20-0119,uf,uf20,uf20-0119.cnf,20,91,4.55,2.967391304347826,0.3110671308968301,13.65,3.9277856356985676,24,0.0,0.0,0.46153846153846156,0.5164835164835165,75.00999999999999
uf20-0125,uf,uf20,uf20-0125.cnf,20,91,4.55,2.967391304347826,0.3110671308968301,13.65,3.1980462785894765,19,0.0,0.0,0.46153846153846156,0.5421245421245421,79.77000000000004
uf20-0654,uf,uf20,uf20-0654.cnf,20,91,4.55,2.967391304347826,0.3110671308968301,13.65,3.5675621928706445,21,0.0,0.0,0.5054945054945055,0.48717948717948717,85.32000000000002
uf20-0107,uf,uf20,uf20-0107.cnf,20,91,4.55,2.967391304347826,0.3110671308968301,13.65,2.7798381247835278,19,0.0,0.0,0.46153846153846156,0.5384615384615384,41.97
uf20-0298,uf,uf20,uf20-0298.cnf,20,91,4.55,2.967391304347826,0.3110671308968301,13.65,3.837642505497353,22,0.0,0.0,0.4175824175824176,0.5641025641025641,66.25000000000001
uf20-0837,uf,uf20,uf20-0837.cnf,20,91,4.55,2.967391304347826,0.3110671308968301,13.65,3.118894034750139,21,0.0,0.0,0.5054945054945055,0.4908424908424908,25.71999999999999
uf20-0365,uf,uf20,uf20-0365.cnf,20,91,4.55,2.967391304347826,0.3110671308968301,13.65,3.5675621928706445,23,0.0,0.0,0.5934065934065934,0.45054945054945056,25.87999999999999
uf20-0147,uf,uf20,uf20-0147.cnf,20,91,4.55,2.967391304347826,0.3110671308968301,13.65,3.424543765233553,21,0.0,0.0,0.5274725274725275,0.4945054945054945,74.87000000000003
uf20-0587,uf,uf20,uf20-0587.cnf,20,91,4.55,2.967391304347826,0.3110671308968301,13.65,3.395217224272992,24,0.0,0.0,0.5494505494505495,0.47619047619047616,31.849999999999966
uf20-0287,uf,uf20,uf20-0287.cnf,20,91,4.55,2.967391304347826,0.3110671308968301,13.65,3.837642505497353,22,0.0,0.0,0.5274725274725275,0.47985347985347987,55.53000000000004
uf20-0642,uf,uf20,uf20-0642.cnf,20,91,4.55,2.967391304347826,0.3110671308968301,13.65,4.089926649709014,20,0.0,0.0,0.5934065934065934,0.4432234432234432,53.100000000000016
uf20-0721,uf,uf20,uf20-0721.cnf,20,91,4.55,2.967391304347826,0.3110671308968301,13.65,3.5954832776693593,21,0.0,0.0,0.4835164835164835,0.5238095238095238,41.13000000000001
uf20-0695,uf,uf20,uf20-0695.cnf,20,91,4.55,2.967391304347826,0.3110671308968301,13.65,3.4391132578035286,23,0.0,0.0,0.4945054945054945,0.5164835164835165,66.47000000000003
uf20-0879,uf,uf20,uf20-0879.cnf,20,91,4.55,2.967391304347826,0.3110671308968301,13.65,3.021175268004159,19,0.0,0.0,0.46153846153846156,0.5311355311355311,76.19999999999999
uf20-0161,uf,uf20,uf20-0161.cnf,20,91,4.55,2.967391304347826,0.3110671308968301,13.65,3.305676935213119,20,0.0,0.0,0.4945054945054945,0.4945054945054945,38.230000000000004
uf20-0588,uf,uf20,uf20-0588.cnf,20,91,4.55,2.967391304347826,0.3110671308968301,13.65,3.6779749863205975,20,0.0,0.0,0.5714285714285714,0.45787545787545786,26.50999999999999
uf20-0195,uf,uf20,uf20-0195.cnf,20,91,4.55,2.967391304347826,0.3110671308968301,13.65,3.453621287865825,21,0.0,0.0,0.5274725274725275,0.5128205128205128,67.25999999999999
uf20-0542,uf,uf20,uf20-0542.cnf,20,91,4.55,2.967391304347826,0.3110671308968301,13.65,3.453621287865825,20,0.0,0.0,0.4945054945054945,0.4945054945054945,22.580000000000005
uf20-063,uf,uf20,uf20-063.cnf,20,91,4.55,2.967391304347826,0.3110671308968301,13.65,3.7453304260105007,20,0.0,0.0,0.5714285714285714,0.48717948717948717,29.769999999999992
uf20-0766,uf,uf20,uf20-0766.cnf,20,91,4.55,2.967391304347826,0.3110671308968301,13.65,2.7977669667075564,18,0.0,0.0,0.5274725274725275,0.4835164835164835,46.91999999999999
uf20-0361,uf,uf20,uf20-0361.cnf,20,91,4.55,2.967391304347826,0.3110671308968301,13.65,4.126439142893059,22,0.0,0.0,0.5164835164835165,0.4981684981684982,85.01
uf20-0359,uf,uf20,uf20-0359.cnf,20,91,4.55,2.967391304347826,0.3110671308968301,13.65,2.2422087324778666,19,0.0,0.0,0.5824175824175825,0.4432234432234432,31.929999999999993
uf20-0686,uf,uf20,uf20-0686.cnf,20,91,4.55,2.967391304347826,0.3110671308968301,13.65,3.365635155509284,20,0.0,0.0,0.5164835164835165,0.4908424908424908,22.939999999999998
uf20-0133,uf,uf20,uf20-0133.cnf,20,91,4.55,2.967391304347826,0.3110671308968301,13.65,3.004579837514723,18,0.0,0.0,0.5164835164835165,0.5091575091575091,114.46000000000001
uf20-0629,uf,uf20,uf20-0629.cnf,20,91,4.55,2.967391304347826,0.3110671308968301,13.65,3.102821296820041,20,0.0,0.0,0.4835164835164835,0.5018315018315018,33.18999999999999
uf20-0375,uf,uf20,uf20-0375.cnf,20,91,4.55,2.967391304347826,0.3110671308968301,13.65,3.6779749863205975,24,0.0,0.0,0.5714285714285714,0.46886446886446886,63.099999999999994
uf20-071,uf,uf20,uf20-071.cnf,20,91,4.55,2.967391304347826,0.3110671308968301,13.65,2.43464576478797,18,0.0,0.0,0.5714285714285714,0.4725274725274725,21.259999999999994
uf20-0158,uf,uf20,uf20-0158.cnf,20,91,4.55,2.967391304347826,0.3110671308968301,13.65,3.424543765233553,19,0.0,0.0,0.5164835164835165,0.48717948717948717,85.76
uf20-0346,uf,uf20,uf20-0346.cnf,20,91,4.55,2.967391304347826,0.3110671308968301,13.65,3.15079355083763,19,0.0,0.0,0.5714285714285714,0.4945054945054945,25.19
uf20-0159,uf,uf20,uf20-0159.cnf,20,91,4.55,2.967391304347826,0.3110671308968301,13.65,2.3081377775167584,17,0.0,0.0,0.4725274725274725,0.5201465201465202,29.109999999999996
uf20-0385,uf,uf20,uf20-0385.cnf,20,91,4.55,2.967391304347826,0.3110671308968301,13.65,3.5110539728121526,21,0.0,0.0,0.45054945054945056,0.4908424908424908,23.92000000000001
uf20-0592,uf,uf20,uf20-0592.cnf,20,91,4.55,2.967391304347826,0.3110671308968301,13.65,2.8508770580296865,18,0.0,0.0,0.5494505494505495,0.48717948717948717,32.92999999999999
uf20-0998,uf,uf20,uf20-0998.cnf,20,91,4.55,2.967391304347826,0.3110671308968301,13.65,3.070423423568808,20,0.0,0.0,0.5714285714285714,0.4725274725274725,75.67000000000003
uf20-0741,uf,uf20,uf20-0741.cnf,20,91,4.55,2.967391304347826,0.3110671308968301,13.65,2.0316249653910043,16,0.0,0.0,0.5274725274725275,0.4945054945054945,61.66000000000001
uf20-0777,uf,uf20,uf20-0777.cnf,20,91,4.55,2.967391304347826,0.3110671308968301,13.65,4.3159587579123135,24,0.0,0.0,0.45054945054945056,0.5421245421245421,81.92000000000003
uf20-0393,uf,uf20,uf20-0393.cnf,20,91,4.55,2.967391304347826,0.3110671308968301,13.65,3.259984662540608,21,0.0,0.0,0.5494505494505495,0.4725274725274725,36.76
uf20-0442,uf,uf20,uf20-0442.cnf,20,91,4.55,2.967391304347826,0.3110671308968301,13.65,2.8857408061016154,18,0.0,0.0,0.45054945054945056,0.5164835164835165,56.150000000000006
uf20-0504,uf,uf20,uf20-0504.cnf,20,91,4.55,2.967391304347826,0.3110671308968301,13.65,3.5252659474144643,20,0.0,0.0,0.5054945054945055,0.5128205128205128,61.61000000000003
uf20-0569,uf,uf20,uf20-0569.cnf,20,91,4.55,2.967391304347826,0.3110671308968301,13.65,3.7185346576306104,19,0.0,0.0,0.5494505494505495,0.47619047619047616,23.76
uf20-0295,uf,uf20,uf20-0295.cnf,20,91,4.55,2.967391304347826,0.3110671308968301,13.65,3.2446109165815242,20,0.0,0.0,0.5164835164835165,0.48717948717948717,32.61
uf20-0807,uf,uf20,uf20-0807.cnf,20,91,4.55,2.967391304347826,0.3110671308968301,13.65,2.669737814842499,18,0.0,0.0,0.5494505494505495,0.47985347985347987,122.01
uf20-0491,uf,uf20,uf20-0491.cnf,20,91,4.55,2.967391304347826,0.3110671308968301,13.65,3.453621287865825,20,0.0,0.0,0.4725274725274725,0.5274725274725275,50.11000000000002
uf20-0787,uf,uf20,uf20-0787.cnf,20,91,4.55,2.967391304347826,0.3110671308968301,13.65,2.9372606285449034,19,0.0,0.0,0.6153846153846154,0.43956043956043955,31.699999999999992
uf20-0178,uf,uf20,uf20-0178.cnf,20,91,4.55,2.967391304347826,0.3110671308968301,13.65,3.7453304260105007,24,0.0,0.0,0.5494505494505495,0.47985347985347987,55.74
uf20-0155,uf,uf20,uf20-0155.cnf,20,91,4.55,2.967391304347826,0.3110671308968301,13.65,2.971110903349116,19,0.0,0.0,0.43956043956043955,0.5238095238095238,26.049999999999983
uf20-0842,uf,uf20,uf20-0842.cnf,20,91,4.55,2.967391304347826,0.3110671308968301,13.65,3.8636122993903,22,0.0,0.0,0.5824175824175825,0.4432234432234432,36.50999999999998
uuf250-084,uuf,uuf250,uuf250-084.cnf,250,1065,4.26,2.99718574108818,0.09184147582784645,12.78,3.4967985358038574,24,0.0,0.0,0.5126760563380282,0.492018779342723,399.89
uuf250-057,uuf,uuf250,uuf250-057.cnf,250,1065,4.26,2.99718574108818,0.09184147582784645,12.78,3.2636789057748925,23,0.0,0.0,0.507981220657277,0.5073552425665102,399.84000000000003
uuf250-072,uuf,uuf250,uuf250-072.cnf,250,1065,4.26,2.99718574108818,0.09184147582784645,12.78,3.7506799383578437,23,0.0,0.0,0.49953051643192486,0.497339593114241,399.8599999999999
uuf250-05,uuf,uuf250,uuf250-05.cnf,250,1065,4.26,2.99718574108818,0.09184147582784645,12.78,3.7335773729762183,27,0.0,0.0,0.5014084507042254,0.5004694835680751,400.1799999999999
uuf250-049,uuf,uuf250,uuf250-049.cnf,250,1065,4.26,2.99718574108818,0.09184147582784645,12.78,3.5614042174400815,25,0.0,0.0,0.48732394366197185,0.5082942097026604,401.75999999999993
uuf250-044,uuf,uuf250,uuf250-044.cnf,250,1065,4.26,2.99718574108818,0.09184147582784645,12.78,3.642471688290796,24,0.0,0.0,0.4751173708920188,0.5098591549295775,400.05
uuf250-029,uuf,uuf250,uuf250-029.cnf,250,1065,4.26,2.99718574108818,0.09184147582784645,12.78,3.4518980286213554,22,0.0,0.0,0.476056338028169,0.5126760563380282,407.3999999999999
uuf250-081,uuf,uuf250,uuf250-081.cnf,250,1065,4.26,2.99718574108818,0.09184147582784645,12.78,3.4887820224255917,21,0.0,0.0,0.5117370892018779,0.49076682316118936,400.51
uuf250-018,uuf,uuf250,uuf250-018.cnf,250,1065,4.26,2.99718574108818,0.09184147582784645,12.78,3.4738451318387815,24,0.0,0.0,0.49671361502347416,0.5089201877934272,400.21999999999997
uuf250-01,uuf,uuf250,uuf250-01.cnf,250,1065,4.26,2.99718574108818,0.09184147582784645,12.78,3.616019911449604,24,0.0,0.0,0.5230046948356808,0.49796557120500784,399.41
uuf250-025,uuf,uuf250,uuf250-025.cnf,250,1065,4.26,2.99718574108818,0.09184147582784645,12.78,3.6610927330511585,26,0.0,0.0,0.5154929577464789,0.49014084507042255,400.0200000000001
uuf250-036,uuf,uuf250,uuf250-036.cnf,250,1065,4.26,2.99718574108818,0.09184147582784645,12.78,3.5025133832720754,25,0.0,0.0,0.49295774647887325,0.5023474178403756,401.15000000000003
uuf250-075,uuf,uuf250,uuf250-075.cnf,250,1065,4.26,2.99718574108818,0.09184147582784645,12.78,3.5343457668994414,23,0.0,0.0,0.4751173708920188,0.5089201877934272,400.0700000000001
uuf250-039,uuf,uuf250,uuf250-039.cnf,250,1065,4.26,2.99718574108818,0.09184147582784645,12.78,3.4064057303850346,23,0.0,0.0,0.5089201877934272,0.49827856025039124,419.05999999999995
uuf250-090,uuf,uuf250,uuf250-090.cnf,250,1065,4.26,2.99718574108818,0.09184147582784645,12.78,3.83087457377555,24,0.0,0.0,0.49107981220657276,0.5020344287949922,400.0100000000002
uuf250-012,uuf,uuf250,uuf250-012.cnf,250,1065,4.26,2.99718574108818,0.09184147582784645,12.78,3.7783064989489668,25,0.0,0.0,0.49953051643192486,0.5067292644757434,401.69999999999993
uuf250-078,uuf,uuf250,uuf250-078.cnf,250,1065,4.26,2.99718574108818,0.09184147582784645,12.78,3.568136768679138,23,0.0,0.0,0.5220657276995305,0.49327073552425665,400.02000000000004
uuf250-079,uuf,uuf250,uuf250-079.cnf,250,1065,4.26,2.99718574108818,0.09184147582784645,12.78,3.5557840204376867,23,0.0,0.0,0.5286384976525822,0.48544600938967136,399.96000000000004
uuf250-02,uuf,uuf250,uuf250-02.cnf,250,1065,4.26,2.99718574108818,0.09184147582784645,12.78,3.343590884064616,24,0.0,0.0,0.4694835680751174,0.5117370892018779,400.05
uuf250-037,uuf,uuf250,uuf250-037.cnf,250,1065,4.26,2.99718574108818,0.09184147582784645,12.78,3.847544671605516,25,0.0,0.0,0.5098591549295775,0.5001564945226917,405.20999999999987
uuf250-059,uuf,uuf250,uuf250-059.cnf,250,1065,4.26,2.99718574108818,0.09184147582784645,12.78,3.6567198416066824,24,0.0,0.0,0.48450704225352115,0.5111111111111111,334.0
uuf250-089,uuf,uuf250,uuf250-089.cnf,250,1065,4.26,2.99718574108818,0.09184147582784645,12.78,3.5647720824759612,24,0.0,0.0,0.5089201877934272,0.49765258215962443,396.09000000000026
uuf250-032,uuf,uuf250,uuf250-032.cnf,250,1065,4.26,2.99718574108818,0.09184147582784645,12.78,3.68939019351437,23,0.0,0.0,0.5230046948356808,0.486697965571205,356.93
uuf250-047,uuf,uuf250,uuf250-047.cnf,250,1065,4.26,2.99718574108818,0.09184147582784645,12.78,3.5815639042183793,23,0.0,0.0,0.5014084507042254,0.5095461658841941,400.0300000000001
uuf250-071,uuf,uuf250,uuf250-071.cnf,250,1065,4.26,2.99718574108818,0.09184147582784645,12.78,3.4239742989689628,23,0.0,0.0,0.5004694835680751,0.5070422535211268,118.48000000000003
uuf250-022,uuf,uuf250,uuf250-022.cnf,250,1065,4.26,2.99718574108818,0.09184147582784645,12.78,3.507078556291547,25,0.0,0.0,0.5107981220657277,0.492018779342723,400.0
uuf250-045,uuf,uuf250,uuf250-045.cnf,250,1065,4.26,2.99718574108818,0.09184147582784645,12.78,3.6380764148104423,26,0.0,0.0,0.48450704225352115,0.5098591549295775,400.48
uuf250-096,uuf,uuf250,uuf250-096.cnf,250,1065,4.26,2.99718574108818,0.09184147582784645,12.78,3.2130359475113255,24,0.0,0.0,0.4619718309859155,0.5208137715179969,401.99999999999983
uuf250-017,uuf,uuf250,uuf250-017.cnf,250,1065,4.26,2.99718574108818,0.09184147582784645,12.78,3.479597677893236,23,0.0,0.0,0.49483568075117373,0.502660406885759,400.02000000000004
uuf250-074,uuf,uuf250,uuf250-074.cnf,250,1065,4.26,2.99718574108818,0.09184147582784645,12.78,3.5512814588539725,23,0.0,0.0,0.49859154929577465,0.497339593114241,397.28000000000014
uuf250-019,uuf,uuf250,uuf250-019.cnf,250,1065,4.26,2.99718574108818,0.09184147582784645,12.78,3.674180180666158,22,0.0,0.0,0.5014084507042254,0.5051643192488263,404.95999999999987
uuf250-051,uuf,uuf250,uuf250-051.cnf,250,1065,4.26,2.99718574108818,0.09184147582784645,12.78,3.440290685392733,23,0.0,0.0,0.5117370892018779,0.49389671361502346,401.9199999999999
uuf250-086,uuf,uuf250,uuf250-086.cnf,250,1065,4.26,2.99718574108818,0.09184147582784645,12.78,3.707775613491194,26,0.0,0.0,0.507981220657277,0.49765258215962443,399.01000000000005
uuf250-034,uuf,uuf250,uuf250-034.cnf,250,1065,4.26,2.99718574108818,0.09184147582784645,12.78,3.3969986753014787,23,0.0,0.0,0.5314553990610329,0.47918622848200315,408.86
uuf250-093,uuf,uuf250,uuf250-093.cnf,250,1065,4.26,2.99718574108818,0.09184147582784645,12.78,3.48763530203489,24,0.0,0.0,0.504225352112676,0.49984350547730827,401.86000000000007
uuf250-013,uuf,uuf250,uuf250-013.cnf,250,1065,4.26,2.99718574108818,0.09184147582784645,12.78,3.6817930414405424,24,0.0,0.0,0.5051643192488263,0.5001564945226917,400.01000000000005
uuf250-069,uuf,uuf250,uuf250-069.cnf,250,1065,4.26,2.99718574108818,0.09184147582784645,12.78,3.420467804263037,24,0.0,0.0,0.5136150234741784,0.492018779342723,310.61000000000007
uuf250-068,uuf,uuf250,uuf250-068.cnf,250,1065,4.26,2.99718574108818,0.09184147582784645,12.78,3.5882586305894955,24,0.0,0.0,0.5032863849765258,0.49859154929577465,399.58000000000015
uuf250-040,uuf,uuf250,uuf250-040.cnf,250,1065,4.26,2.99718574108818,0.09184147582784645,12.78,3.7506799383578437,22,0.0,0.0,0.49483568075117373,0.5061032863849765,404.68
uuf250-023,uuf,uuf250,uuf250-023.cnf,250,1065,4.26,2.99718574108818,0.09184147582784645,12.78,3.495654445164739,23,0.0,0.0,0.49389671361502346,0.49483568075117373,998.9599999999987
uuf250-053,uuf,uuf250,uuf250-053.cnf,250,1065,4.26,2.99718574108818,0.09184147582784645,12.78,3.425142332808959,24,0.0,0.0,0.5333333333333333,0.48482003129890455,400.6899999999999
uuf250-04,uuf,uuf250,uuf250-04.cnf,250,1065,4.26,2.99718574108818,0.09184147582784645,12.78,3.5860284438358825,22,0.0,0.0,0.5051643192488263,0.49483568075117373,389.21000000000004
uuf250-015,uuf,uuf250,uuf250-015.cnf,250,1065,4.26,2.99718574108818,0.09184147582784645,12.78,3.756008519692148,23,0.0,0.0,0.4835680751173709,0.5126760563380282,382.4700000000001
uuf250-095,uuf,uuf250,uuf250-095.cnf,250,1065,4.26,2.99718574108818,0.09184147582784645,12.78,3.5993888370110834,22,0.0,0.0,0.49295774647887325,0.49953051643192486,401.80999999999995
uuf250-033,uuf,uuf250,uuf250-033.cnf,250,1065,4.26,2.99718574108818,0.09184147582784645,12.78,3.2734691078426263,23,0.0,0.0,0.5089201877934272,0.49327073552425665,225.37000000000006
uuf250-026,uuf,uuf250,uuf250-026.cnf,250,1065,4.26,2.99718574108818,0.09184147582784645,12.78,3.5826805606975345,22,0.0,0.0,0.4676056338028169,0.5226917057902973,401.3399999999999
uuf250-082,uuf,uuf250,uuf250-082.cnf,250,1065,4.26,2.99718574108818,0.09184147582784645,12.78,3.635876785591063,23,0.0,0.0,0.5070422535211268,0.49827856025039124,405.23
uuf250-031,uuf,uuf250,uuf250-031.cnf,250,1065,4.26,2.99718574108818,0.09184147582784645,12.78,3.1118483253526352,24,0.0,0.0,0.507981220657277,0.5054773082942097,399.7600000000002
uuf250-065,uuf,uuf250,uuf250-065.cnf,250,1065,4.26,2.99718574108818,0.09184147582784645,12.78,3.696971733730189,27,0.0,0.0,0.5098591549295775,0.49577464788732395,402.3600000000001
uuf250-020,uuf,uuf250,uuf250-020.cnf,250,1065,4.26,2.99718574108818,0.09184147582784645,12.78,3.48648820448313,26,0.0,0.0,0.4619718309859155,0.5192488262910798,402.03999999999996
uuf250-030,uuf,uuf250,uuf250-030.cnf,250,1065,4.26,2.99718574108818,0.09184147582784645,12.78,3.6292698990292798,25,0.0,0.0,0.5352112676056338,0.48294209702660407,998.8799999999984
uuf250-011,uuf,uuf250,uuf250-011.cnf,250,1065,4.26,2.99718574108818,0.09184147582784645,12.78,3.4530566169699566,23,0.0,0.0,0.5352112676056338,0.48513302034428796,420.18
uuf250-024,uuf,uuf250,uuf250-024.cnf,250,1065,4.26,2.99718574108818,0.09184147582784645,12.78,3.654531433713493,26,0.0,0.0,0.523943661971831,0.4860719874804382,399.8300000000001
uuf250-043,uuf,uuf250,uuf250-043.cnf,250,1065,4.26,2.99718574108818,0.09184147582784645,12.78,3.3471779157971273,22,0.0,0.0,0.5286384976525822,0.49014084507042255,401.60000000000014
uuf250-016,uuf,uuf250,uuf250-016.cnf,250,1065,4.26,2.99718574108818,0.09184147582784645,12.78,3.469236227183153,24,0.0,0.0,0.49953051643192486,0.5020344287949922,401.29
uuf250-08,uuf,uuf250,uuf250-08.cnf,250,1065,4.26,2.99718574108818,0.09184147582784645,12.78,3.5207385588822127,24,0.0,0.0,0.47136150234741786,0.5142410015649452,394.39000000000004
uuf250-014,uuf,uuf250,uuf250-014.cnf,250,1065,4.26,2.99718574108818,0.09184147582784645,12.78,3.5286824736720077,25,0.0,0.0,0.5089201877934272,0.492018779342723,387.4900000000001
uuf250-067,uuf,uuf250,uuf250-067.cnf,250,1065,4.26,2.99718574108818,0.09184147582784645,12.78,3.784653220573848,22,0.0,0.0,0.49765258215962443,0.49327073552425665,400.97999999999996
uuf250-041,uuf,uuf250,uuf250-041.cnf,250,1065,4.26,2.99718574108818,0.09184147582784645,12.78,3.636976766491642,24,0.0,0.0,0.5145539906103287,0.49327073552425665,401.13
uuf250-09,uuf,uuf250,uuf250-09.cnf,250,1065,4.26,2.99718574108818,0.09184147582784645,12.78,3.4530566169699566,23,0.0,0.0,0.49295774647887325,0.5129890453834116,400.0
uuf250-06,uuf,uuf250,uuf250-06.cnf,250,1065,4.26,2.99718574108818,0.09184147582784645,12.78,3.5377393911931954,24,0.0,0.0,0.5032863849765258,0.4917057902973396,277.55
uuf250-099,uuf,uuf250,uuf250-099.cnf,250,1065,4.26,2.99718574108818,0.09184147582784645,12.78,3.8703488214888333,23,0.0,0.0,0.5211267605633803,0.49640062597809076,400.67
uuf250-058,uuf,uuf250,uuf250-058.cnf,250,1065,4.26,2.99718574108818,0.09184147582784645,12.78,3.598277365629281,24,0.0,0.0,0.492018779342723,0.49671361502347416,400.85999999999996
uuf250-048,uuf,uuf250,uuf250-048.cnf,250,1065,4.26,2.99718574108818,0.09184147582784645,12.78,3.8099343826370555,26,0.0,0.0,0.5061032863849765,0.5039123630672926,399.6199999999999
uuf250-054,uuf,uuf250,uuf250-054.cnf,250,1065,4.26,2.99718574108818,0.09184147582784645,12.78,3.5871437105307056,23,0.0,0.0,0.5230046948356808,0.49420970266040687,395.29
uuf250-07,uuf,uuf250,uuf250-07.cnf,250,1065,4.26,2.99718574108818,0.09184147582784645,12.78,3.494509979954271,26,0.0,0.0,0.49389671361502346,0.49827856025039124,401.0099999999999
uuf250-050,uuf,uuf250,uuf250-050.cnf,250,1065,4.26,2.99718574108818,0.09184147582784645,12.78,3.6915579366982714,25,0.0,0.0,0.49483568075117373,0.49953051643192486,803.1399999999996
uuf250-070,uuf,uuf250,uuf250-070.cnf,250,1065,4.26,2.99718574108818,0.09184147582784645,12.78,3.5411297632252903,22,0.0,0.0,0.504225352112676,0.5045383411580595,184.64000000000004
uuf250-064,uuf,uuf250,uuf250-064.cnf,250,1065,4.26,2.99718574108818,0.09184147582784645,12.78,3.357916020391219,23,0.0,0.0,0.49671361502347416,0.49827856025039124,399.19
uuf250-097,uuf,uuf250,uuf250-097.cnf,250,1065,4.26,2.99718574108818,0.09184147582784645,12.78,3.6446673373574163,25,0.0,0.0,0.5014084507042254,0.49671361502347416,1005.1099999999999
uuf250-080,uuf,uuf250,uuf250-080.cnf,250,1065,4.26,2.99718574108818,0.09184147582784645,12.78,3.355532744587661,22,0.0,0.0,0.49671361502347416,0.5048513302034429,394.92
uuf250-046,uuf,uuf250,uuf250-046.cnf,250,1065,4.26,2.99718574108818,0.09184147582784645,12.78,3.4576870882137385,23,0.0,0.0,0.504225352112676,0.5004694835680751,396.73000000000013
uuf250-061,uuf,uuf250,uuf250-061.cnf,250,1065,4.26,2.99718574108818,0.09184147582784645,12.78,3.525280130713019,24,0.0,0.0,0.49483568075117373,0.5039123630672926,400.58
uuf250-052,uuf,uuf250,uuf250-052.cnf,250,1065,4.26,2.99718574108818,0.09184147582784645,12.78,3.421637035104688,24,0.0,0.0,0.5023474178403756,0.49608763693270735,400.05
uuf250-098,uuf,uuf250,uuf250-098.cnf,250,1065,4.26,2.99718574108818,0.09184147582784645,12.78,3.728216731897436,28,0.0,0.0,0.492018779342723,0.5010954616588419,390.06999999999994
uuf250-060,uuf,uuf250,uuf250-060.cnf,250,1065,4.26,2.99718574108818,0.09184147582784645,12.78,3.5479007877898727,23,0.0,0.0,0.4863849765258216,0.5120500782472613,400.00000000000006
uuf250-077,uuf,uuf250,uuf250-077.cnf,250,1065,4.26,2.99718574108818,0.09184147582784645,12.78,3.4228058665369847,22,0.0,0.0,0.49295774647887325,0.5064162754303599,399.72
uuf250-038,uuf,uuf250,uuf250-038.cnf,250,1065,4.26,2.99718574108818,0.09184147582784645,12.78,3.6730913410913155,24,0.0,0.0,0.49014084507042255,0.5067292644757434,391.77
uuf250-094,uuf,uuf250,uuf250-094.cnf,250,1065,4.26,2.99718574108818,0.09184147582784645,12.78,3.7453437759436716,23,0.0,0.0,0.5014084507042254,0.49546165884194054,398.3500000000001
uuf250-062,uuf,uuf250,uuf250-062.cnf,250,1065,4.26,2.99718574108818,0.09184147582784645,12.78,3.5557840204376867,24,0.0,0.0,0.5145539906103287,0.48857589984350547,400.28
uuf250-066,uuf,uuf250,uuf250-066.cnf,250,1065,4.26,2.99718574108818,0.09184147582784645,12.78,3.5411297632252903,24,0.0,0.0,0.5032863849765258,0.49546165884194054,400.03
uuf250-085,uuf,uuf250,uuf250-085.cnf,250,1065,4.26,2.99718574108818,0.09184147582784645,12.78,3.4181281427120314,24,0.0,0.0,0.5126760563380282,0.49358372456964006,399.68000000000006
uuf250-042,uuf,uuf250,uuf250-042.cnf,250,1065,4.26,2.99718574108818,0.09184147582784645,12.78,3.7698275822642073,25,0.0,0.0,0.5098591549295775,0.49890453834115805,397.4699999999998
uuf250-035,uuf,uuf250,uuf250-035.cnf,250,1065,4.26,2.99718574108818,0.09184147582784645,12.78,3.50821892133316,23,0.0,0.0,0.49953051643192486,0.5023474178403756,410.19999999999993
uuf250-010,uuf,uuf250,uuf250-010.cnf,250,1065,4.26,2.99718574108818,0.09184147582784645,12.78,3.5737375393276993,23,0.0,0.0,0.49577464788732395,0.49765258215962443,398.28000000000003
uuf250-056,uuf,uuf250,uuf250-056.cnf,250,1065,4.26,2.99718574108818,0.09184147582784645,12.78,3.449579684541292,26,0.0,0.0,0.48544600938967136,0.5076682316118936,380.1500000000001
uuf250-028,uuf,uuf250,uuf250-028.cnf,250,1065,4.26,2.99718574108818,0.09184147582784645,12.78,3.5815639042183793,23,0.0,0.0,0.504225352112676,0.5001564945226917,406.82
uuf250-0100,uuf,uuf250,uuf250-0100.cnf,250,1065,4.26,2.99718574108818,0.09184147582784645,12.78,3.495654445164739,25,0.0,0.0,0.47136150234741786,0.5173708920187794,399.41
uuf250-03,uuf,uuf250,uuf250-03.cnf,250,1065,4.26,2.99718574108818,0.09184147582784645,12.78,3.6292698990292798,22,0.0,0.0,0.5136150234741784,0.49483568075117373,398.4399999999998
uuf250-088,uuf,uuf250,uuf250-088.cnf,250,1065,4.26,2.99718574108818,0.09184147582784645,12.78,3.437964514069335,22,0.0,0.0,0.49107981220657276,0.5095461658841941,399.81000000000006
uuf250-091,uuf,uuf250,uuf250-091.cnf,250,1065,4.26,2.99718574108818,0.09184147582784645,12.78,3.579329546158051,27,0.0,0.0,0.507981220657277,0.5032863849765258,399.32000000000005
uuf250-076,uuf,uuf250,uuf250-076.cnf,250,1065,4.26,2.99718574108818,0.09184147582784645,12.78,3.864142854502147,24,0.0,0.0,0.5230046948356808,0.4863849765258216,400.58000000000004
uuf250-087,uuf,uuf250,uuf250-087.cnf,250,1065,4.26,2.99718574108818,0.09184147582784645,12.78,3.389926252885157,22,0.0,0.0,0.5004694835680751,0.49984350547730827,1013.8600000000002
uuf250-083,uuf,uuf250,uuf250-083.cnf,250,1065,4.26,2.99718574108818,0.09184147582784645,12.78,3.5433882090451223,26,0.0,0.0,0.49483568075117373,0.5035993740219092,400.53000000000003
uuf250-027,uuf,uuf250,uuf250-027.cnf,250,1065,4.26,2.99718574108818,0.09184147582784645,12.78,3.591601314177285,25,0.0,0.0,0.5070422535211268,0.486697965571205,392.5200000000001
uuf250-063,uuf,uuf250,uuf250-063.cnf,250,1065,4.26,2.99718574108818,0.09184147582784645,12.78,3.7012970699472367,24,0.0,0.0,0.49671361502347416,0.504225352112676,400.0200000000001
uuf250-073,uuf,uuf250,uuf250-073.cnf,250,1065,4.26,2.99718574108818,0.09184147582784645,12.78,3.6991350340316047,26,0.0,0.0,0.48262910798122066,0.507981220657277,402.13999999999993
uuf250-021,uuf,uuf250,uuf250-021.cnf,250,1065,4.26,2.99718574108818,0.09184147582784645,12.78,3.862071982757442,25,0.0,0.0,0.5061032863849765,0.492018779342723,400.3700000000001
uuf250-092,uuf,uuf250,uuf250-092.cnf,250,1065,4.26,2.99718574108818,0.09184147582784645,12.78,3.4449383158483404,24,0.0,0.0,0.4863849765258216,0.5095461658841941,401.24
uuf250-055,uuf,uuf250,uuf250-055.cnf,250,1065,4.26,2.99718574108818,0.09184147582784645,12.78,3.592714850917061,23,0.0,0.0,0.5295774647887324,0.48325508607198747,417.44
uuf200-066,uuf,uuf200,uuf200-066.cnf,200,860,4.3,2.9965156794425085,0.10218033657571554,12.9,3.5270384177096794,23,0.0,0.0,0.4755813953488372,0.5073643410852713,50.12000000000003
uuf200-046,uuf,uuf200,uuf200-046.cnf,200,860,4.3,2.9965156794425085,0.10218033657571554,12.9,3.8301436004411116,23,0.0,0.0,0.4930232558139535,0.5096899224806202,408.35999999999996
uuf200-096,uuf,uuf200,uuf200-096.cnf,200,860,4.3,2.9965156794425085,0.10218033657571554,12.9,3.75632799419859,23,0.0,0.0,0.4930232558139535,0.5050387596899225,399.19000000000005
uuf200-026,uuf,uuf200,uuf200-026.cnf,200,860,4.3,2.9965156794425085,0.10218033657571554,12.9,3.605551275463989,22,0.0,0.0,0.5081395348837209,0.49496124031007754,105.44000000000001
uuf200-098,uuf,uuf200,uuf200-098.cnf,200,860,4.3,2.9965156794425085,0.10218033657571554,12.9,3.5651086939951773,22,0.0,0.0,0.5255813953488372,0.4810077519379845,216.33000000000004
uuf200-086,uuf,uuf200,uuf200-086.cnf,200,860,4.3,2.9965156794425085,0.10218033657571554,12.9,3.57211421989835,27,0.0,0.0,0.4744186046511628,0.5112403100775194,405.46
uuf200-068,uuf,uuf200,uuf200-068.cnf,200,860,4.3,2.9965156794425085,0.10218033657571554,12.9,3.6180105030251086,24,0.0,0.0,0.4848837209302326,0.5031007751937985,401.0300000000001
uuf200-048,uuf,uuf200,uuf200-048.cnf,200,860,4.3,2.9965156794425085,0.10218033657571554,12.9,3.7322915213043046,23,0.0,0.0,0.5174418604651163,0.48565891472868217,229.85999999999993
uuf200-019,uuf,uuf200,uuf200-019.cnf,200,860,4.3,2.9965156794425085,0.10218033657571554,12.9,3.7094473981982814,23,0.0,0.0,0.4930232558139535,0.5058139534883721,399.3300000000001
uuf200-01,uuf,uuf200,uuf200-01.cnf,200,860,4.3,2.9965156794425085,0.10218033657571554,12.9,3.5482389998420345,25,0.0,0.0,0.4686046511627907,0.5170542635658915,399.85
uuf200-038,uuf,uuf200,uuf200-038.cnf,200,860,4.3,2.9965156794425085,0.10218033657571554,12.9,3.1827660925679098,22,0.0,0.0,0.48255813953488375,0.5131782945736434,409.0
uuf200-079,uuf,uuf200,uuf200-079.cnf,200,860,4.3,2.9965156794425085,0.10218033657571554,12.9,3.681032463861192,23,0.0,0.0,0.5069767441860465,0.4945736434108527,400.0800000000001
uuf200-052,uuf,uuf200,uuf200-052.cnf,200,860,4.3,2.9965156794425085,0.10218033657571554,12.9,3.4058772731852804,24,0.0,0.0,0.4755813953488372,0.5096899224806202,413.27
uuf200-033,uuf,uuf200,uuf200-033.cnf,200,860,4.3,2.9965156794425085,0.10218033657571554,12.9,3.671511950137164,25,0.0,0.0,0.4930232558139535,0.5050387596899225,411.90999999999997
uuf200-05,uuf,uuf200,uuf200-05.cnf,200,860,4.3,2.9965156794425085,0.10218033657571554,12.9,3.6,24,0.0,0.0,0.49186046511627907,0.5073643410852713,400.00000000000006
uuf200-013,uuf,uuf200,uuf200-013.cnf,200,860,4.3,2.9965156794425085,0.10218033657571554,12.9,3.2357379374726873,23,0.0,0.0,0.5290697674418605,0.48565891472868217,162.70000000000002
uuf200-03,uuf,uuf200,uuf200-03.cnf,200,860,4.3,2.9965156794425085,0.10218033657571554,12.9,3.616628264005025,25,0.0,0.0,0.513953488372093,0.5007751937984496,140.82
uuf200-020,uuf,uuf200,uuf200-020.cnf,200,860,4.3,2.9965156794425085,0.10218033657571554,12.9,3.6796738985948196,24,0.0,0.0,0.5209302325581395,0.487984496124031,401.44
uuf200-09,uuf,uuf200,uuf200-09.cnf,200,860,4.3,2.9965156794425085,0.10218033657571554,12.9,3.627671429443411,23,0.0,0.0,0.4686046511627907,0.5205426356589147,400.05000000000007
uuf200-076,uuf,uuf200,uuf200-076.cnf,200,860,4.3,2.9965156794425085,0.10218033657571554,12.9,3.803945320322047,24,0.0,0.0,0.48953488372093024,0.5023255813953489,401.74999999999994
uuf200-054,uuf,uuf200,uuf200-054.cnf,200,860,4.3,2.9965156794425085,0.10218033657571554,12.9,3.5411862419251547,23,0.0,0.0,0.5197674418604651,0.49147286821705427,401.2799999999999
uuf200-073,uuf,uuf200,uuf200-073.cnf,200,860,4.3,2.9965156794425085,0.10218033657571554,12.9,3.3331666624997918,23,0.0,0.0,0.5197674418604651,0.48875968992248064,266.60999999999996
uuf200-071,uuf,uuf200,uuf200-071.cnf,200,860,4.3,2.9965156794425085,0.10218033657571554,12.9,3.616628264005025,25,0.0,0.0,0.5,0.4972868217054264,398.78
uuf200-023,uuf,uuf200,uuf200-023.cnf,200,860,4.3,2.9965156794425085,0.10218033657571554,12.9,3.7094473981982814,27,0.0,0.0,0.49767441860465117,0.506201550387597,400.93999999999994
uuf200-045,uuf,uuf200,uuf200-045.cnf,200,860,4.3,2.9965156794425085,0.10218033657571554,12.9,3.257299494980466,21,0.0,0.0,0.5081395348837209,0.49612403100775193,399.7700000000001
uuf200-04,uuf,uuf200,uuf200-04.cnf,200,860,4.3,2.9965156794425085,0.10218033657571554,12.9,3.3704599092705436,22,0.0,0.0,0.48023255813953486,0.512015503875969,399.81
uuf200-018,uuf,uuf200,uuf200-018.cnf,200,860,4.3,2.9965156794425085,0.10218033657571554,12.9,3.54400902933387,22,0.0,0.0,0.4930232558139535,0.5038759689922481,404.7599999999999
uuf200-083,uuf,uuf200,uuf200-083.cnf,200,860,4.3,2.9965156794425085,0.10218033657571554,12.9,3.7,23,0.0,0.0,0.4941860465116279,0.4941860465116279,408.15999999999997
uuf200-02,uuf,uuf200,uuf200-02.cnf,200,860,4.3,2.9965156794425085,0.10218033657571554,12.9,3.5369478367654787,22,0.0,0.0,0.4848837209302326,0.5085271317829457,191.89000000000004
uuf200-069,uuf,uuf200,uuf200-069.cnf,200,860,4.3,2.9965156794425085,0.10218033657571554,12.9,3.988734135035826,25,0.0,0.0,0.5034883720930232,0.5069767441860465,188.4
uuf200-095,uuf,uuf200,uuf200-095.cnf,200,860,4.3,2.9965156794425085,0.10218033657571554,12.9,3.254228019054596,20,0.0,0.0,0.5081395348837209,0.48914728682170544,400.0200000000002
uuf200-037,uuf,uuf200,uuf200-037.cnf,200,860,4.3,2.9965156794425085,0.10218033657571554,12.9,3.1416556144810017,21,0.0,0.0,0.49186046511627907,0.5015503875968992,404.8699999999999
uuf200-035,uuf,uuf200,uuf200-035.cnf,200,860,4.3,2.9965156794425085,0.10218033657571554,12.9,3.449637662132068,25,0.0,0.0,0.49767441860465117,0.506201550387597,399.05000000000024
uuf200-090,uuf,uuf200,uuf200-090.cnf,200,860,4.3,2.9965156794425085,0.10218033657571554,12.9,3.6249137920783716,25,0.0,0.0,0.5023255813953489,0.49844961240310076,210.23000000000002
uuf200-014,uuf,uuf200,uuf200-014.cnf,200,860,4.3,2.9965156794425085,0.10218033657571554,12.9,3.248076353782343,22,0.0,0.0,0.5290697674418605,0.48333333333333334,270.46
uuf200-050,uuf,uuf200,uuf200-050.cnf,200,860,4.3,2.9965156794425085,0.10218033657571554,12.9,3.5693136595149495,26,0.0,0.0,0.5034883720930232,0.49844961240310076,400.02
uuf200-072,uuf,uuf200,uuf200-072.cnf,200,860,4.3,2.9965156794425085,0.10218033657571554,12.9,3.6482872693909396,23,0.0,0.0,0.5209302325581395,0.5081395348837209,399.11
uuf200-041,uuf,uuf200,uuf200-041.cnf,200,860,4.3,2.9965156794425085,0.10218033657571554,12.9,3.7013511046643495,24,0.0,0.0,0.5081395348837209,0.49263565891472866,399.1600000000001
uuf200-024,uuf,uuf200,uuf200-024.cnf,200,860,4.3,2.9965156794425085,0.10218033657571554,12.9,3.2171415884290826,21,0.0,0.0,0.5255813953488372,0.4945736434108527,401.07000000000005
uuf200-075,uuf,uuf200,uuf200-075.cnf,200,860,4.3,2.9965156794425085,0.10218033657571554,12.9,3.167017524422623,25,0.0,0.0,0.4744186046511628,0.5186046511627908,209.33000000000004
uuf200-040,uuf,uuf200,uuf200-040.cnf,200,860,4.3,2.9965156794425085,0.10218033657571554,12.9,3.6249137920783716,24,0.0,0.0,0.5093023255813953,0.5089147286821706,386.9600000000001
uuf200-016,uuf,uuf200,uuf200-016.cnf,200,860,4.3,2.9965156794425085,0.10218033657571554,12.9,3.254228019054596,23,0.0,0.0,0.5348837209302325,0.475968992248062,400.09
uuf200-06,uuf,uuf200,uuf200-06.cnf,200,860,4.3,2.9965156794425085,0.10218033657571554,12.9,3.340658617698013,22,0.0,0.0,0.5127906976744186,0.4972868217054264,330.1600000000002
uuf200-034,uuf,uuf200,uuf200-034.cnf,200,860,4.3,2.9965156794425085,0.10218033657571554,12.9,3.3015148038438356,23,0.0,0.0,0.48953488372093024,0.5073643410852713,400.42000000000013
uuf200-027,uuf,uuf200,uuf200-027.cnf,200,860,4.3,2.9965156794425085,0.10218033657571554,12.9,3.6496575181789317,24,0.0,0.0,0.522093023255814,0.49496124031007754,398.69999999999993
uuf200-082,uuf,uuf200,uuf200-082.cnf,200,860,4.3,2.9965156794425085,0.10218033657571554,12.9,3.3600595232822887,23,0.0,0.0,0.5069767441860465,0.4972868217054264,103.91000000000005
uuf200-032,uuf,uuf200,uuf200-032.cnf,200,860,4.3,2.9965156794425085,0.10218033657571554,12.9,3.6027767069303644,25,0.0,0.0,0.46395348837209305,0.517829457364341,401.62000000000006
uuf200-058,uuf,uuf200,uuf200-058.cnf,200,860,4.3,2.9965156794425085,0.10218033657571554,12.9,3.5242020373412193,25,0.0,0.0,0.4965116279069767,0.49806201550387597,412.0700000000001
uuf200-021,uuf,uuf200,uuf200-021.cnf,200,860,4.3,2.9965156794425085,0.10218033657571554,12.9,3.6796738985948196,23,0.0,0.0,0.5127906976744186,0.4968992248062015,406.00999999999993
uuf200-031,uuf,uuf200,uuf200-031.cnf,200,860,4.3,2.9965156794425085,0.10218033657571554,12.9,3.7282703764614498,25,0.0,0.0,0.48604651162790696,0.5147286821705427,398.2200000000001
uuf200-012,uuf,uuf200,uuf200-012.cnf,200,860,4.3,2.9965156794425085,0.10218033657571554,12.9,3.531288716601915,23,0.0,0.0,0.49767441860465117,0.5003875968992249,399.53000000000003
uuf200-025,uuf,uuf200,uuf200-025.cnf,200,860,4.3,2.9965156794425085,0.10218033657571554,12.9,3.3105890714493698,27,0.0,0.0,0.5116279069767442,0.4910852713178295,399.08000000000004
uuf200-044,uuf,uuf200,uuf200-044.cnf,200,860,4.3,2.9965156794425085,0.10218033657571554,12.9,3.6138621999185303,22,0.0,0.0,0.5069767441860465,0.5050387596899225,400.02000000000004
uuf200-017,uuf,uuf200,uuf200-017.cnf,200,860,4.3,2.9965156794425085,0.10218033657571554,12.9,3.5791060336346563,23,0.0,0.0,0.536046511627907,0.48643410852713176,398.7099999999999
uuf200-08,uuf,uuf200,uuf200-08.cnf,200,860,4.3,2.9965156794425085,0.10218033657571554,12.9,3.4971416900091423,24,0.0,0.0,0.49186046511627907,0.4996124031007752,383.63
uuf200-015,uuf,uuf200,uuf200-015.cnf,200,860,4.3,2.9965156794425085,0.10218033657571554,12.9,3.5496478698597698,23,0.0,0.0,0.5104651162790698,0.4906976744186046,398.9200000000001
uuf200-081,uuf,uuf200,uuf200-081.cnf,200,860,4.3,2.9965156794425085,0.10218033657571554,12.9,3.3808283008753937,22,0.0,0.0,0.5267441860465116,0.48372093023255813,673.7700000000001
uuf200-042,uuf,uuf200,uuf200-042.cnf,200,860,4.3,2.9965156794425085,0.10218033657571554,12.9,3.6221540552549665,24,0.0,0.0,0.4906976744186046,0.5116279069767442,138.98000000000002
uuf200-092,uuf,uuf200,uuf200-092.cnf,200,860,4.3,2.9965156794425085,0.10218033657571554,12.9,3.7589892258425004,24,0.0,0.0,0.4941860465116279,0.5031007751937985,95.18000000000002
uuf200-060,uuf,uuf200,uuf200-060.cnf,200,860,4.3,2.9965156794425085,0.10218033657571554,12.9,3.8052595180880897,25,0.0,0.0,0.4813953488372093,0.5089147286821706,323.9800000000001
uuf200-099,uuf,uuf200,uuf200-099.cnf,200,860,4.3,2.9965156794425085,0.10218033657571554,12.9,3.4263683398023628,22,0.0,0.0,0.49186046511627907,0.5,375.3900000000001
uuf200-059,uuf,uuf200,uuf200-059.cnf,200,860,4.3,2.9965156794425085,0.10218033657571554,12.9,3.5468295701936396,22,0.0,0.0,0.48953488372093024,0.4996124031007752,399.5299999999999
uuf200-049,uuf,uuf200,uuf200-049.cnf,200,860,4.3,2.9965156794425085,0.10218033657571554,12.9,3.6441734316577197,22,0.0,0.0,0.5232558139534884,0.48953488372093024,399.47
uuf200-055,uuf,uuf200,uuf200-055.cnf,200,860,4.3,2.9965156794425085,0.10218033657571554,12.9,3.8,26,0.0,0.0,0.5011627906976744,0.4992248062015504,399.59999999999997
uuf200-07,uuf,uuf200,uuf200-07.cnf,200,860,4.3,2.9965156794425085,0.10218033657571554,12.9,3.5270384177096794,25,0.0,0.0,0.5162790697674419,0.4810077519379845,336.6500000000001
uuf200-051,uuf,uuf200,uuf200-051.cnf,200,860,4.3,2.9965156794425085,0.10218033657571554,12.9,3.556683848755748,22,0.0,0.0,0.5209302325581395,0.4903100775193798,205.40000000000006
uuf200-070,uuf,uuf200,uuf200-070.cnf,200,860,4.3,2.9965156794425085,0.10218033657571554,12.9,3.9382737335030433,24,0.0,0.0,0.5174418604651163,0.4872093023255814,400.9300000000001
uuf200-065,uuf,uuf200,uuf200-065.cnf,200,860,4.3,2.9965156794425085,0.10218033657571554,12.9,3.5128336140500593,24,0.0,0.0,0.48604651162790696,0.5054263565891473,89.62000000000003
uuf200-097,uuf,uuf200,uuf200-097.cnf,200,860,4.3,2.9965156794425085,0.10218033657571554,12.9,3.7,23,0.0,0.0,0.513953488372093,0.4910852713178295,401.35999999999996
uuf200-080,uuf,uuf200,uuf200-080.cnf,200,860,4.3,2.9965156794425085,0.10218033657571554,12.9,3.522782990761707,22,0.0,0.0,0.4930232558139535,0.5127906976744186,400.03999999999985
uuf200-047,uuf,uuf200,uuf200-047.cnf,200,860,4.3,2.9965156794425085,0.10218033657571554,12.9,3.5958309192730407,22,0.0,0.0,0.47674418604651164,0.5054263565891473,133.36
uuf200-062,uuf,uuf200,uuf200-062.cnf,200,860,4.3,2.9965156794425085,0.10218033657571554,12.9,3.3689761055846033,27,0.0,0.0,0.49534883720930234,0.5027131782945736,400.00000000000006
uuf200-053,uuf,uuf200,uuf200-053.cnf,200,860,4.3,2.9965156794425085,0.10218033657571554,12.9,3.481379037105842,22,0.0,0.0,0.5034883720930232,0.4968992248062015,400.04000000000013
uuf200-087,uuf,uuf200,uuf200-087.cnf,200,860,4.3,2.9965156794425085,0.10218033657571554,12.9,3.3466401061363023,22,0.0,0.0,0.47790697674418603,0.512015503875969,176.17
uuf200-061,uuf,uuf200,uuf200-061.cnf,200,860,4.3,2.9965156794425085,0.10218033657571554,12.9,3.7322915213043046,25,0.0,0.0,0.5430232558139535,0.48255813953488375,184.8
uuf200-078,uuf,uuf200,uuf200-078.cnf,200,860,4.3,2.9965156794425085,0.10218033657571554,12.9,3.3331666624997918,21,0.0,0.0,0.5127906976744186,0.4937984496124031,324.8500000000001
uuf200-039,uuf,uuf200,uuf200-039.cnf,200,860,4.3,2.9965156794425085,0.10218033657571554,12.9,3.5524639336663224,23,0.0,0.0,0.4872093023255814,0.5042635658914729,401.97999999999996
uuf200-094,uuf,uuf200,uuf200-094.cnf,200,860,4.3,2.9965156794425085,0.10218033657571554,12.9,3.903844259188627,23,0.0,0.0,0.5197674418604651,0.48333333333333334,184.90000000000003
uuf200-063,uuf,uuf200,uuf200-063.cnf,200,860,4.3,2.9965156794425085,0.10218033657571554,12.9,3.427827300200522,23,0.0,0.0,0.49534883720930234,0.5112403100775194,400.5999999999999
uuf200-067,uuf,uuf200,uuf200-067.cnf,200,860,4.3,2.9965156794425085,0.10218033657571554,12.9,3.3376638536557275,22,0.0,0.0,0.5186046511627908,0.48953488372093024,399.68000000000006
uuf200-085,uuf,uuf200,uuf200-085.cnf,200,860,4.3,2.9965156794425085,0.10218033657571554,12.9,3.6482872693909396,25,0.0,0.0,0.4790697674418605,0.5093023255813953,240.08000000000013
uuf200-043,uuf,uuf200,uuf200-043.cnf,200,860,4.3,2.9965156794425085,0.10218033657571554,12.9,3.255764119219941,21,0.0,0.0,0.5046511627906977,0.4996124031007752,398.4899999999999
uuf200-036,uuf,uuf200,uuf200-036.cnf,200,860,4.3,2.9965156794425085,0.10218033657571554,12.9,3.420526275297414,22,0.0,0.0,0.49883720930232556,0.48992248062015503,400.04
uuf200-010,uuf,uuf200,uuf200-010.cnf,200,860,4.3,2.9965156794425085,0.10218033657571554,12.9,3.556683848755748,25,0.0,0.0,0.4883720930232558,0.5124031007751938,577.7399999999996
uuf200-057,uuf,uuf200,uuf200-057.cnf,200,860,4.3,2.9965156794425085,0.10218033657571554,12.9,3.7296112397943033,25,0.0,0.0,0.4872093023255814,0.5050387596899225,107.54000000000003
uuf200-029,uuf,uuf200,uuf200-029.cnf,200,860,4.3,2.9965156794425085,0.10218033657571554,12.9,3.443835071544513,22,0.0,0.0,0.5023255813953489,0.501937984496124,410.92
uuf200-011,uuf,uuf200,uuf200-011.cnf,200,860,4.3,2.9965156794425085,0.10218033657571554,12.9,3.4307433596816885,24,0.0,0.0,0.5,0.49883720930232556,401.41999999999996
uuf200-030,uuf,uuf200,uuf200-030.cnf,200,860,4.3,2.9965156794425085,0.10218033657571554,12.9,3.75632799419859,27,0.0,0.0,0.5255813953488372,0.4883720930232558,128.52
uuf200-089,uuf,uuf200,uuf200-089.cnf,200,860,4.3,2.9965156794425085,0.10218033657571554,12.9,3.455430508634199,23,0.0,0.0,0.5058139534883721,0.4945736434108527,401.81000000000006
uuf200-091,uuf,uuf200,uuf200-091.cnf,200,860,4.3,2.9965156794425085,0.10218033657571554,12.9,3.8052595180880897,27,0.0,0.0,0.4965116279069767,0.49767441860465117,401.13000000000005
uuf200-077,uuf,uuf200,uuf200-077.cnf,200,860,4.3,2.9965156794425085,0.10218033657571554,12.9,3.4971416900091423,22,0.0,0.0,0.5151162790697674,0.5011627906976744,400.03000000000014
uuf200-088,uuf,uuf200,uuf200-088.cnf,200,860,4.3,2.9965156794425085,0.10218033657571554,12.9,3.5846896657869842,23,0.0,0.0,0.48255813953488375,0.5027131782945736,395.17999999999984
uuf200-084,uuf,uuf200,uuf200-084.cnf,200,860,4.3,2.9965156794425085,0.10218033657571554,12.9,3.794733192202055,26,0.0,0.0,0.5093023255813953,0.48953488372093024,400.04
uuf200-028,uuf,uuf200,uuf200-028.cnf,200,860,4.3,2.9965156794425085,0.10218033657571554,12.9,3.4146742157927745,22,0.0,0.0,0.4790697674418605,0.5170542635658915,154.32000000000002
uuf200-064,uuf,uuf200,uuf200-064.cnf,200,860,4.3,2.9965156794425085,0.10218033657571554,12.9,3.5128336140500593,24,0.0,0.0,0.48255813953488375,0.5042635658914729,363.14000000000004
uuf200-074,uuf,uuf200,uuf200-074.cnf,200,860,4.3,2.9965156794425085,0.10218033657571554,12.9,3.8794329482541645,27,0.0,0.0,0.4941860465116279,0.49806201550387597,337.08
uuf200-022,uuf,uuf200,uuf200-022.cnf,200,860,4.3,2.9965156794425085,0.10218033657571554,12.9,3.212475680841802,23,0.0,0.0,0.513953488372093,0.4965116279069767,400.67
uuf200-093,uuf,uuf200,uuf200-093.cnf,200,860,4.3,2.9965156794425085,0.10218033657571554,12.9,3.6180105030251086,23,0.0,0.0,0.5116279069767442,0.4906976744186046,384.6
uuf200-056,uuf,uuf200,uuf200-056.cnf,200,860,4.3,2.9965156794425085,0.10218033657571554,12.9,3.591656999213594,23,0.0,0.0,0.49883720930232556,0.4941860465116279,399.41
uuf50-0568,uuf,uuf50,uuf50-0568.cnf,50,218,4.36,2.9863013698630136,0.20225785014018358,13.08,3.2731636072766053,18,0.0,0.0,0.5504587155963303,0.46636085626911317,115.55000000000003
uuf50-0762,uuf,uuf50,uuf50-0762.cnf,50,218,4.36,2.9863013698630136,0.20225785014018358,13.08,3.4225136961011566,20,0.0,0.0,0.573394495412844,0.45871559633027525,101.67000000000002
uuf50-0765,uuf,uuf50,uuf50-0765.cnf,50,218,4.36,2.9863013698630136,0.20225785014018358,13.08,3.6378015338937884,21,0.0,0.0,0.4908256880733945,0.5321100917431193,129.76000000000005
uuf50-0693,uuf,uuf50,uuf50-0693.cnf,50,218,4.36,2.9863013698630136,0.20225785014018358,13.08,3.632299547118877,21,0.0,0.0,0.4724770642201835,0.5015290519877675,393.51000000000005
uuf50-0469,uuf,uuf50,uuf50-0469.cnf,50,218,4.36,2.9863013698630136,0.20225785014018358,13.08,3.9941957888916764,23,0.0,0.0,0.47706422018348627,0.5198776758409785,39.76999999999999
uuf50-0709,uuf,uuf50,uuf50-0709.cnf,50,218,4.36,2.9863013698630136,0.20225785014018358,13.08,3.5317984087430583,22,0.0,0.0,0.4954128440366973,0.518348623853211,92.70000000000003
uuf50-0662,uuf,uuf50,uuf50-0662.cnf,50,218,4.36,2.9863013698630136,0.20225785014018358,13.08,3.6706402711243715,23,0.0,0.0,0.47706422018348627,0.5168195718654435,77.01000000000003
uuf50-0560,uuf,uuf50,uuf50-0560.cnf,50,218,4.36,2.9863013698630136,0.20225785014018358,13.08,3.381360672865289,22,0.0,0.0,0.5,0.4938837920489297,95.75000000000003
uuf50-0872,uuf,uuf50,uuf50-0872.cnf,50,218,4.36,2.9863013698630136,0.20225785014018358,13.08,3.537456713516082,21,0.0,0.0,0.5275229357798165,0.4785932721712538,108.45000000000006
uuf50-0220,uuf,uuf50,uuf50-0220.cnf,50,218,4.36,2.9863013698630136,0.20225785014018358,13.08,4.132021297137758,25,0.0,0.0,0.5412844036697247,0.4892966360856269,57.2
uuf50-0829,uuf,uuf50,uuf50-0829.cnf,50,218,4.36,2.9863013698630136,0.20225785014018358,13.08,3.3277019097268914,21,0.0,0.0,0.4724770642201835,0.5244648318042814,38.720000000000006
uuf50-0167,uuf,uuf50,uuf50-0167.cnf,50,218,4.36,2.9863013698630136,0.20225785014018358,13.08,3.713973613261139,23,0.0,0.0,0.4724770642201835,0.5244648318042814,100.6
uuf50-0671,uuf,uuf50,uuf50-0671.cnf,50,218,4.36,2.9863013698630136,0.20225785014018358,13.08,3.393169609671759,22,0.0,0.0,0.47706422018348627,0.5168195718654435,117.11000000000008
uuf50-0975,uuf,uuf50,uuf50-0975.cnf,50,218,4.36,2.9863013698630136,0.20225785014018358,13.08,3.7514797080618734,20,0.0,0.0,0.4954128440366973,0.4847094801223242,80.88000000000002
uuf50-0943,uuf,uuf50,uuf50-0943.cnf,50,218,4.36,2.9863013698630136,0.20225785014018358,13.08,4.05383768791993,22,0.0,0.0,0.5091743119266054,0.5076452599388379,171.98999999999998
uuf50-0908,uuf,uuf50,uuf50-0908.cnf,50,218,4.36,2.9863013698630136,0.20225785014018358,13.08,3.851441288660649,24,0.0,0.0,0.5458715596330275,0.47553516819571867,213.91
uuf50-0350,uuf,uuf50,uuf50-0350.cnf,50,218,4.36,2.9863013698630136,0.20225785014018358,13.08,3.503369806343601,23,0.0,0.0,0.536697247706422,0.46636085626911317,40.109999999999985
uuf50-0894,uuf,uuf50,uuf50-0894.cnf,50,218,4.36,2.9863013698630136,0.20225785014018358,13.08,3.5431059820445676,21,0.0,0.0,0.46788990825688076,0.5030581039755352,71.68000000000002
uuf50-0784,uuf,uuf50,uuf50-0784.cnf,50,218,4.36,2.9863013698630136,0.20225785014018358,13.08,3.5935497770310625,24,0.0,0.0,0.4908256880733945,0.5107033639143731,82.09000000000003
uuf50-0386,uuf,uuf50,uuf50-0386.cnf,50,218,4.36,2.9863013698630136,0.20225785014018358,13.08,3.2114794098670476,21,0.0,0.0,0.44036697247706424,0.5214067278287462,165.39000000000001
uuf50-0593,uuf,uuf50,uuf50-0593.cnf,50,218,4.36,2.9863013698630136,0.20225785014018358,13.08,3.5090739519138094,21,0.0,0.0,0.5137614678899083,0.5091743119266054,92.57000000000002
uuf50-0255,uuf,uuf50,uuf50-0255.cnf,50,218,4.36,2.9863013698630136,0.20225785014018358,13.08,3.1989998437011526,23,0.0,0.0,0.4954128440366973,0.5091743119266054,27.73999999999999
uuf50-0432,uuf,uuf50,uuf50-0432.cnf,50,218,4.36,2.9863013698630136,0.20225785014018358,13.08,3.410806356274129,23,0.0,0.0,0.5412844036697247,0.46636085626911317,50.07000000000004
uuf50-0573,uuf,uuf50,uuf50-0573.cnf,50,218,4.36,2.9863013698630136,0.20225785014018358,13.08,2.8694250295137524,21,0.0,0.0,0.5321100917431193,0.4908256880733945,148.11000000000004
uuf50-0288,uuf,uuf50,uuf50-0288.cnf,50,218,4.36,2.9863013698630136,0.20225785014018358,13.08,3.643295211755424,23,0.0,0.0,0.5091743119266054,0.4938837920489297,48.88999999999999
uuf50-031,uuf,uuf50,uuf50-031.cnf,50,218,4.36,2.9863013698630136,0.20225785014018358,13.08,3.697783119654261,22,0.0,0.0,0.518348623853211,0.4938837920489297,64.26000000000005
uuf50-019,uuf,uuf50,uuf50-019.cnf,50,218,4.36,2.9863013698630136,0.20225785014018358,13.08,3.3872702874143363,23,0.0,0.0,0.5137614678899083,0.4877675840978593,144.44000000000005
uuf50-0987,uuf,uuf50,uuf50-0987.cnf,50,218,4.36,2.9863013698630136,0.20225785014018358,13.08,4.241886372829899,24,0.0,0.0,0.4724770642201835,0.5259938837920489,108.05000000000001
uuf50-0910,uuf,uuf50,uuf50-0910.cnf,50,218,4.36,2.9863013698630136,0.20225785014018358,13.08,3.2609201155502108,20,0.0,0.0,0.518348623853211,0.5,49.55999999999999
uuf50-0951,uuf,uuf50,uuf50-0951.cnf,50,218,4.36,2.9863013698630136,0.20225785014018358,13.08,3.665187580465698,27,0.0,0.0,0.5412844036697247,0.5015290519877675,163.33
uuf50-041,uuf,uuf50,uuf50-041.cnf,50,218,4.36,2.9863013698630136,0.20225785014018358,13.08,3.230108357315587,21,0.0,0.0,0.4954128440366973,0.48623853211009177,61.719999999999985
uuf50-0223,uuf,uuf50,uuf50-0223.cnf,50,218,4.36,2.9863013698630136,0.20225785014018358,13.08,3.303573822392955,20,0.0,0.0,0.5825688073394495,0.44036697247706424,117.52000000000002
uuf50-0658,uuf,uuf50,uuf50-0658.cnf,50,218,4.36,2.9863013698630136,0.20225785014018358,13.08,3.2609201155502108,19,0.0,0.0,0.463302752293578,0.5015290519877675,159.01000000000002
uuf50-0548,uuf,uuf50,uuf50-0548.cnf,50,218,4.36,2.9863013698630136,0.20225785014018358,13.08,3.6487806182339875,22,0.0,0.0,0.481651376146789,0.5152905198776758,119.00000000000003
uuf50-0431,uuf,uuf50,uuf50-0431.cnf,50,218,4.36,2.9863013698630136,0.20225785014018358,13.08,3.4341811251010044,22,0.0,0.0,0.5229357798165137,0.4908256880733945,21.009999999999994
uuf50-0277,uuf,uuf50,uuf50-0277.cnf,50,218,4.36,2.9863013698630136,0.20225785014018358,13.08,4.165765235824026,25,0.0,0.0,0.518348623853211,0.4984709480122324,14.970000000000004
uuf50-0717,uuf,uuf50,uuf50-0717.cnf,50,218,4.36,2.9863013698630136,0.20225785014018358,13.08,3.537456713516082,22,0.0,0.0,0.5275229357798165,0.4908256880733945,153.65
uuf50-0624,uuf,uuf50,uuf50-0624.cnf,50,218,4.36,2.9863013698630136,0.20225785014018358,13.08,3.0254916955761093,20,0.0,0.0,0.4908256880733945,0.5015290519877675,73.55999999999999
uuf50-091,uuf,uuf50,uuf50-091.cnf,50,218,4.36,2.9863013698630136,0.20225785014018358,13.08,4.265395644017094,24,0.0,0.0,0.5,0.5244648318042814,100.73000000000003
uuf50-0151,uuf,uuf50,uuf50-0151.cnf,50,218,4.36,2.9863013698630136,0.20225785014018358,13.08,4.097999511957023,26,0.0,0.0,0.48623853211009177,0.5,81.14
uuf50-0394,uuf,uuf50,uuf50-0394.cnf,50,218,4.36,2.9863013698630136,0.20225785014018358,13.08,3.6378015338937884,24,0.0,0.0,0.5137614678899083,0.4969418960244648,127.06000000000004
uuf50-0185,uuf,uuf50,uuf50-0185.cnf,50,218,4.36,2.9863013698630136,0.20225785014018358,13.08,3.5824014292091833,21,0.0,0.0,0.4954128440366973,0.5091743119266054,70.36000000000001
uuf50-038,uuf,uuf50,uuf50-038.cnf,50,218,4.36,2.9863013698630136,0.20225785014018358,13.08,3.1549326458737594,20,0.0,0.0,0.4954128440366973,0.5107033639143731,122.48000000000003
uuf50-0976,uuf,uuf50,uuf50-0976.cnf,50,218,4.36,2.9863013698630136,0.20225785014018358,13.08,3.94380526902635,25,0.0,0.0,0.5229357798165137,0.4908256880733945,110.48000000000005
uuf50-0368,uuf,uuf50,uuf50-0368.cnf,50,218,4.36,2.9863013698630136,0.20225785014018358,13.08,3.1612655693566776,19,0.0,0.0,0.4954128440366973,0.5030581039755352,81.87000000000003
uuf50-0348,uuf,uuf50,uuf50-0348.cnf,50,218,4.36,2.9863013698630136,0.20225785014018358,13.08,3.856630653822064,23,0.0,0.0,0.4908256880733945,0.4984709480122324,57.180000000000014
uuf50-0930,uuf,uuf50,uuf50-0930.cnf,50,218,4.36,2.9863013698630136,0.20225785014018358,13.08,4.0290941910062115,21,0.0,0.0,0.5045871559633027,0.4969418960244648,95.57000000000004
uuf50-064,uuf,uuf50,uuf50-064.cnf,50,218,4.36,2.9863013698630136,0.20225785014018358,13.08,3.8618130457079354,24,0.0,0.0,0.48623853211009177,0.5198776758409785,84.01000000000002
uuf50-0494,uuf,uuf50,uuf50-0494.cnf,50,218,4.36,2.9863013698630136,0.20225785014018358,13.08,3.129472799050984,20,0.0,0.0,0.44954128440366975,0.5229357798165137,61.82000000000001
uuf50-0852,uuf,uuf50,uuf50-0852.cnf,50,218,4.36,2.9863013698630136,0.20225785014018358,13.08,3.5935497770310625,21,0.0,0.0,0.481651376146789,0.5168195718654435,101.84
uuf50-0611,uuf,uuf50,uuf50-0611.cnf,50,218,4.36,2.9863013698630136,0.20225785014018358,13.08,2.985565273109935,20,0.0,0.0,0.5321100917431193,0.4801223241590214,93.44
uuf50-0890,uuf,uuf50,uuf50-0890.cnf,50,218,4.36,2.9863013698630136,0.20225785014018358,13.08,3.0122416901702955,21,0.0,0.0,0.5458715596330275,0.4892966360856269,79.87000000000002
uuf50-0333,uuf,uuf50,uuf50-0333.cnf,50,218,4.36,2.9863013698630136,0.20225785014018358,13.08,3.7833318649042673,23,0.0,0.0,0.4908256880733945,0.5030581039755352,76.44000000000004
uuf50-0619,uuf,uuf50,uuf50-0619.cnf,50,218,4.36,2.9863013698630136,0.20225785014018358,13.08,3.468947967323811,21,0.0,0.0,0.5275229357798165,0.5061162079510704,70.82000000000004
uuf50-0119,uuf,uuf50,uuf50-0119.cnf,50,218,4.36,2.9863013698630136,0.20225785014018358,13.08,3.0844124237851203,21,0.0,0.0,0.5,0.5015290519877675,62.320000000000014
uuf50-0125,uuf,uuf50,uuf50-0125.cnf,50,218,4.36,2.9863013698630136,0.20225785014018358,13.08,3.1989998437011526,21,0.0,0.0,0.4954128440366973,0.5198776758409785,197.28000000000006
uuf50-0654,uuf,uuf50,uuf50-0654.cnf,50,218,4.36,2.9863013698630136,0.20225785014018358,13.08,3.5204545161101004,21,0.0,0.0,0.5045871559633027,0.4892966360856269,226.35999999999996
uuf50-0107,uuf,uuf50,uuf50-0107.cnf,50,218,4.36,2.9863013698630136,0.20225785014018358,13.08,3.5147688401941886,19,0.0,0.0,0.5229357798165137,0.4969418960244648,87.69000000000005
uuf50-0298,uuf,uuf50,uuf50-0298.cnf,50,218,4.36,2.9863013698630136,0.20225785014018358,13.08,3.3096223349500167,21,0.0,0.0,0.4908256880733945,0.5091743119266054,149.96000000000004
uuf50-0837,uuf,uuf50,uuf50-0837.cnf,50,218,4.36,2.9863013698630136,0.20225785014018358,13.08,3.3456837866122373,25,0.0,0.0,0.4954128440366973,0.4908256880733945,87.43999999999998
uuf50-0365,uuf,uuf50,uuf50-0365.cnf,50,218,4.36,2.9863013698630136,0.20225785014018358,13.08,3.4919335617963867,22,0.0,0.0,0.5091743119266054,0.4923547400611621,51.129999999999995
uuf50-0147,uuf,uuf50,uuf50-0147.cnf,50,218,4.36,2.9863013698630136,0.20225785014018358,13.08,3.4458090486850836,25,0.0,0.0,0.5688073394495413,0.4648318042813456,49.89999999999999
uuf50-0587,uuf,uuf50,uuf50-0587.cnf,50,218,4.36,2.9863013698630136,0.20225785014018358,13.08,3.463177731506138,21,0.0,0.0,0.4908256880733945,0.5152905198776758,90.49000000000001
uuf50-0287,uuf,uuf50,uuf50-0287.cnf,50,218,4.36,2.9863013698630136,0.20225785014018358,13.08,4.01915413986575,23,0.0,0.0,0.4954128440366973,0.5122324159021406,140.65000000000006
uuf50-0642,uuf,uuf50,uuf50-0642.cnf,50,218,4.36,2.9863013698630136,0.20225785014018358,13.08,3.5431059820445676,22,0.0,0.0,0.4724770642201835,0.5152905198776758,137.86
uuf50-0721,uuf,uuf50,uuf50-0721.cnf,50,218,4.36,2.9863013698630136,0.20225785014018358,13.08,3.5431059820445676,21,0.0,0.0,0.4954128440366973,0.5091743119266054,95.44000000000001
uuf50-0695,uuf,uuf50,uuf50-0695.cnf,50,218,4.36,2.9863013698630136,0.20225785014018358,13.08,4.358164751360371,24,0.0,0.0,0.45871559633027525,0.5214067278287462,110.11000000000004
uuf50-0879,uuf,uuf50,uuf50-0879.cnf,50,218,4.36,2.9863013698630136,0.20225785014018358,13.08,3.09735370921695,20,0.0,0.0,0.5229357798165137,0.47706422018348627,108.99000000000002
uuf50-0161,uuf,uuf50,uuf50-0161.cnf,50,218,4.36,2.9863013698630136,0.20225785014018358,13.08,3.2052457004105004,21,0.0,0.0,0.5458715596330275,0.4648318042813456,118.38000000000002
uuf50-0588,uuf,uuf50,uuf50-0588.cnf,50,218,4.36,2.9863013698630136,0.20225785014018358,13.08,3.2731636072766053,21,0.0,0.0,0.45871559633027525,0.5214067278287462,109.83000000000004
uuf50-0195,uuf,uuf50,uuf50-0195.cnf,50,218,4.36,2.9863013698630136,0.20225785014018358,13.08,3.1612655693566776,20,0.0,0.0,0.518348623853211,0.4831804281345566,18.199999999999992
uuf50-0542,uuf,uuf50,uuf50-0542.cnf,50,218,4.36,2.9863013698630136,0.20225785014018358,13.08,2.992256673482407,21,0.0,0.0,0.47706422018348627,0.5076452599388379,21.52999999999999
uuf50-063,uuf,uuf50,uuf50-063.cnf,50,218,4.36,2.9863013698630136,0.20225785014018358,13.08,3.697783119654261,23,0.0,0.0,0.5,0.5091743119266054,147.0300000000001
uuf50-0766,uuf,uuf50,uuf50-0766.cnf,50,218,4.36,2.9863013698630136,0.20225785014018358,13.08,3.0320949853195565,19,0.0,0.0,0.518348623853211,0.5061162079510704,41.81
uuf50-0361,uuf,uuf50,uuf50-0361.cnf,50,218,4.36,2.9863013698630136,0.20225785014018358,13.08,3.9841686711282693,23,0.0,0.0,0.5275229357798165,0.4938837920489297,121.33000000000001
uuf50-0359,uuf,uuf50,uuf50-0359.cnf,50,218,4.36,2.9863013698630136,0.20225785014018358,13.08,4.132021297137758,23,0.0,0.0,0.5045871559633027,0.5030581039755352,91.56000000000004
uuf50-0686,uuf,uuf50,uuf50-0686.cnf,50,218,4.36,2.9863013698630136,0.20225785014018358,13.08,3.697783119654261,21,0.0,0.0,0.48623853211009177,0.5152905198776758,63.98000000000003
uuf50-0133,uuf,uuf50,uuf50-0133.cnf,50,218,4.36,2.9863013698630136,0.20225785014018358,13.08,2.733788579974684,20,0.0,0.0,0.43119266055045874,0.5305810397553516,95.60999999999999
uuf50-0629,uuf,uuf50,uuf50-0629.cnf,50,218,4.36,2.9863013698630136,0.20225785014018358,13.08,3.8978968688255464,22,0.0,0.0,0.4954128440366973,0.4969418960244648,118.27000000000002
uuf50-0375,uuf,uuf50,uuf50-0375.cnf,50,218,4.36,2.9863013698630136,0.20225785014018358,13.08,3.285361471740971,20,0.0,0.0,0.4908256880733945,0.5030581039755352,46.92000000000004
uuf50-071,uuf,uuf50,uuf50-071.cnf,50,218,4.36,2.9863013698630136,0.20225785014018358,13.08,3.830613527882968,21,0.0,0.0,0.5458715596330275,0.47706422018348627,67.50000000000003
uuf50-0158,uuf,uuf50,uuf50-0158.cnf,50,218,4.36,2.9863013698630136,0.20225785014018358,13.08,3.186471402664709,20,0.0,0.0,0.4908256880733945,0.4954128440366973,41.90999999999999
uuf50-0346,uuf,uuf50,uuf50-0346.cnf,50,218,4.36,2.9863013698630136,0.20225785014018358,13.08,3.217701042670061,23,0.0,0.0,0.5596330275229358,0.46788990825688076,56.64000000000001
uuf50-0159,uuf,uuf50,uuf50-0159.cnf,50,218,4.36,2.9863013698630136,0.20225785014018358,13.08,3.2362941769870055,20,0.0,0.0,0.5321100917431193,0.4969418960244648,76.74000000000002
uuf50-0385,uuf,uuf50,uuf50-0385.cnf,50,218,4.36,2.9863013698630136,0.20225785014018358,13.08,3.8876213807416997,23,0.0,0.0,0.5091743119266054,0.4969418960244648,43.509999999999984
uuf50-0592,uuf,uuf50,uuf50-0592.cnf,50,218,4.36,2.9863013698630136,0.20225785014018358,13.08,3.7461446848727027,22,0.0,0.0,0.48623853211009177,0.5045871559633027,59.940000000000026
uuf50-0998,uuf,uuf50,uuf50-0998.cnf,50,218,4.36,2.9863013698630136,0.20225785014018358,13.08,3.9387307600291748,21,0.0,0.0,0.5412844036697247,0.4709480122324159,67.91999999999999
uuf50-0741,uuf,uuf50,uuf50-0741.cnf,50,218,4.36,2.9863013698630136,0.20225785014018358,13.08,3.55437758264369,20,0.0,0.0,0.47706422018348627,0.5152905198776758,83.53000000000002
uuf50-0777,uuf,uuf50,uuf50-0777.cnf,50,218,4.36,2.9863013698630136,0.20225785014018358,13.08,3.463177731506138,20,0.0,0.0,0.46788990825688076,0.518348623853211,43.270000000000024
uuf50-0393,uuf,uuf50,uuf50-0393.cnf,50,218,4.36,2.9863013698630136,0.20225785014018358,13.08,3.5261310242247097,22,0.0,0.0,0.5504587155963303,0.47553516819571867,111.26000000000002
uuf50-0442,uuf,uuf50,uuf50-0442.cnf,50,218,4.36,2.9863013698630136,0.20225785014018358,13.08,3.6378015338937884,25,0.0,0.0,0.5137614678899083,0.4938837920489297,132.98000000000002
uuf50-0504,uuf,uuf50,uuf50-0504.cnf,50,218,4.36,2.9863013698630136,0.20225785014018358,13.08,3.503369806343601,21,0.0,0.0,0.5091743119266054,0.5091743119266054,85.88999999999999
uuf50-0569,uuf,uuf50,uuf50-0569.cnf,50,218,4.36,2.9863013698630136,0.20225785014018358,13.08,4.141690476122038,25,0.0,0.0,0.5091743119266054,0.5,38.07000000000002
uuf50-0295,uuf,uuf50,uuf50-0295.cnf,50,218,4.36,2.9863013698630136,0.20225785014018358,13.08,3.3096223349500167,20,0.0,0.0,0.4724770642201835,0.5229357798165137,46.480000000000004
uuf50-0807,uuf,uuf50,uuf50-0807.cnf,50,218,4.36,2.9863013698630136,0.20225785014018358,13.08,3.230108357315587,24,0.0,0.0,0.5137614678899083,0.5107033639143731,39.61000000000001
uuf50-0491,uuf,uuf50,uuf50-0491.cnf,50,218,4.36,2.9863013698630136,0.20225785014018358,13.08,3.537456713516082,24,0.0,0.0,0.5137614678899083,0.5015290519877675,16.529999999999994
uuf50-0787,uuf,uuf50,uuf50-0787.cnf,50,218,4.36,2.9863013698630136,0.20225785014018358,13.08,3.0583655765784443,19,0.0,0.0,0.5412844036697247,0.46788990825688076,76.02000000000001
uuf50-0178,uuf,uuf50,uuf50-0178.cnf,50,218,4.36,2.9863013698630136,0.20225785014018358,13.08,3.2052457004105004,21,0.0,0.0,0.5458715596330275,0.48623853211009177,82.07000000000001
uuf50-0155,uuf,uuf50,uuf50-0155.cnf,50,218,4.36,2.9863013698630136,0.20225785014018358,13.08,3.1738935079803796,23,0.0,0.0,0.4724770642201835,0.5061162079510704,102.69000000000001
uuf50-0842,uuf,uuf50,uuf50-0842.cnf,50,218,4.36,2.9863013698630136,0.20225785014018358,13.08,3.8410415254198957,21,0.0,0.0,0.5137614678899083,0.4908256880733945,69.39000000000001
ais10,all_interval,ais,ais10.cnf,181,3151,17.408839779005525,2.3024436686766108,0.7132003723392109,40.0828729281768,6.326196044003669,46,0.0,0.7369089178038718,0.9939701682005713,0.13659545141281876,401.8900000000001
ais6,all_interval,ais,ais6.cnf,61,581,9.524590163934427,2.325301204819277,0.6285218463514703,22.147540983606557,3.6656852090160488,26,0.0,0.7228915662650602,0.9810671256454389,0.15618060695780903,46.46
2bitadd_11,bejing,bejing,2bitadd_11.cnf,649,1562,2.406779661016949,2.676056338028169,1.5269840281345903,6.440677966101695,8.348898610891034,25,0.0,0.8028169014084507,0.9577464788732394,0.3684210526315789,1018.6499999999999
3bitadd_31,bejing,bejing,3bitadd_31.cnf,8432,31310,3.713235294117647,2.768316831683168,2.4510628405107315,10.279411764705882,26.793790757998224,129,0.0,0.8653465346534653,0.9900990099009901,0.3590844062947067,2453.75
ewddr2-10-by-5-1,bejing,bejing,ewddr2-10-by-5-1.cnf,21800,118607,5.440688073394496,2.7561863970929203,0.43212182021556433,14.995550458715597,27.439244453244065,191,0.0011803687809319855,0.2414528653452157,0.9981029787449307,0.33532576941783954,10196.199999999999
enddr2-10-by-5-8,bejing,bejing,enddr2-10-by-5-8.cnf,21000,113729,5.415666666666667,2.756078045177571,0.43230316649471096,14.926,26.822139934514297,183,0.0012309964916599988,0.24145996183910876,0.9980216127812607,0.33536239097005544,9472.75
e0ddr2-10-by-5-4,bejing,bejing,e0ddr2-10-by-5-4.cnf,19500,104527,5.360358974358975,2.7557760195930237,0.432732436414755,14.771948717948717,25.617809165869524,168,0.0013393668621504492,0.2415452466826753,0.997847446114401,0.33545562795735506,9150.089999999997
4blocks,bejing,bejing,4blocks.cnf,758,47820,63.087071240105544,2.8009201171058136,0.6324350237626201,176.70184696569922,54.286820334442815,372,0.0,0.20698452530322042,0.9997072354663321,0.1569658055845901,3191.269999999998
4blocksb,bejing,bejing,4blocksb.cnf,410,24758,60.385365853658534,2.794329105743598,0.6344807239753689,168.73658536585367,58.22197957312551,372,0.0,0.21366830923337912,0.9996768721221423,0.1568760660287358,1728.9899999999993
2bitadd_12,bejing,bejing,2bitadd_12.cnf,708,1702,2.403954802259887,2.6792009400705052,1.5751529337046795,6.440677966101695,8.348898610891034,25,0.0,0.8037602820211516,0.9588719153936546,0.3684210526315789,1002.64
ewddr2-10-by-5-8,bejing,bejing,ewddr2-10-by-5-8.cnf,22500,123329,5.481288888888889,2.756821185609224,0.43164016108513137,15.110933333333334,28.085310601332743,198,0.001135175019662853,0.2409084643514502,0.9981756115755418,0.3352039435758068,11527.769999999999
2bitmax_6,bejing,bejing,2bitmax_6.cnf,252,766,3.0396825396825395,2.349869451697128,1.020824288694166,7.142857142857143,5.922400689920667,17,0.0,0.8929503916449086,0.9399477806788512,0.4666666666666667,146.71999999999997
3blocks,bejing,bejing,3blocks.cnf,283,9690,34.24028268551237,2.766769865841073,0.6186722939542281,94.73498233215548,27.44574626878583,148,0.0,0.24561403508771928,0.9990712074303405,0.17433793360686312,550.6800000000001
e0ddr2-10-by-5-1,bejing,bejing,e0ddr2-10-by-5-1.cnf,19500,103887,5.327538461538461,2.7548490186452588,0.43329806584569236,14.676564102564102,25.441382692825755,168,0.0013476180850347011,0.2424557451846718,0.99783418522048,0.335609186807504,9072.999999999998
enddr2-10-by-5-1,bejing,bejing,enddr2-10-by-5-1.cnf,20700,111567,5.389710144927537,2.7555908109028655,0.4326465532878762,14.85183574879227,26.499343333620896,180,0.001254851344931745,0.24189948640727096,0.9979832746242169,0.3354519521326598,9753.18
2bitcomp_5,bejing,bejing,2bitcomp_5.cnf,125,310,2.48,2.3870967741935485,1.0057069205238642,5.92,3.9387307600291748,16,0.0,0.8709677419354839,0.9032258064516129,0.4594594594594595,100.55999999999999
3bitadd_32,bejing,bejing,3bitadd_32.cnf,8704,32316,3.7127757352941178,2.7686594875603414,2.4759425366442245,10.279411764705882,26.793790757998224,129,0.0,0.8654536452531254,0.9902215620745142,0.3590844062947067,2658.85
bmc-ibm-4,bmc,bmc,bmc-ibm-4.cnf,28161,139716,4.96132949824225,2.6260056113830914,2.128771720329063,13.028479102304606,19.74801951329879,550,0.0015531506770878067,0.811782473016691,0.7901671963125196,0.49164474849752654,8982.26
bmc-galileo-8,bmc,bmc,bmc-galileo-8.cnf,58074,294821,5.076643592657644,2.602212868147113,1.9322590934424628,13.21050728381031,69.78522089934891,2834,0.0006580263956773771,0.8178521882769545,0.9017709050576451,0.4396828934796862,18944.569999999996
bmc-ibm-3,bmc,bmc,bmc-ibm-3.cnf,14930,72106,4.829604822505024,2.623665159626106,1.923111454053166,12.671265907568653,14.79850504993495,202,0.0016503480986325687,0.7573572240867612,0.8102931794857571,0.4854637333361525,4716.25
bmc-ibm-12,bmc,bmc,bmc-ibm-12.cnf,39598,194778,4.91888479216122,2.6467876248857674,1.7096266826120732,13.019243396131118,25.329382911592187,549,0.0007598394069145386,0.7427840926593352,0.7667806425777038,0.4923458303590826,14595.349999999999
bmc-ibm-1,bmc,bmc,bmc-ibm-1.cnf,9685,55870,5.76871450696954,2.6832647216753176,2.3862601619841013,15.478988125967991,18.833561619391403,152,0.0008770359763737247,0.86182208698765,0.7913728297834258,0.5291367050442254,3893.3999999999996
bmc-galileo-9,bmc,bmc,bmc-galileo-9.cnf,63624,326999,5.139554256255501,2.6057510879238164,2.015918977148193,13.392399094681252,69.7616869599619,2834,0.0005932739855473565,0.8203541906855985,0.9016602497255344,0.4420862878750537,24521.699999999997
bmc-ibm-7,bmc,bmc,bmc-ibm-7.cnf,8710,39774,4.566475315729047,2.558932971287776,1.6609245968133621,11.685304247990816,15.473507669665116,352,0.005078694624629155,0.815231055463368,0.8318750942826972,0.487939555311017,340.52000000000027
bmc-ibm-11,bmc,bmc,bmc-ibm-11.cnf,32109,150027,4.672428291133327,2.631326361254974,1.560699685424576,12.294683733532654,20.159956831113245,453,0.0009065034960373799,0.7210635418957921,0.7577569370846581,0.49049319857132,11048.949999999999
bmc-ibm-2,bmc,bmc,bmc-ibm-2.cnf,2810,11683,4.157651245551602,2.5170760934691434,1.3837857149936053,10.465124555160143,13.868486027673983,180,0.008559445347941454,0.8003081400325259,0.8199948643327912,0.4776413779032203,2004.4099999999992
bmc-ibm-5,bmc,bmc,bmc-ibm-5.cnf,9396,41207,4.385589612601107,2.554929987623462,1.8192354673490043,11.204874414644529,33.900975510526635,1054,0.0017715436697648458,0.8005435969616813,0.8348824228893149,0.4782154424824992,3054.7999999999997
bmc-ibm-10,bmc,bmc,bmc-ibm-10.cnf,59056,323700,5.4812381468436735,2.638532591906086,2.157162049847508,14.46242549444595,31.78094861978794,1128,0.0013809082483781279,0.8457028112449799,0.8222551745443312,0.47569409888618686,22704.5
bmc-ibm-13,bmc,bmc,bmc-ibm-13.cnf,13215,65728,4.97374195989406,2.6497687439143136,2.2279144222586647,13.179265985622399,15.748088591245583,158,0.004031767283349562,0.7445837390457644,0.8099896543330087,0.48932615236214144,4530.34
ssa7552-158,dimacs,ssa,ssa7552-158.cnf,1363,3034,2.225972120322817,2.2501647989452866,0.5074023306169702,5.008804108584006,9.395987902568924,272,0.0013183915622940012,0.7742254449571523,0.8035596572181938,0.5142815292222059,2028.84
ssa0432-003,dimacs,ssa,ssa0432-003.cnf,435,1027,2.3609195402298853,2.3018500486854916,0.6038068819086214,5.43448275862069,3.5131551652638366,47,0.0038948393378773127,0.7575462512171373,0.7731256085686465,0.49153976311336717,894.66
ssa7552-160,dimacs,ssa,ssa7552-160.cnf,1391,3126,2.2473040977713876,2.247280870121561,0.5121217413757924,5.050323508267433,9.300575392264179,272,0.0012795905310300703,0.7802303262955854,0.7971849008317339,0.5194306049822064,1954.5299999999995
ssa2670-141,dimacs,ssa,ssa2670-141.cnf,986,2315,2.347870182555781,2.262634989200864,0.5775938496071868,5.31237322515213,4.935053761146769,60,0.0017278617710583153,0.7956803455723542,0.7373650107991361,0.5337915234822451,2020.4599999999996
ssa7552-038,dimacs,ssa,ssa7552-038.cnf,1501,3575,2.3817455029980015,2.307132867132867,0.5643904099060131,5.495003331112591,9.151737839321509,272,0.0011188811188811189,0.733986013986014,0.791048951048951,0.49090688651794373,1169.5999999999997
ssa6288-047,dimacs,ssa,ssa6288-047.cnf,10410,34238,3.28895292987512,2.5533909690986625,0.6246653712165169,8.397982708933718,3.4027191143935087,26,0.00011682925404521292,0.5174951807932706,0.7324025936094398,0.42390446450018876,2384.4999999999995
ssa7552-159,dimacs,ssa,ssa7552-159.cnf,1363,3032,2.2245047688921495,2.25,0.5060648012986642,5.0051357300073365,9.395717326091685,272,0.0013192612137203166,0.7740765171503958,0.8034300791556728,0.5145118733509235,1939.1999999999991
hole6,dimacs,phole,hole6.cnf,42,133,3.1666666666666665,2.210526315789474,0.8931875130777442,7.0,0.0,7,0.0,0.9473684210526315,0.9473684210526315,0.14285714285714285,5.060000000000001
hole9,dimacs,phole,hole9.cnf,90,415,4.611111111111111,2.1634615384615383,1.0773951575182557,10.0,0.0,10,0.0,0.9735576923076923,0.9783132530120482,0.1,38.97999999999998
hole7,dimacs,phole,hole7.cnf,56,204,3.642857142857143,2.196078431372549,0.9705387192756535,8.0,0.0,8,0.0,0.9607843137254902,0.9607843137254902,0.125,25.799999999999986
hole10,dimacs,phole,hole10.cnf,110,561,5.1,2.156862745098039,1.109187107743604,11.0,0.0,11,0.0,0.9803921568627451,0.9803921568627451,0.09090909090909091,85.17000000000003
hole8,dimacs,phole,hole8.cnf,72,297,4.125,2.1818181818181817,1.02851895445316,9.0,0.0,9,0.0,0.9696969696969697,0.9696969696969697,0.1111111111111111,40.44999999999998
g125.18,dimacs,gcp,g125.18.cnf,2250,70163,31.183555555555557,2.0285050525205595,0.6747357277555032,63.256,5.282278296341456,76,0.0,0.998218434217465,0.998218434217465,0.015808777033008727,2162.899999999999
g250.29,dimacs,gcp,g250.29.cnf,7250,454622,62.70648275862069,2.014847499681054,0.6329787067047922,126.344,7.787275775263131,148,0.0,0.9994500926044054,0.9994500926044054,0.007914899005888685,6431.800000000004
g125.17,dimacs,gcp,g125.17.cnf,2125,66272,31.186823529411765,2.028292491549976,0.6508355461800872,63.256,5.282278296341456,76,0.0,0.9981138338966683,0.9981138338966683,0.015808777033008727,2313.1499999999996
g250.15,dimacs,gcp,g250.15.cnf,3750,233965,62.39066666666667,2.013890966597568,0.42472297655691926,125.648,7.714149078155024,148,0.0,0.9989314641078794,0.9989314641078794,0.00795874188208328,7548.56
flat30-57,flat_graphs,flat30-98,flat30-57.cnf,90,300,3.3333333333333335,2.1,0.3,7.0,1.4142135623730951,9,0.0,0.9,0.9,0.14285714285714285,150.01000000000002
flat30-72,flat_graphs,flat30-98,flat30-72.cnf,90,300,3.3333333333333335,2.1,0.3,7.0,1.2649110640673518,9,0.0,0.9,0.9,0.14285714285714285,44.89999999999997
flat30-5,flat_graphs,flat30-98,flat30-5.cnf,90,300,3.3333333333333335,2.1,0.3,7.0,1.1254628677422756,9,0.0,0.9,0.9,0.14285714285714285,29.30999999999998
flat30-49,flat_graphs,flat30-98,flat30-49.cnf,90,300,3.3333333333333335,2.1,0.3,7.0,1.570562531918633,9,0.0,0.9,0.9,0.14285714285714285,57.970000000000006
flat30-44,flat_graphs,flat30-98,flat30-44.cnf,90,300,3.3333333333333335,2.1,0.3,7.0,1.390443574307614,9,0.0,0.9,0.9,0.14285714285714285,40.84
flat30-29,flat_graphs,flat30-98,flat30-29.cnf,90,300,3.3333333333333335,2.1,0.3,7.0,1.1547005383792515,9,0.0,0.9,0.9,0.14285714285714285,48.37999999999998
flat30-81,flat_graphs,flat30-98,flat30-81.cnf,90,300,3.3333333333333335,2.1,0.3,7.0,1.0954451150103321,9,0.0,0.9,0.9,0.14285714285714285,89.70999999999998
flat30-18,flat_graphs,flat30-98,flat30-18.cnf,90,300,3.3333333333333335,2.1,0.3,7.0,1.2649110640673518,8,0.0,0.9,0.9,0.14285714285714285,46.510000000000005
flat30-1,flat_graphs,flat30-98,flat30-1.cnf,90,300,3.3333333333333335,2.1,0.3,7.0,1.2649110640673518,9,0.0,0.9,0.9,0.14285714285714285,30.359999999999985
flat30-25,flat_graphs,flat30-98,flat30-25.cnf,90,300,3.3333333333333335,2.1,0.3,7.0,1.5275252316519468,9,0.0,0.9,0.9,0.14285714285714285,54.43999999999999
flat30-36,flat_graphs,flat30-98,flat30-36.cnf,90,300,3.3333333333333335,2.1,0.3,7.0,1.2909944487358056,9,0.0,0.9,0.9,0.14285714285714285,103.6600000000001
flat30-75,flat_graphs,flat30-98,flat30-75.cnf,90,300,3.3333333333333335,2.1,0.3,7.0,1.4142135623730951,9,0.0,0.9,0.9,0.14285714285714285,37.149999999999984
flat30-39,flat_graphs,flat30-98,flat30-39.cnf,90,300,3.3333333333333335,2.1,0.3,7.0,1.4832396974191326,9,0.0,0.9,0.9,0.14285714285714285,66.63
flat30-90,flat_graphs,flat30-98,flat30-90.cnf,90,300,3.3333333333333335,2.1,0.3,7.0,1.570562531918633,9,0.0,0.9,0.9,0.14285714285714285,54.56999999999998
flat30-12,flat_graphs,flat30-98,flat30-12.cnf,90,300,3.3333333333333335,2.1,0.3,7.0,1.3165611772087666,9,0.0,0.9,0.9,0.14285714285714285,66.34
flat30-78,flat_graphs,flat30-98,flat30-78.cnf,90,300,3.3333333333333335,2.1,0.3,7.0,1.390443574307614,9,0.0,0.9,0.9,0.14285714285714285,38.25000000000001
flat30-79,flat_graphs,flat30-98,flat30-79.cnf,90,300,3.3333333333333335,2.1,0.3,7.0,1.4605934866804429,9,0.0,0.9,0.9,0.14285714285714285,45.159999999999975
flat30-2,flat_graphs,flat30-98,flat30-2.cnf,90,300,3.3333333333333335,2.1,0.3,7.0,1.3416407864998738,9,0.0,0.9,0.9,0.14285714285714285,59.010000000000005
flat30-37,flat_graphs,flat30-98,flat30-37.cnf,90,300,3.3333333333333335,2.1,0.3,7.0,1.1832159566199232,9,0.0,0.9,0.9,0.14285714285714285,54.98
flat30-59,flat_graphs,flat30-98,flat30-59.cnf,90,300,3.3333333333333335,2.1,0.3,7.0,1.505545305418162,9,0.0,0.9,0.9,0.14285714285714285,54.03
flat30-89,flat_graphs,flat30-98,flat30-89.cnf,90,300,3.3333333333333335,2.1,0.3,7.0,1.2382783747337807,9,0.0,0.9,0.9,0.14285714285714285,67.98000000000002
flat30-32,flat_graphs,flat30-98,flat30-32.cnf,90,300,3.3333333333333335,2.1,0.3,7.0,1.390443574307614,9,0.0,0.9,0.9,0.14285714285714285,66.86000000000001
flat30-47,flat_graphs,flat30-98,flat30-47.cnf,90,300,3.3333333333333335,2.1,0.3,7.0,1.2649110640673518,9,0.0,0.9,0.9,0.14285714285714285,50.87
flat30-71,flat_graphs,flat30-98,flat30-71.cnf,90,300,3.3333333333333335,2.1,0.3,7.0,1.3165611772087666,9,0.0,0.9,0.9,0.14285714285714285,43.84999999999998
flat30-22,flat_graphs,flat30-98,flat30-22.cnf,90,300,3.3333333333333335,2.1,0.3,7.0,1.390443574307614,9,0.0,0.9,0.9,0.14285714285714285,38.259999999999984
flat30-45,flat_graphs,flat30-98,flat30-45.cnf,90,300,3.3333333333333335,2.1,0.3,7.0,1.4605934866804429,9,0.0,0.9,0.9,0.14285714285714285,80.09000000000003
flat30-96,flat_graphs,flat30-98,flat30-96.cnf,90,300,3.3333333333333335,2.1,0.3,7.0,1.3662601021279464,9,0.0,0.9,0.9,0.14285714285714285,59.48999999999999
flat30-17,flat_graphs,flat30-98,flat30-17.cnf,90,300,3.3333333333333335,2.1,0.3,7.0,1.2110601416389966,9,0.0,0.9,0.9,0.14285714285714285,55.68000000000001
flat30-74,flat_graphs,flat30-98,flat30-74.cnf,90,300,3.3333333333333335,2.1,0.3,7.0,1.4375905768565216,9,0.0,0.9,0.9,0.14285714285714285,74.13000000000004
flat30-19,flat_graphs,flat30-98,flat30-19.cnf,90,300,3.3333333333333335,2.1,0.3,7.0,1.3662601021279464,9,0.0,0.9,0.9,0.14285714285714285,27.659999999999986
flat30-51,flat_graphs,flat30-98,flat30-51.cnf,90,300,3.3333333333333335,2.1,0.3,7.0,1.4142135623730951,9,0.0,0.9,0.9,0.14285714285714285,51.77
flat30-86,flat_graphs,flat30-98,flat30-86.cnf,90,300,3.3333333333333335,2.1,0.3,7.0,1.3662601021279464,9,0.0,0.9,0.9,0.14285714285714285,57.999999999999986
flat30-34,flat_graphs,flat30-98,flat30-34.cnf,90,300,3.3333333333333335,2.1,0.3,7.0,1.4142135623730951,9,0.0,0.9,0.9,0.14285714285714285,45.87
flat30-93,flat_graphs,flat30-98,flat30-93.cnf,90,300,3.3333333333333335,2.1,0.3,7.0,1.4375905768565216,9,0.0,0.9,0.9,0.14285714285714285,60.4
flat30-13,flat_graphs,flat30-98,flat30-13.cnf,90,300,3.3333333333333335,2.1,0.3,7.0,1.1254628677422756,9,0.0,0.9,0.9,0.14285714285714285,63.78000000000002
flat30-69,flat_graphs,flat30-98,flat30-69.cnf,90,300,3.3333333333333335,2.1,0.3,7.0,1.2110601416389966,9,0.0,0.9,0.9,0.14285714285714285,47.410000000000025
flat30-68,flat_graphs,flat30-98,flat30-68.cnf,90,300,3.3333333333333335,2.1,0.3,7.0,1.3662601021279464,9,0.0,0.9,0.9,0.14285714285714285,53.970000000000006
flat30-40,flat_graphs,flat30-98,flat30-40.cnf,90,300,3.3333333333333335,2.1,0.3,7.0,1.1832159566199232,9,0.0,0.9,0.9,0.14285714285714285,52.97999999999999
flat30-23,flat_graphs,flat30-98,flat30-23.cnf,90,300,3.3333333333333335,2.1,0.3,7.0,1.4832396974191326,9,0.0,0.9,0.9,0.14285714285714285,52.38000000000002
flat30-53,flat_graphs,flat30-98,flat30-53.cnf,90,300,3.3333333333333335,2.1,0.3,7.0,1.3416407864998738,9,0.0,0.9,0.9,0.14285714285714285,30.239999999999988
flat30-4,flat_graphs,flat30-98,flat30-4.cnf,90,300,3.3333333333333335,2.1,0.3,7.0,1.0954451150103321,9,0.0,0.9,0.9,0.14285714285714285,51.37
flat30-15,flat_graphs,flat30-98,flat30-15.cnf,90,300,3.3333333333333335,2.1,0.3,7.0,1.2110601416389966,9,0.0,0.9,0.9,0.14285714285714285,42.28999999999999
flat30-95,flat_graphs,flat30-98,flat30-95.cnf,90,300,3.3333333333333335,2.1,0.3,7.0,1.3165611772087666,9,0.0,0.9,0.9,0.14285714285714285,31.359999999999978
flat30-33,flat_graphs,flat30-98,flat30-33.cnf,90,300,3.3333333333333335,2.1,0.3,7.0,1.2909944487358056,9,0.0,0.9,0.9,0.14285714285714285,93.90999999999998
flat30-26,flat_graphs,flat30-98,flat30-26.cnf,90,300,3.3333333333333335,2.1,0.3,7.0,1.4142135623730951,9,0.0,0.9,0.9,0.14285714285714285,28.58999999999998
flat30-82,flat_graphs,flat30-98,flat30-82.cnf,90,300,3.3333333333333335,2.1,0.3,7.0,1.4375905768565216,9,0.0,0.9,0.9,0.14285714285714285,46.94999999999999
flat30-31,flat_graphs,flat30-98,flat30-31.cnf,90,300,3.3333333333333335,2.1,0.3,7.0,1.4605934866804429,9,0.0,0.9,0.9,0.14285714285714285,89.59000000000005
flat30-65,flat_graphs,flat30-98,flat30-65.cnf,90,300,3.3333333333333335,2.1,0.3,7.0,1.2110601416389966,9,0.0,0.9,0.9,0.14285714285714285,62.939999999999976
flat30-20,flat_graphs,flat30-98,flat30-20.cnf,90,300,3.3333333333333335,2.1,0.3,7.0,1.4832396974191326,9,0.0,0.9,0.9,0.14285714285714285,42.730000000000004
flat30-30,flat_graphs,flat30-98,flat30-30.cnf,90,300,3.3333333333333335,2.1,0.3,7.0,1.5491933384829668,9,0.0,0.9,0.9,0.14285714285714285,37.17
flat30-11,flat_graphs,flat30-98,flat30-11.cnf,90,300,3.3333333333333335,2.1,0.3,7.0,1.3416407864998738,9,0.0,0.9,0.9,0.14285714285714285,56.589999999999996
flat30-24,flat_graphs,flat30-98,flat30-24.cnf,90,300,3.3333333333333335,2.1,0.3,7.0,1.2110601416389966,9,0.0,0.9,0.9,0.14285714285714285,45.79000000000001
flat30-43,flat_graphs,flat30-98,flat30-43.cnf,90,300,3.3333333333333335,2.1,0.3,7.0,1.6532795690182993,9,0.0,0.9,0.9,0.14285714285714285,116.68
flat30-16,flat_graphs,flat30-98,flat30-16.cnf,90,300,3.3333333333333335,2.1,0.3,7.0,1.2110601416389966,9,0.0,0.9,0.9,0.14285714285714285,35.059999999999974
flat30-8,flat_graphs,flat30-98,flat30-8.cnf,90,300,3.3333333333333335,2.1,0.3,7.0,1.2649110640673518,9,0.0,0.9,0.9,0.14285714285714285,37.86000000000001
flat30-14,flat_graphs,flat30-98,flat30-14.cnf,90,300,3.3333333333333335,2.1,0.3,7.0,1.3165611772087666,9,0.0,0.9,0.9,0.14285714285714285,61.63999999999999
flat30-67,flat_graphs,flat30-98,flat30-67.cnf,90,300,3.3333333333333335,2.1,0.3,7.0,1.1254628677422756,9,0.0,0.9,0.9,0.14285714285714285,31.629999999999985
flat30-41,flat_graphs,flat30-98,flat30-41.cnf,90,300,3.3333333333333335,2.1,0.3,7.0,1.1547005383792515,9,0.0,0.9,0.9,0.14285714285714285,51.21999999999999
flat30-9,flat_graphs,flat30-98,flat30-9.cnf,90,300,3.3333333333333335,2.1,0.3,7.0,1.3165611772087666,9,0.0,0.9,0.9,0.14285714285714285,79.34000000000003
flat30-6,flat_graphs,flat30-98,flat30-6.cnf,90,300,3.3333333333333335,2.1,0.3,7.0,1.2649110640673518,9,0.0,0.9,0.9,0.14285714285714285,74.11000000000003
flat30-99,flat_graphs,flat30-98,flat30-99.cnf,90,300,3.3333333333333335,2.1,0.3,7.0,1.1832159566199232,9,0.0,0.9,0.9,0.14285714285714285,99.28000000000014
flat30-58,flat_graphs,flat30-98,flat30-58.cnf,90,300,3.3333333333333335,2.1,0.3,7.0,1.2649110640673518,9,0.0,0.9,0.9,0.14285714285714285,23.999999999999986
flat30-48,flat_graphs,flat30-98,flat30-48.cnf,90,300,3.3333333333333335,2.1,0.3,7.0,1.2909944487358056,9,0.0,0.9,0.9,0.14285714285714285,68.09
flat30-54,flat_graphs,flat30-98,flat30-54.cnf,90,300,3.3333333333333335,2.1,0.3,7.0,1.1832159566199232,9,0.0,0.9,0.9,0.14285714285714285,60.010000000000005
flat30-7,flat_graphs,flat30-98,flat30-7.cnf,90,300,3.3333333333333335,2.1,0.3,7.0,1.6124515496597098,9,0.0,0.9,0.9,0.14285714285714285,59.12999999999999
flat30-50,flat_graphs,flat30-98,flat30-50.cnf,90,300,3.3333333333333335,2.1,0.3,7.0,1.2382783747337807,9,0.0,0.9,0.9,0.14285714285714285,91.97000000000013
flat30-70,flat_graphs,flat30-98,flat30-70.cnf,90,300,3.3333333333333335,2.1,0.3,7.0,1.2909944487358056,9,0.0,0.9,0.9,0.14285714285714285,48.699999999999996
flat30-64,flat_graphs,flat30-98,flat30-64.cnf,90,300,3.3333333333333335,2.1,0.3,7.0,1.2382783747337807,9,0.0,0.9,0.9,0.14285714285714285,71.16000000000003
flat30-97,flat_graphs,flat30-98,flat30-97.cnf,90,300,3.3333333333333335,2.1,0.3,7.0,1.2909944487358056,9,0.0,0.9,0.9,0.14285714285714285,49.33000000000001
flat30-80,flat_graphs,flat30-98,flat30-80.cnf,90,300,3.3333333333333335,2.1,0.3,7.0,1.2909944487358056,9,0.0,0.9,0.9,0.14285714285714285,37.14999999999999
flat30-46,flat_graphs,flat30-98,flat30-46.cnf,90,300,3.3333333333333335,2.1,0.3,7.0,1.7320508075688772,9,0.0,0.9,0.9,0.14285714285714285,45.94999999999998
flat30-61,flat_graphs,flat30-98,flat30-61.cnf,90,300,3.3333333333333335,2.1,0.3,7.0,1.1254628677422756,9,0.0,0.9,0.9,0.14285714285714285,113.04999999999998
flat30-52,flat_graphs,flat30-98,flat30-52.cnf,90,300,3.3333333333333335,2.1,0.3,7.0,1.5275252316519468,9,0.0,0.9,0.9,0.14285714285714285,50.83999999999999
flat30-98,flat_graphs,flat30-98,flat30-98.cnf,90,300,3.3333333333333335,2.1,0.3,7.0,1.3416407864998738,9,0.0,0.9,0.9,0.14285714285714285,54.989999999999995
flat30-60,flat_graphs,flat30-98,flat30-60.cnf,90,300,3.3333333333333335,2.1,0.3,7.0,1.2909944487358056,9,0.0,0.9,0.9,0.14285714285714285,64.87
flat30-77,flat_graphs,flat30-98,flat30-77.cnf,90,300,3.3333333333333335,2.1,0.3,7.0,1.3416407864998738,9,0.0,0.9,0.9,0.14285714285714285,33.03999999999997
flat30-38,flat_graphs,flat30-98,flat30-38.cnf,90,300,3.3333333333333335,2.1,0.3,7.0,1.5275252316519468,9,0.0,0.9,0.9,0.14285714285714285,33.42999999999997
flat30-94,flat_graphs,flat30-98,flat30-94.cnf,90,300,3.3333333333333335,2.1,0.3,7.0,1.2382783747337807,9,0.0,0.9,0.9,0.14285714285714285,59.55000000000001
flat30-62,flat_graphs,flat30-98,flat30-62.cnf,90,300,3.3333333333333335,2.1,0.3,7.0,1.2649110640673518,9,0.0,0.9,0.9,0.14285714285714285,34.75999999999999
flat30-66,flat_graphs,flat30-98,flat30-66.cnf,90,300,3.3333333333333335,2.1,0.3,7.0,1.2110601416389966,9,0.0,0.9,0.9,0.14285714285714285,76.27000000000005
flat30-85,flat_graphs,flat30-98,flat30-85.cnf,90,300,3.3333333333333335,2.1,0.3,7.0,1.3662601021279464,9,0.0,0.9,0.9,0.14285714285714285,49.65000000000003
flat30-42,flat_graphs,flat30-98,flat30-42.cnf,90,300,3.3333333333333335,2.1,0.3,7.0,1.2909944487358056,9,0.0,0.9,0.9,0.14285714285714285,92.05000000000003
flat30-35,flat_graphs,flat30-98,flat30-35.cnf,90,300,3.3333333333333335,2.1,0.3,7.0,1.3662601021279464,9,0.0,0.9,0.9,0.14285714285714285,46.779999999999994
flat30-10,flat_graphs,flat30-98,flat30-10.cnf,90,300,3.3333333333333335,2.1,0.3,7.0,1.4142135623730951,9,0.0,0.9,0.9,0.14285714285714285,45.31999999999999
flat30-56,flat_graphs,flat30-98,flat30-56.cnf,90,300,3.3333333333333335,2.1,0.3,7.0,1.2110601416389966,9,0.0,0.9,0.9,0.14285714285714285,53.04999999999997
flat30-28,flat_graphs,flat30-98,flat30-28.cnf,90,300,3.3333333333333335,2.1,0.3,7.0,1.2909944487358056,9,0.0,0.9,0.9,0.14285714285714285,75.23
flat30-100,flat_graphs,flat30-98,flat30-100.cnf,90,300,3.3333333333333335,2.1,0.3,7.0,1.2909944487358056,9,0.0,0.9,0.9,0.14285714285714285,62.980000000000004
flat30-3,flat_graphs,flat30-98,flat30-3.cnf,90,300,3.3333333333333335,2.1,0.3,7.0,1.0954451150103321,9,0.0,0.9,0.9,0.14285714285714285,57.51999999999998
flat30-88,flat_graphs,flat30-98,flat30-88.cnf,90,300,3.3333333333333335,2.1,0.3,7.0,1.0645812948447542,9,0.0,0.9,0.9,0.14285714285714285,48.93999999999998
flat30-91,flat_graphs,flat30-98,flat30-91.cnf,90,300,3.3333333333333335,2.1,0.3,7.0,1.4142135623730951,9,0.0,0.9,0.9,0.14285714285714285,44.35
flat30-76,flat_graphs,flat30-98,flat30-76.cnf,90,300,3.3333333333333335,2.1,0.3,7.0,1.3416407864998738,9,0.0,0.9,0.9,0.14285714285714285,44.11999999999999
flat30-87,flat_graphs,flat30-98,flat30-87.cnf,90,300,3.3333333333333335,2.1,0.3,7.0,1.5275252316519468,9,0.0,0.9,0.9,0.14285714285714285,58.02999999999998
flat30-83,flat_graphs,flat30-98,flat30-83.cnf,90,300,3.3333333333333335,2.1,0.3,7.0,1.3165611772087666,9,0.0,0.9,0.9,0.14285714285714285,65.46000000000001
flat30-27,flat_graphs,flat30-98,flat30-27.cnf,90,300,3.3333333333333335,2.1,0.3,7.0,1.3416407864998738,9,0.0,0.9,0.9,0.14285714285714285,49.00999999999999
flat30-63,flat_graphs,flat30-98,flat30-63.cnf,90,300,3.3333333333333335,2.1,0.3,7.0,1.1254628677422756,9,0.0,0.9,0.9,0.14285714285714285,43.99999999999999
flat30-73,flat_graphs,flat30-98,flat30-73.cnf,90,300,3.3333333333333335,2.1,0.3,7.0,1.1547005383792515,9,0.0,0.9,0.9,0.14285714285714285,71.35
flat30-21,flat_graphs,flat30-98,flat30-21.cnf,90,300,3.3333333333333335,2.1,0.3,7.0,1.4605934866804429,9,0.0,0.9,0.9,0.14285714285714285,48.119999999999976
flat30-92,flat_graphs,flat30-98,flat30-92.cnf,90,300,3.3333333333333335,2.1,0.3,7.0,1.505545305418162,9,0.0,0.9,0.9,0.14285714285714285,79.57000000000001
flat30-55,flat_graphs,flat30-98,flat30-55.cnf,90,300,3.3333333333333335,2.1,0.3,7.0,1.1832159566199232,9,0.0,0.9,0.9,0.14285714285714285,62.36999999999999
flat200-84,flat_graphs,flat200-479,flat200-84.cnf,600,2237,3.7283333333333335,2.089405453732678,0.2853280893559758,7.79,1.762356377126942,11,0.0,0.9105945462673223,0.9105945462673223,0.12836970474967907,400.01000000000033
flat200-57,flat_graphs,flat200-479,flat200-57.cnf,600,2237,3.7283333333333335,2.089405453732678,0.2853280893559758,7.79,1.859005110267317,11,0.0,0.9105945462673223,0.9105945462673223,0.12836970474967907,401.27
flat200-72,flat_graphs,flat200-479,flat200-72.cnf,600,2237,3.7283333333333335,2.089405453732678,0.2853280893559758,7.79,1.695847870535562,11,0.0,0.9105945462673223,0.9105945462673223,0.12836970474967907,400.22999999999996
flat200-5,flat_graphs,flat200-479,flat200-5.cnf,600,2237,3.7283333333333335,2.089405453732678,0.2853280893559758,7.79,1.7134468185502578,11,0.0,0.9105945462673223,0.9105945462673223,0.12836970474967907,402.28000000000014
flat200-49,flat_graphs,flat200-479,flat200-49.cnf,600,2237,3.7283333333333335,2.089405453732678,0.2853280893559758,7.79,1.8237050200073475,11,0.0,0.9105945462673223,0.9105945462673223,0.12836970474967907,400.09000000000026
flat200-44,flat_graphs,flat200-479,flat200-44.cnf,600,2237,3.7283333333333335,2.089405453732678,0.2853280893559758,7.79,1.8291801442176219,11,0.0,0.9105945462673223,0.9105945462673223,0.12836970474967907,400.04000000000013
flat200-29,flat_graphs,flat200-479,flat200-29.cnf,600,2237,3.7283333333333335,2.089405453732678,0.2853280893559758,7.79,1.7905027227010855,11,0.0,0.9105945462673223,0.9105945462673223,0.12836970474967907,389.71000000000043
flat200-81,flat_graphs,flat200-479,flat200-81.cnf,600,2237,3.7283333333333335,2.089405453732678,0.2853280893559758,7.79,1.6327584022138733,11,0.0,0.9105945462673223,0.9105945462673223,0.12836970474967907,412.0599999999999
flat200-18,flat_graphs,flat200-479,flat200-18.cnf,600,2237,3.7283333333333335,2.089405453732678,0.2853280893559758,7.79,1.8482153554172198,11,0.0,0.9105945462673223,0.9105945462673223,0.12836970474967907,399.31000000000006
flat200-1,flat_graphs,flat200-479,flat200-1.cnf,600,2237,3.7283333333333335,2.089405453732678,0.2853280893559758,7.79,1.7017344093600506,11,0.0,0.9105945462673223,0.9105945462673223,0.12836970474967907,400.0200000000002
flat200-25,flat_graphs,flat200-479,flat200-25.cnf,600,2237,3.7283333333333335,2.089405453732678,0.2853280893559758,7.79,1.7509711591000008,11,0.0,0.9105945462673223,0.9105945462673223,0.12836970474967907,400.0200000000002
flat200-36,flat_graphs,flat200-479,flat200-36.cnf,600,2237,3.7283333333333335,2.089405453732678,0.2853280893559758,7.79,1.6600903589865221,11,0.0,0.9105945462673223,0.9105945462673223,0.12836970474967907,400.62000000000023
flat200-75,flat_graphs,flat200-479,flat200-75.cnf,600,2237,3.7283333333333335,2.089405453732678,0.2853280893559758,7.79,1.7337531542869649,11,0.0,0.9105945462673223,0.9105945462673223,0.12836970474967907,390.03000000000003
flat200-39,flat_graphs,flat200-479,flat200-39.cnf,600,2237,3.7283333333333335,2.089405453732678,0.2853280893559758,7.79,1.7651912077732543,11,0.0,0.9105945462673223,0.9105945462673223,0.12836970474967907,399.5600000000004
flat200-90,flat_graphs,flat200-479,flat200-90.cnf,600,2237,3.7283333333333335,2.089405453732678,0.2853280893559758,7.79,1.8209612845966825,11,0.0,0.9105945462673223,0.9105945462673223,0.12836970474967907,400.4400000000002
flat200-12,flat_graphs,flat200-479,flat200-12.cnf,600,2237,3.7283333333333335,2.089405453732678,0.2853280893559758,7.79,1.8182134088164679,11,0.0,0.9105945462673223,0.9105945462673223,0.12836970474967907,396.2500000000002
flat200-78,flat_graphs,flat200-479,flat200-78.cnf,600,2237,3.7283333333333335,2.089405453732678,0.2853280893559758,7.79,1.8563135511006754,11,0.0,0.9105945462673223,0.9105945462673223,0.12836970474967907,399.5900000000004
flat200-79,flat_graphs,flat200-479,flat200-79.cnf,600,2237,3.7283333333333335,2.089405453732678,0.2853280893559758,7.79,1.7017344093600506,11,0.0,0.9105945462673223,0.9105945462673223,0.12836970474967907,400.0100000000003
flat200-2,flat_graphs,flat200-479,flat200-2.cnf,600,2237,3.7283333333333335,2.089405453732678,0.2853280893559758,7.79,1.7452506983238827,11,0.0,0.9105945462673223,0.9105945462673223,0.12836970474967907,397.5500000000001
flat200-37,flat_graphs,flat200-479,flat200-37.cnf,600,2237,3.7283333333333335,2.089405453732678,0.2853280893559758,7.79,1.7395114256595154,11,0.0,0.9105945462673223,0.9105945462673223,0.12836970474967907,399.6600000000001
flat200-59,flat_graphs,flat200-479,flat200-59.cnf,600,2237,3.7283333333333335,2.089405453732678,0.2853280893559758,7.79,1.7764852940567788,11,0.0,0.9105945462673223,0.9105945462673223,0.12836970474967907,400.02000000000055
flat200-89,flat_graphs,flat200-479,flat200-89.cnf,600,2237,3.7283333333333335,2.089405453732678,0.2853280893559758,7.79,1.7509711591000008,11,0.0,0.9105945462673223,0.9105945462673223,0.12836970474967907,412.15000000000003
flat200-32,flat_graphs,flat200-479,flat200-32.cnf,600,2237,3.7283333333333335,2.089405453732678,0.2853280893559758,7.79,1.8670565069113467,11,0.0,0.9105945462673223,0.9105945462673223,0.12836970474967907,400.0000000000001
flat200-47,flat_graphs,flat200-479,flat200-47.cnf,600,2237,3.7283333333333335,2.089405453732678,0.2853280893559758,7.79,1.8697326012026425,11,0.0,0.9105945462673223,0.9105945462673223,0.12836970474967907,385.3700000000001
flat200-71,flat_graphs,flat200-479,flat200-71.cnf,600,2237,3.7283333333333335,2.089405453732678,0.2853280893559758,7.79,1.756672991765969,11,0.0,0.9105945462673223,0.9105945462673223,0.12836970474967907,391.70000000000005
flat200-22,flat_graphs,flat200-479,flat200-22.cnf,600,2237,3.7283333333333335,2.089405453732678,0.2853280893559758,7.79,1.719273102215003,11,0.0,0.9105945462673223,0.9105945462673223,0.12836970474967907,400.02000000000027
flat200-45,flat_graphs,flat200-479,flat200-45.cnf,600,2237,3.7283333333333335,2.089405453732678,0.2853280893559758,7.79,1.6235455029040609,11,0.0,0.9105945462673223,0.9105945462673223,0.12836970474967907,399.75000000000006
flat200-96,flat_graphs,flat200-479,flat200-96.cnf,600,2237,3.7283333333333335,2.089405453732678,0.2853280893559758,7.79,1.635817838269286,11,0.0,0.9105945462673223,0.9105945462673223,0.12836970474967907,399.7000000000003
flat200-17,flat_graphs,flat200-479,flat200-17.cnf,600,2237,3.7283333333333335,2.089405453732678,0.2853280893559758,7.79,1.7279756942735045,11,0.0,0.9105945462673223,0.9105945462673223,0.12836970474967907,400.02
flat200-74,flat_graphs,flat200-479,flat200-74.cnf,600,2237,3.7283333333333335,2.089405453732678,0.2853280893559758,7.79,1.768021493082027,11,0.0,0.9105945462673223,0.9105945462673223,0.12836970474967907,400.1600000000002
flat200-19,flat_graphs,flat200-479,flat200-19.cnf,600,2237,3.7283333333333335,2.089405453732678,0.2853280893559758,7.79,1.7932930602665031,11,0.0,0.9105945462673223,0.9105945462673223,0.12836970474967907,400.0500000000006
flat200-51,flat_graphs,flat200-479,flat200-51.cnf,600,2237,3.7283333333333335,2.089405453732678,0.2853280893559758,7.79,1.9276669836877947,11,0.0,0.9105945462673223,0.9105945462673223,0.12836970474967907,401.0900000000003
flat200-86,flat_graphs,flat200-479,flat200-86.cnf,600,2237,3.7283333333333335,2.089405453732678,0.2853280893559758,7.79,1.719273102215003,11,0.0,0.9105945462673223,0.9105945462673223,0.12836970474967907,400.23999999999995
flat200-34,flat_graphs,flat200-479,flat200-34.cnf,600,2237,3.7283333333333335,2.089405453732678,0.2853280893559758,7.79,1.7932930602665031,11,0.0,0.9105945462673223,0.9105945462673223,0.12836970474967907,404.59
flat200-93,flat_graphs,flat200-479,flat200-93.cnf,600,2237,3.7283333333333335,2.089405453732678,0.2853280893559758,7.79,1.8264446337077946,11,0.0,0.9105945462673223,0.9105945462673223,0.12836970474967907,400.0400000000002
flat200-13,flat_graphs,flat200-479,flat200-13.cnf,600,2237,3.7283333333333335,2.089405453732678,0.2853280893559758,7.79,1.595587666034054,11,0.0,0.9105945462673223,0.9105945462673223,0.12836970474967907,405.3400000000001
flat200-69,flat_graphs,flat200-479,flat200-69.cnf,600,2237,3.7283333333333335,2.089405453732678,0.2853280893559758,7.79,1.730866834854721,11,0.0,0.9105945462673223,0.9105945462673223,0.12836970474967907,392.68000000000006
flat200-68,flat_graphs,flat200-479,flat200-68.cnf,600,2237,3.7283333333333335,2.089405453732678,0.2853280893559758,7.79,1.7134468185502578,11,0.0,0.9105945462673223,0.9105945462673223,0.12836970474967907,396.7300000000003
flat200-40,flat_graphs,flat200-479,flat200-40.cnf,600,2237,3.7283333333333335,2.089405453732678,0.2853280893559758,7.79,1.8346389290538887,11,0.0,0.9105945462673223,0.9105945462673223,0.12836970474967907,399.2700000000002
flat200-23,flat_graphs,flat200-479,flat200-23.cnf,600,2237,3.7283333333333335,2.089405453732678,0.2853280893559758,7.79,1.9198697872512083,11,0.0,0.9105945462673223,0.9105945462673223,0.12836970474967907,400.0500000000002
flat200-53,flat_graphs,flat200-479,flat200-53.cnf,600,2237,3.7283333333333335,2.089405453732678,0.2853280893559758,7.79,1.7764852940567788,11,0.0,0.9105945462673223,0.9105945462673223,0.12836970474967907,352.62
flat200-4,flat_graphs,flat200-479,flat200-4.cnf,600,2237,3.7283333333333335,2.089405453732678,0.2853280893559758,7.79,1.6510299815569673,11,0.0,0.9105945462673223,0.9105945462673223,0.12836970474967907,400.04000000000013
flat200-15,flat_graphs,flat200-479,flat200-15.cnf,600,2237,3.7283333333333335,2.089405453732678,0.2853280893559758,7.79,1.8044112613259762,11,0.0,0.9105945462673223,0.9105945462673223,0.12836970474967907,400.59
flat200-95,flat_graphs,flat200-479,flat200-95.cnf,600,2237,3.7283333333333335,2.089405453732678,0.2853280893559758,7.79,1.762356377126942,11,0.0,0.9105945462673223,0.9105945462673223,0.12836970474967907,397.0600000000002
flat200-33,flat_graphs,flat200-479,flat200-33.cnf,600,2237,3.7283333333333335,2.089405453732678,0.2853280893559758,7.79,1.6928969253915018,11,0.0,0.9105945462673223,0.9105945462673223,0.12836970474967907,399.97000000000025
flat200-26,flat_graphs,flat200-479,flat200-26.cnf,600,2237,3.7283333333333335,2.089405453732678,0.2853280893559758,7.79,1.59245094115957,11,0.0,0.9105945462673223,0.9105945462673223,0.12836970474967907,400.28000000000014
flat200-82,flat_graphs,flat200-479,flat200-82.cnf,600,2237,3.7283333333333335,2.089405453732678,0.2853280893559758,7.79,1.8044112613259762,11,0.0,0.9105945462673223,0.9105945462673223,0.12836970474967907,400.0300000000001
flat200-31,flat_graphs,flat200-479,flat200-31.cnf,600,2237,3.7283333333333335,2.089405453732678,0.2853280893559758,7.79,1.7905027227010855,11,0.0,0.9105945462673223,0.9105945462673223,0.12836970474967907,400.0000000000002
flat200-65,flat_graphs,flat200-479,flat200-65.cnf,600,2237,3.7283333333333335,2.089405453732678,0.2853280893559758,7.79,1.8346389290538887,11,0.0,0.9105945462673223,0.9105945462673223,0.12836970474967907,400.02000000000027
flat200-20,flat_graphs,flat200-479,flat200-20.cnf,600,2237,3.7283333333333335,2.089405453732678,0.2853280893559758,7.79,1.8563135511006754,11,0.0,0.9105945462673223,0.9105945462673223,0.12836970474967907,410.64999999999986
flat200-30,flat_graphs,flat200-479,flat200-30.cnf,600,2237,3.7283333333333335,2.089405453732678,0.2853280893559758,7.79,1.7337531542869649,11,0.0,0.9105945462673223,0.9105945462673223,0.12836970474967907,189.45
flat200-11,flat_graphs,flat200-479,flat200-11.cnf,600,2237,3.7283333333333335,2.089405453732678,0.2853280893559758,7.79,1.8099447505379826,11,0.0,0.9105945462673223,0.9105945462673223,0.12836970474967907,397.73000000000025
flat200-24,flat_graphs,flat200-479,flat200-24.cnf,600,2237,3.7283333333333335,2.089405453732678,0.2853280893559758,7.79,1.8346389290538887,11,0.0,0.9105945462673223,0.9105945462673223,0.12836970474967907,400.36
flat200-43,flat_graphs,flat200-479,flat200-43.cnf,600,2237,3.7283333333333335,2.089405453732678,0.2853280893559758,7.79,1.6600903589865221,11,0.0,0.9105945462673223,0.9105945462673223,0.12836970474967907,400.61000000000024
flat200-16,flat_graphs,flat200-479,flat200-16.cnf,600,2237,3.7283333333333335,2.089405453732678,0.2853280893559758,7.79,1.762356377126942,11,0.0,0.9105945462673223,0.9105945462673223,0.12836970474967907,399.20000000000016
flat200-8,flat_graphs,flat200-479,flat200-8.cnf,600,2237,3.7283333333333335,2.089405453732678,0.2853280893559758,7.79,1.6928969253915018,11,0.0,0.9105945462673223,0.9105945462673223,0.12836970474967907,400.0100000000004
flat200-14,flat_graphs,flat200-479,flat200-14.cnf,600,2237,3.7283333333333335,2.089405453732678,0.2853280893559758,7.79,1.6780643611018022,11,0.0,0.9105945462673223,0.9105945462673223,0.12836970474967907,396.98000000000025
flat200-67,flat_graphs,flat200-479,flat200-67.cnf,600,2237,3.7283333333333335,2.089405453732678,0.2853280893559758,7.79,1.7076006558911834,11,0.0,0.9105945462673223,0.9105945462673223,0.12836970474967907,400.0399999999999
flat200-41,flat_graphs,flat200-479,flat200-41.cnf,600,2237,3.7283333333333335,2.089405453732678,0.2853280893559758,7.79,1.7046700560519035,11,0.0,0.9105945462673223,0.9105945462673223,0.12836970474967907,400.03000000000037
flat200-9,flat_graphs,flat200-479,flat200-9.cnf,600,2237,3.7283333333333335,2.089405453732678,0.2853280893559758,7.79,1.8482153554172198,11,0.0,0.9105945462673223,0.9105945462673223,0.12836970474967907,400.29000000000025
flat200-6,flat_graphs,flat200-479,flat200-6.cnf,600,2237,3.7283333333333335,2.089405453732678,0.2853280893559758,7.79,1.8803988938520464,11,0.0,0.9105945462673223,0.9105945462673223,0.12836970474967907,404.2400000000002
flat200-99,flat_graphs,flat200-479,flat200-99.cnf,600,2237,3.7283333333333335,2.089405453732678,0.2853280893559758,7.79,1.812705160802495,11,0.0,0.9105945462673223,0.9105945462673223,0.12836970474967907,400.0500000000002
flat200-58,flat_graphs,flat200-479,flat200-58.cnf,600,2237,3.7283333333333335,2.089405453732678,0.2853280893559758,7.79,1.695847870535562,11,0.0,0.9105945462673223,0.9105945462673223,0.12836970474967907,400.0000000000003
flat200-48,flat_graphs,flat200-479,flat200-48.cnf,600,2237,3.7283333333333335,2.089405453732678,0.2853280893559758,7.79,1.7960790628477357,11,0.0,0.9105945462673223,0.9105945462673223,0.12836970474967907,399.45000000000016
flat200-54,flat_graphs,flat200-479,flat200-54.cnf,600,2237,3.7283333333333335,2.089405453732678,0.2853280893559758,7.79,1.8237050200073475,11,0.0,0.9105945462673223,0.9105945462673223,0.12836970474967907,283.04999999999995
flat200-7,flat_graphs,flat200-479,flat200-7.cnf,600,2237,3.7283333333333335,2.089405453732678,0.2853280893559758,7.79,1.6661032380978076,11,0.0,0.9105945462673223,0.9105945462673223,0.12836970474967907,387.0600000000002
flat200-50,flat_graphs,flat200-479,flat200-50.cnf,600,2237,3.7283333333333335,2.089405453732678,0.2853280893559758,7.79,1.7736685146892583,11,0.0,0.9105945462673223,0.9105945462673223,0.12836970474967907,404.84000000000003
flat200-70,flat_graphs,flat200-479,flat200-70.cnf,600,2237,3.7283333333333335,2.089405453732678,0.2853280893559758,7.79,1.7395114256595154,11,0.0,0.9105945462673223,0.9105945462673223,0.12836970474967907,399.19000000000005
flat200-64,flat_graphs,flat200-479,flat200-64.cnf,600,2237,3.7283333333333335,2.089405453732678,0.2853280893559758,7.79,1.8154613738661585,11,0.0,0.9105945462673223,0.9105945462673223,0.12836970474967907,402.91999999999996
flat200-97,flat_graphs,flat200-479,flat200-97.cnf,600,2237,3.7283333333333335,2.089405453732678,0.2853280893559758,7.79,1.7017344093600506,11,0.0,0.9105945462673223,0.9105945462673223,0.12836970474967907,408.81999999999994
flat200-80,flat_graphs,flat200-479,flat200-80.cnf,600,2237,3.7283333333333335,2.089405453732678,0.2853280893559758,7.79,1.7452506983238827,11,0.0,0.9105945462673223,0.9105945462673223,0.12836970474967907,400.5800000000001
flat200-46,flat_graphs,flat200-479,flat200-46.cnf,600,2237,3.7283333333333335,2.089405453732678,0.2853280893559758,7.79,1.8400815199332883,11,0.0,0.9105945462673223,0.9105945462673223,0.12836970474967907,400.24000000000024
flat200-61,flat_graphs,flat200-479,flat200-61.cnf,600,2237,3.7283333333333335,2.089405453732678,0.2853280893559758,7.79,1.7905027227010855,11,0.0,0.9105945462673223,0.9105945462673223,0.12836970474967907,396.93000000000006
flat200-52,flat_graphs,flat200-479,flat200-52.cnf,600,2237,3.7283333333333335,2.089405453732678,0.2853280893559758,7.79,1.66910155472937,11,0.0,0.9105945462673223,0.9105945462673223,0.12836970474967907,400.0400000000002
flat200-98,flat_graphs,flat200-479,flat200-98.cnf,600,2237,3.7283333333333335,2.089405453732678,0.2853280893559758,7.79,1.595587666034054,11,0.0,0.9105945462673223,0.9105945462673223,0.12836970474967907,400.28000000000026
flat200-60,flat_graphs,flat200-479,flat200-60.cnf,600,2237,3.7283333333333335,2.089405453732678,0.2853280893559758,7.79,1.8373622397339073,11,0.0,0.9105945462673223,0.9105945462673223,0.12836970474967907,400.3600000000001
flat200-77,flat_graphs,flat200-479,flat200-77.cnf,600,2237,3.7283333333333335,2.089405453732678,0.2853280893559758,7.79,1.7960790628477357,11,0.0,0.9105945462673223,0.9105945462673223,0.12836970474967907,400.05000000000007
flat200-38,flat_graphs,flat200-479,flat200-38.cnf,600,2237,3.7283333333333335,2.089405453732678,0.2853280893559758,7.79,1.7366346766087564,11,0.0,0.9105945462673223,0.9105945462673223,0.12836970474967907,399.33000000000015
flat200-94,flat_graphs,flat200-479,flat200-94.cnf,600,2237,3.7283333333333335,2.089405453732678,0.2853280893559758,7.79,1.6235455029040609,11,0.0,0.9105945462673223,0.9105945462673223,0.12836970474967907,387.73000000000025
flat200-62,flat_graphs,flat200-479,flat200-62.cnf,600,2237,3.7283333333333335,2.089405453732678,0.2853280893559758,7.79,1.8563135511006754,11,0.0,0.9105945462673223,0.9105945462673223,0.12836970474967907,408.41999999999996
flat200-66,flat_graphs,flat200-479,flat200-66.cnf,600,2237,3.7283333333333335,2.089405453732678,0.2853280893559758,7.79,1.6661032380978076,11,0.0,0.9105945462673223,0.9105945462673223,0.12836970474967907,393.0100000000001
flat200-85,flat_graphs,flat200-479,flat200-85.cnf,600,2237,3.7283333333333335,2.089405453732678,0.2853280893559758,7.79,1.681041343929411,11,0.0,0.9105945462673223,0.9105945462673223,0.12836970474967907,190.74000000000004
flat200-42,flat_graphs,flat200-479,flat200-42.cnf,600,2237,3.7283333333333335,2.089405453732678,0.2853280893559758,7.79,1.7932930602665031,11,0.0,0.9105945462673223,0.9105945462673223,0.12836970474967907,400.5800000000001
flat200-35,flat_graphs,flat200-479,flat200-35.cnf,600,2237,3.7283333333333335,2.089405453732678,0.2853280893559758,7.79,1.9302590499723087,11,0.0,0.9105945462673223,0.9105945462673223,0.12836970474967907,401.28
flat200-10,flat_graphs,flat200-479,flat200-10.cnf,600,2237,3.7283333333333335,2.089405453732678,0.2853280893559758,7.79,1.7651912077732543,11,0.0,0.9105945462673223,0.9105945462673223,0.12836970474967907,399.7700000000002
flat200-56,flat_graphs,flat200-479,flat200-56.cnf,600,2237,3.7283333333333335,2.089405453732678,0.2853280893559758,7.79,1.7105262348178119,11,0.0,0.9105945462673223,0.9105945462673223,0.12836970474967907,400.7899999999999
flat200-28,flat_graphs,flat200-479,flat200-28.cnf,600,2237,3.7283333333333335,2.089405453732678,0.2853280893559758,7.79,1.9120407945438822,11,0.0,0.9105945462673223,0.9105945462673223,0.12836970474967907,386.5300000000002
flat200-100,flat_graphs,flat200-479,flat200-100.cnf,600,2237,3.7283333333333335,2.089405453732678,0.2853280893559758,7.79,1.8400815199332883,11,0.0,0.9105945462673223,0.9105945462673223,0.12836970474967907,409.53000000000003
flat200-3,flat_graphs,flat200-479,flat200-3.cnf,600,2237,3.7283333333333335,2.089405453732678,0.2853280893559758,7.79,1.6479987864073202,11,0.0,0.9105945462673223,0.9105945462673223,0.12836970474967907,409.48999999999995
flat200-88,flat_graphs,flat200-479,flat200-88.cnf,600,2237,3.7283333333333335,2.089405453732678,0.2853280893559758,7.79,1.6780643611018022,11,0.0,0.9105945462673223,0.9105945462673223,0.12836970474967907,400.54000000000013
flat200-91,flat_graphs,flat200-479,flat200-91.cnf,600,2237,3.7283333333333335,2.089405453732678,0.2853280893559758,7.79,1.7279756942735045,11,0.0,0.9105945462673223,0.9105945462673223,0.12836970474967907,399.2700000000002
flat200-76,flat_graphs,flat200-479,flat200-76.cnf,600,2237,3.7283333333333335,2.089405453732678,0.2853280893559758,7.79,1.8536180836407483,11,0.0,0.9105945462673223,0.9105945462673223,0.12836970474967907,400.82000000000005
flat200-87,flat_graphs,flat200-479,flat200-87.cnf,600,2237,3.7283333333333335,2.089405453732678,0.2853280893559758,7.79,1.6142800252744256,11,0.0,0.9105945462673223,0.9105945462673223,0.12836970474967907,408.7999999999999
flat200-83,flat_graphs,flat200-479,flat200-83.cnf,600,2237,3.7283333333333335,2.089405453732678,0.2853280893559758,7.79,1.7250797083033584,11,0.0,0.9105945462673223,0.9105945462673223,0.12836970474967907,411.51
flat200-27,flat_graphs,flat200-479,flat200-27.cnf,600,2237,3.7283333333333335,2.089405453732678,0.2853280893559758,7.79,1.6111796920269321,11,0.0,0.9105945462673223,0.9105945462673223,0.12836970474967907,398.8500000000002
flat200-63,flat_graphs,flat200-479,flat200-63.cnf,600,2237,3.7283333333333335,2.089405453732678,0.2853280893559758,7.79,1.6987936896515716,11,0.0,0.9105945462673223,0.9105945462673223,0.12836970474967907,395.56000000000023
flat200-73,flat_graphs,flat200-479,flat200-73.cnf,600,2237,3.7283333333333335,2.089405453732678,0.2853280893559758,7.79,1.8400815199332883,11,0.0,0.9105945462673223,0.9105945462673223,0.12836970474967907,406.15000000000003
flat200-21,flat_graphs,flat200-479,flat200-21.cnf,600,2237,3.7283333333333335,2.089405453732678,0.2853280893559758,7.79,1.864376571403964,11,0.0,0.9105945462673223,0.9105945462673223,0.12836970474967907,400.1800000000002
flat200-92,flat_graphs,flat200-479,flat200-92.cnf,600,2237,3.7283333333333335,2.089405453732678,0.2853280893559758,7.79,1.8099447505379826,11,0.0,0.9105945462673223,0.9105945462673223,0.12836970474967907,253.70999999999992
flat200-55,flat_graphs,flat200-479,flat200-55.cnf,600,2237,3.7283333333333335,2.089405453732678,0.2853280893559758,7.79,1.7932930602665031,11,0.0,0.9105945462673223,0.9105945462673223,0.12836970474967907,400.03000000000014
flat125-84,flat_graphs,flat125-301,flat125-84.cnf,375,1403,3.7413333333333334,2.089094796863863,0.2848805258975245,7.816,1.9073919366506717,11,0.0,0.9109052031361369,0.9109052031361369,0.12794268167860798,405.8600000000002
flat125-57,flat_graphs,flat125-301,flat125-57.cnf,375,1403,3.7413333333333334,2.089094796863863,0.2848805258975245,7.816,1.8692629563547232,11,0.0,0.9109052031361369,0.9109052031361369,0.12794268167860798,274.52000000000004
flat125-72,flat_graphs,flat125-301,flat125-72.cnf,375,1403,3.7413333333333334,2.089094796863863,0.2848805258975245,7.816,1.8477402414841757,11,0.0,0.9109052031361369,0.9109052031361369,0.12794268167860798,121.62000000000003
flat125-5,flat_graphs,flat125-301,flat125-5.cnf,375,1403,3.7413333333333334,2.089094796863863,0.2848805258975245,7.816,1.7726093760329713,11,0.0,0.9109052031361369,0.9109052031361369,0.12794268167860798,399.6800000000001
flat125-49,flat_graphs,flat125-301,flat125-49.cnf,375,1403,3.7413333333333334,2.089094796863863,0.2848805258975245,7.816,1.6799238077960559,11,0.0,0.9109052031361369,0.9109052031361369,0.12794268167860798,392.7500000000001
flat125-44,flat_graphs,flat125-301,flat125-44.cnf,375,1403,3.7413333333333334,2.089094796863863,0.2848805258975245,7.816,1.6988655037995208,11,0.0,0.9109052031361369,0.9109052031361369,0.12794268167860798,314.6800000000001
flat125-29,flat_graphs,flat125-301,flat125-29.cnf,375,1403,3.7413333333333334,2.089094796863863,0.2848805258975245,7.816,1.6168314692632624,11,0.0,0.9109052031361369,0.9109052031361369,0.12794268167860798,319.7600000000002
flat125-81,flat_graphs,flat125-301,flat125-81.cnf,375,1403,3.7413333333333334,2.089094796863863,0.2848805258975245,7.816,1.6988655037995208,11,0.0,0.9109052031361369,0.9109052031361369,0.12794268167860798,382.6500000000001
flat125-18,flat_graphs,flat125-301,flat125-18.cnf,375,1403,3.7413333333333334,2.089094796863863,0.2848805258975245,7.816,1.7771167660004787,11,0.0,0.9109052031361369,0.9109052031361369,0.12794268167860798,355.07000000000016
flat125-1,flat_graphs,flat125-301,flat125-1.cnf,375,1403,3.7413333333333334,2.089094796863863,0.2848805258975245,7.816,1.7222496915372056,11,0.0,0.9109052031361369,0.9109052031361369,0.12794268167860798,396.29000000000025
flat125-25,flat_graphs,flat125-301,flat125-25.cnf,375,1403,3.7413333333333334,2.089094796863863,0.2848805258975245,7.816,1.6559420279707862,11,0.0,0.9109052031361369,0.9109052031361369,0.12794268167860798,385.18000000000035
flat125-36,flat_graphs,flat125-301,flat125-36.cnf,375,1403,3.7413333333333334,2.089094796863863,0.2848805258975245,7.816,1.890540663408222,11,0.0,0.9109052031361369,0.9109052031361369,0.12794268167860798,400.2500000000002
flat125-75,flat_graphs,flat125-301,flat125-75.cnf,375,1403,3.7413333333333334,2.089094796863863,0.2848805258975245,7.816,1.790570858692836,11,0.0,0.9109052031361369,0.9109052031361369,0.12794268167860798,319.69000000000005
flat125-39,flat_graphs,flat125-301,flat125-39.cnf,375,1403,3.7413333333333334,2.089094796863863,0.2848805258975245,7.816,1.7175983232409142,11,0.0,0.9109052031361369,0.9109052031361369,0.12794268167860798,243.61000000000004
flat125-90,flat_graphs,flat125-301,flat125-90.cnf,375,1403,3.7413333333333334,2.089094796863863,0.2848805258975245,7.816,1.712934324485326,11,0.0,0.9109052031361369,0.9109052031361369,0.12794268167860798,387.88000000000017
flat125-12,flat_graphs,flat125-301,flat125-12.cnf,375,1403,3.7413333333333334,2.089094796863863,0.2848805258975245,7.816,1.973358558397333,11,0.0,0.9109052031361369,0.9109052031361369,0.12794268167860798,397.63000000000017
flat125-78,flat_graphs,flat125-301,flat125-78.cnf,375,1403,3.7413333333333334,2.089094796863863,0.2848805258975245,7.816,1.7035680203619696,11,0.0,0.9109052031361369,0.9109052031361369,0.12794268167860798,210.7200000000001
flat125-79,flat_graphs,flat125-301,flat125-79.cnf,375,1403,3.7413333333333334,2.089094796863863,0.2848805258975245,7.816,1.8477402414841757,11,0.0,0.9109052031361369,0.9109052031361369,0.12794268167860798,195.24000000000004
flat125-2,flat_graphs,flat125-301,flat125-2.cnf,375,1403,3.7413333333333334,2.089094796863863,0.2848805258975245,7.816,1.8989849920418012,11,0.0,0.9109052031361369,0.9109052031361369,0.12794268167860798,367.78000000000003
flat125-37,flat_graphs,flat125-301,flat125-37.cnf,375,1403,3.7413333333333334,2.089094796863863,0.2848805258975245,7.816,1.7590179078110604,11,0.0,0.9109052031361369,0.9109052031361369,0.12794268167860798,400.13000000000017
flat125-59,flat_graphs,flat125-301,flat125-59.cnf,375,1403,3.7413333333333334,2.089094796863863,0.2848805258975245,7.816,1.7268885314344988,11,0.0,0.9109052031361369,0.9109052031361369,0.12794268167860798,208.17000000000002
flat125-89,flat_graphs,flat125-301,flat125-89.cnf,375,1403,3.7413333333333334,2.089094796863863,0.2848805258975245,7.816,1.6655761765827464,11,0.0,0.9109052031361369,0.9109052031361369,0.12794268167860798,154.44
flat125-32,flat_graphs,flat125-301,flat125-32.cnf,375,1403,3.7413333333333334,2.089094796863863,0.2848805258975245,7.816,1.6217718705169355,11,0.0,0.9109052031361369,0.9109052031361369,0.12794268167860798,392.38000000000017
flat125-47,flat_graphs,flat125-301,flat125-47.cnf,375,1403,3.7413333333333334,2.089094796863863,0.2848805258975245,7.816,1.7635600358366028,11,0.0,0.9109052031361369,0.9109052031361369,0.12794268167860798,301.83000000000015
flat125-71,flat_graphs,flat125-301,flat125-71.cnf,375,1403,3.7413333333333334,2.089094796863863,0.2848805258975245,7.816,1.7771167660004787,11,0.0,0.9109052031361369,0.9109052031361369,0.12794268167860798,400.4600000000001
flat125-22,flat_graphs,flat125-301,flat125-22.cnf,375,1403,3.7413333333333334,2.089094796863863,0.2848805258975245,7.816,1.8735378298822791,11,0.0,0.9109052031361369,0.9109052031361369,0.12794268167860798,396.5900000000001
flat125-45,flat_graphs,flat125-301,flat125-45.cnf,375,1403,3.7413333333333334,2.089094796863863,0.2848805258975245,7.816,1.6846791979483808,11,0.0,0.9109052031361369,0.9109052031361369,0.12794268167860798,400.91
flat125-96,flat_graphs,flat125-301,flat125-96.cnf,375,1403,3.7413333333333334,2.089094796863863,0.2848805258975245,7.816,1.8039246103981175,11,0.0,0.9109052031361369,0.9109052031361369,0.12794268167860798,406.09000000000003
flat125-17,flat_graphs,flat125-301,flat125-17.cnf,375,1403,3.7413333333333334,2.089094796863863,0.2848805258975245,7.816,1.8778029715601154,11,0.0,0.9109052031361369,0.9109052031361369,0.12794268167860798,65.94
flat125-74,flat_graphs,flat125-301,flat125-74.cnf,375,1403,3.7413333333333334,2.089094796863863,0.2848805258975245,7.816,1.6316077960098132,11,0.0,0.9109052031361369,0.9109052031361369,0.12794268167860798,308.87000000000006
flat125-19,flat_graphs,flat125-301,flat125-19.cnf,375,1403,3.7413333333333334,2.089094796863863,0.2848805258975245,7.816,1.88205844755151,11,0.0,0.9109052031361369,0.9109052031361369,0.12794268167860798,401.5500000000002
flat125-51,flat_graphs,flat125-301,flat125-51.cnf,375,1403,3.7413333333333334,2.089094796863863,0.2848805258975245,7.816,1.928248946583402,11,0.0,0.9109052031361369,0.9109052031361369,0.12794268167860798,401.04000000000053
flat125-86,flat_graphs,flat125-301,flat125-86.cnf,375,1403,3.7413333333333334,2.089094796863863,0.2848805258975245,7.816,1.9031931063347198,11,0.0,0.9109052031361369,0.9109052031361369,0.12794268167860798,399.83000000000055
flat125-34,flat_graphs,flat125-301,flat125-34.cnf,375,1403,3.7413333333333334,2.089094796863863,0.2848805258975245,7.816,1.5969170297795687,11,0.0,0.9109052031361369,0.9109052031361369,0.12794268167860798,232.13999999999996
flat125-93,flat_graphs,flat125-301,flat125-93.cnf,375,1403,3.7413333333333334,2.089094796863863,0.2848805258975245,7.816,1.8477402414841757,11,0.0,0.9109052031361369,0.9109052031361369,0.12794268167860798,361.53
flat125-13,flat_graphs,flat125-301,flat125-13.cnf,375,1403,3.7413333333333334,2.089094796863863,0.2848805258975245,7.816,1.7590179078110604,11,0.0,0.9109052031361369,0.9109052031361369,0.12794268167860798,393.25000000000017
flat125-69,flat_graphs,flat125-301,flat125-69.cnf,375,1403,3.7413333333333334,2.089094796863863,0.2848805258975245,7.816,1.5716691763854123,11,0.0,0.9109052031361369,0.9109052031361369,0.12794268167860798,313.97
flat125-68,flat_graphs,flat125-301,flat125-68.cnf,375,1403,3.7413333333333334,2.089094796863863,0.2848805258975245,7.816,1.7498982827581722,11,0.0,0.9109052031361369,0.9109052031361369,0.12794268167860798,385.04000000000025
flat125-40,flat_graphs,flat125-301,flat125-40.cnf,375,1403,3.7413333333333334,2.089094796863863,0.2848805258975245,7.816,1.566570777207337,11,0.0,0.9109052031361369,0.9109052031361369,0.12794268167860798,222.51000000000013
flat125-23,flat_graphs,flat125-301,flat125-23.cnf,375,1403,3.7413333333333334,2.089094796863863,0.2848805258975245,7.816,1.740730880980745,11,0.0,0.9109052031361369,0.9109052031361369,0.12794268167860798,393.2700000000003
flat125-53,flat_graphs,flat125-301,flat125-53.cnf,375,1403,3.7413333333333334,2.089094796863863,0.2848805258975245,7.816,1.928248946583402,11,0.0,0.9109052031361369,0.9109052031361369,0.12794268167860798,400.8900000000001
flat125-4,flat_graphs,flat125-301,flat125-4.cnf,375,1403,3.7413333333333334,2.089094796863863,0.2848805258975245,7.816,1.708257591816878,11,0.0,0.9109052031361369,0.9109052031361369,0.12794268167860798,400.0000000000003
flat125-15,flat_graphs,flat125-301,flat125-15.cnf,375,1403,3.7413333333333334,2.089094796863863,0.2848805258975245,7.816,1.7315149436259567,11,0.0,0.9109052031361369,0.9109052031361369,0.12794268167860798,395.1300000000001
flat125-95,flat_graphs,flat125-301,flat125-95.cnf,375,1403,3.7413333333333334,2.089094796863863,0.2848805258975245,7.816,1.8039246103981175,11,0.0,0.9109052031361369,0.9109052031361369,0.12794268167860798,373.40000000000015
flat125-33,flat_graphs,flat125-301,flat125-33.cnf,375,1403,3.7413333333333334,2.089094796863863,0.2848805258975245,7.816,1.8778029715601154,11,0.0,0.9109052031361369,0.9109052031361369,0.12794268167860798,382.5900000000002
flat125-26,flat_graphs,flat125-301,flat125-26.cnf,375,1403,3.7413333333333334,2.089094796863863,0.2848805258975245,7.816,1.7590179078110604,11,0.0,0.9109052031361369,0.9109052031361369,0.12794268167860798,117.66000000000007
flat125-82,flat_graphs,flat125-301,flat125-82.cnf,375,1403,3.7413333333333334,2.089094796863863,0.2848805258975245,7.816,1.6894212026608404,11,0.0,0.9109052031361369,0.9109052031361369,0.12794268167860798,267.7800000000001
flat125-31,flat_graphs,flat125-301,flat125-31.cnf,375,1403,3.7413333333333334,2.089094796863863,0.2848805258975245,7.816,1.8863043232734213,11,0.0,0.9109052031361369,0.9109052031361369,0.12794268167860798,400.7800000000001
flat125-65,flat_graphs,flat125-301,flat125-65.cnf,375,1403,3.7413333333333334,2.089094796863863,0.2848805258975245,7.816,1.9447735086636695,11,0.0,0.9109052031361369,0.9109052031361369,0.12794268167860798,405.01000000000016
flat125-20,flat_graphs,flat125-301,flat125-20.cnf,375,1403,3.7413333333333334,2.089094796863863,0.2848805258975245,7.816,1.7268885314344988,11,0.0,0.9109052031361369,0.9109052031361369,0.12794268167860798,388.3000000000003
flat125-30,flat_graphs,flat125-301,flat125-30.cnf,375,1403,3.7413333333333334,2.089094796863863,0.2848805258975245,7.816,1.7635600358366028,11,0.0,0.9109052031361369,0.9109052031361369,0.12794268167860798,266.2400000000001
flat125-11,flat_graphs,flat125-301,flat125-11.cnf,375,1403,3.7413333333333334,2.089094796863863,0.2848805258975245,7.816,1.7680904954215437,11,0.0,0.9109052031361369,0.9109052031361369,0.12794268167860798,130.8900000000001
flat125-24,flat_graphs,flat125-301,flat125-24.cnf,375,1403,3.7413333333333334,2.089094796863863,0.2848805258975245,7.816,1.488,11,0.0,0.9109052031361369,0.9109052031361369,0.12794268167860798,353.90000000000003
flat125-43,flat_graphs,flat125-301,flat125-43.cnf,375,1403,3.7413333333333334,2.089094796863863,0.2848805258975245,7.816,1.6069050998736671,11,0.0,0.9109052031361369,0.9109052031361369,0.12794268167860798,186.32000000000005
flat125-16,flat_graphs,flat125-301,flat125-16.cnf,375,1403,3.7413333333333334,2.089094796863863,0.2848805258975245,7.816,1.6703724135653102,11,0.0,0.9109052031361369,0.9109052031361369,0.12794268167860798,402.8299999999999
flat125-8,flat_graphs,flat125-301,flat125-8.cnf,375,1403,3.7413333333333334,2.089094796863863,0.2848805258975245,7.816,1.6168314692632624,11,0.0,0.9109052031361369,0.9109052031361369,0.12794268167860798,228.89000000000004
flat125-14,flat_graphs,flat125-301,flat125-14.cnf,375,1403,3.7413333333333334,2.089094796863863,0.2848805258975245,7.816,1.7860974217550396,11,0.0,0.9109052031361369,0.9109052031361369,0.12794268167860798,400.4800000000002
flat125-67,flat_graphs,flat125-301,flat125-67.cnf,375,1403,3.7413333333333334,2.089094796863863,0.2848805258975245,7.816,1.7950331473262549,11,0.0,0.9109052031361369,0.9109052031361369,0.12794268167860798,324.00000000000017
flat125-41,flat_graphs,flat125-301,flat125-41.cnf,375,1403,3.7413333333333334,2.089094796863863,0.2848805258975245,7.816,1.7816127525363081,11,0.0,0.9109052031361369,0.9109052031361369,0.12794268167860798,288.7800000000001
flat125-9,flat_graphs,flat125-301,flat125-9.cnf,375,1403,3.7413333333333334,2.089094796863863,0.2848805258975245,7.816,1.8347054259471738,11,0.0,0.9109052031361369,0.9109052031361369,0.12794268167860798,252.32000000000014
flat125-6,flat_graphs,flat125-301,flat125-6.cnf,375,1403,3.7413333333333334,2.089094796863863,0.2848805258975245,7.816,1.7315149436259567,11,0.0,0.9109052031361369,0.9109052031361369,0.12794268167860798,309.95000000000005
flat125-99,flat_graphs,flat125-301,flat125-99.cnf,375,1403,3.7413333333333334,2.089094796863863,0.2848805258975245,7.816,1.7035680203619696,11,0.0,0.9109052031361369,0.9109052031361369,0.12794268167860798,293.7500000000001
flat125-58,flat_graphs,flat125-301,flat125-58.cnf,375,1403,3.7413333333333334,2.089094796863863,0.2848805258975245,7.816,1.6462514996196662,11,0.0,0.9109052031361369,0.9109052031361369,0.12794268167860798,340.4000000000002
flat125-48,flat_graphs,flat125-301,flat125-48.cnf,375,1403,3.7413333333333334,2.089094796863863,0.2848805258975245,7.816,1.8778029715601154,11,0.0,0.9109052031361369,0.9109052031361369,0.12794268167860798,354.1600000000001
flat125-54,flat_graphs,flat125-301,flat125-54.cnf,375,1403,3.7413333333333334,2.089094796863863,0.2848805258975245,7.816,1.7994843705906423,11,0.0,0.9109052031361369,0.9109052031361369,0.12794268167860798,398.87000000000035
flat125-7,flat_graphs,flat125-301,flat125-7.cnf,375,1403,3.7413333333333334,2.089094796863863,0.2848805258975245,7.816,1.7771167660004787,11,0.0,0.9109052031361369,0.9109052031361369,0.12794268167860798,81.62000000000005
flat125-50,flat_graphs,flat125-301,flat125-50.cnf,375,1403,3.7413333333333334,2.089094796863863,0.2848805258975245,7.816,1.740730880980745,11,0.0,0.9109052031361369,0.9109052031361369,0.12794268167860798,400.04000000000025
flat125-70,flat_graphs,flat125-301,flat125-70.cnf,375,1403,3.7413333333333334,2.089094796863863,0.2848805258975245,7.816,1.830339859151846,11,0.0,0.9109052031361369,0.9109052031361369,0.12794268167860798,379.47999999999996
flat125-64,flat_graphs,flat125-301,flat125-64.cnf,375,1403,3.7413333333333334,2.089094796863863,0.2848805258975245,7.816,1.6413847812137166,11,0.0,0.9109052031361369,0.9109052031361369,0.12794268167860798,261.4400000000003
flat125-97,flat_graphs,flat125-301,flat125-97.cnf,375,1403,3.7413333333333334,2.089094796863863,0.2848805258975245,7.816,1.6988655037995208,11,0.0,0.9109052031361369,0.9109052031361369,0.12794268167860798,147.1
flat125-80,flat_graphs,flat125-301,flat125-80.cnf,375,1403,3.7413333333333334,2.089094796863863,0.2848805258975245,7.816,1.7994843705906423,11,0.0,0.9109052031361369,0.9109052031361369,0.12794268167860798,368.48000000000013
flat125-46,flat_graphs,flat125-301,flat125-46.cnf,375,1403,3.7413333333333334,2.089094796863863,0.2848805258975245,7.816,1.7361290274631087,11,0.0,0.9109052031361369,0.9109052031361369,0.12794268167860798,250.64000000000004
flat125-61,flat_graphs,flat125-301,flat125-61.cnf,375,1403,3.7413333333333334,2.089094796863863,0.2848805258975245,7.816,1.7635600358366028,11,0.0,0.9109052031361369,0.9109052031361369,0.12794268167860798,130.23000000000008
flat125-52,flat_graphs,flat125-301,flat125-52.cnf,375,1403,3.7413333333333334,2.089094796863863,0.2848805258975245,7.816,1.7771167660004787,11,0.0,0.9109052031361369,0.9109052031361369,0.12794268167860798,398.2500000000001
flat125-98,flat_graphs,flat125-301,flat125-98.cnf,375,1403,3.7413333333333334,2.089094796863863,0.2848805258975245,7.816,1.928248946583402,11,0.0,0.9109052031361369,0.9109052031361369,0.12794268167860798,396.75000000000006
flat125-60,flat_graphs,flat125-301,flat125-60.cnf,375,1403,3.7413333333333334,2.089094796863863,0.2848805258975245,7.816,1.8735378298822791,11,0.0,0.9109052031361369,0.9109052031361369,0.12794268167860798,401.3900000000002
flat125-77,flat_graphs,flat125-301,flat125-77.cnf,375,1403,3.7413333333333334,2.089094796863863,0.2848805258975245,7.816,1.6894212026608404,11,0.0,0.9109052031361369,0.9109052031361369,0.12794268167860798,317.65000000000015
flat125-38,flat_graphs,flat125-301,flat125-38.cnf,375,1403,3.7413333333333334,2.089094796863863,0.2848805258975245,7.816,1.6751549182090593,11,0.0,0.9109052031361369,0.9109052031361369,0.12794268167860798,400.0400000000002
flat125-94,flat_graphs,flat125-301,flat125-94.cnf,375,1403,3.7413333333333334,2.089094796863863,0.2848805258975245,7.816,1.7035680203619696,11,0.0,0.9109052031361369,0.9109052031361369,0.12794268167860798,257.13000000000005
flat125-62,flat_graphs,flat125-301,flat125-62.cnf,375,1403,3.7413333333333334,2.089094796863863,0.2848805258975245,7.816,1.7453206009212177,11,0.0,0.9109052031361369,0.9109052031361369,0.12794268167860798,400.0000000000003
flat125-66,flat_graphs,flat125-301,flat125-66.cnf,375,1403,3.7413333333333334,2.089094796863863,0.2848805258975245,7.816,1.6217718705169355,11,0.0,0.9109052031361369,0.9109052031361369,0.12794268167860798,399.8300000000002
flat125-85,flat_graphs,flat125-301,flat125-85.cnf,375,1403,3.7413333333333334,2.089094796863863,0.2848805258975245,7.816,1.7680904954215437,11,0.0,0.9109052031361369,0.9109052031361369,0.12794268167860798,157.50000000000003
flat125-42,flat_graphs,flat125-301,flat125-42.cnf,375,1403,3.7413333333333334,2.089094796863863,0.2848805258975245,7.816,1.7315149436259567,11,0.0,0.9109052031361369,0.9109052031361369,0.12794268167860798,399.8400000000004
flat125-35,flat_graphs,flat125-301,flat125-35.cnf,375,1403,3.7413333333333334,2.089094796863863,0.2848805258975245,7.816,1.6118759257461475,11,0.0,0.9109052031361369,0.9109052031361369,0.12794268167860798,314.9800000000001
flat125-10,flat_graphs,flat125-301,flat125-10.cnf,375,1403,3.7413333333333334,2.089094796863863,0.2848805258975245,7.816,1.7175983232409142,11,0.0,0.9109052031361369,0.9109052031361369,0.12794268167860798,274.50999999999993
flat125-56,flat_graphs,flat125-301,flat125-56.cnf,375,1403,3.7413333333333334,2.089094796863863,0.2848805258975245,7.816,1.8347054259471738,11,0.0,0.9109052031361369,0.9109052031361369,0.12794268167860798,244.38000000000008
flat125-28,flat_graphs,flat125-301,flat125-28.cnf,375,1403,3.7413333333333334,2.089094796863863,0.2848805258975245,7.816,1.890540663408222,11,0.0,0.9109052031361369,0.9109052031361369,0.12794268167860798,392.39000000000004
flat125-100,flat_graphs,flat125-301,flat125-100.cnf,375,1403,3.7413333333333334,2.089094796863863,0.2848805258975245,7.816,1.8735378298822791,11,0.0,0.9109052031361369,0.9109052031361369,0.12794268167860798,390.8000000000002
flat125-3,flat_graphs,flat125-301,flat125-3.cnf,375,1403,3.7413333333333334,2.089094796863863,0.2848805258975245,7.816,1.7816127525363081,11,0.0,0.9109052031361369,0.9109052031361369,0.12794268167860798,130.78
flat125-88,flat_graphs,flat125-301,flat125-88.cnf,375,1403,3.7413333333333334,2.089094796863863,0.2848805258975245,7.816,1.6413847812137166,11,0.0,0.9109052031361369,0.9109052031361369,0.12794268167860798,384.2200000000002
flat125-91,flat_graphs,flat125-301,flat125-91.cnf,375,1403,3.7413333333333334,2.089094796863863,0.2848805258975245,7.816,1.7590179078110604,11,0.0,0.9109052031361369,0.9109052031361369,0.12794268167860798,116.2300000000001
flat125-76,flat_graphs,flat125-301,flat125-76.cnf,375,1403,3.7413333333333334,2.089094796863863,0.2848805258975245,7.816,1.561455731040749,11,0.0,0.9109052031361369,0.9109052031361369,0.12794268167860798,210.83
flat125-87,flat_graphs,flat125-301,flat125-87.cnf,375,1403,3.7413333333333334,2.089094796863863,0.2848805258975245,7.816,1.6413847812137166,11,0.0,0.9109052031361369,0.9109052031361369,0.12794268167860798,400.85000000000025
flat125-83,flat_graphs,flat125-301,flat125-83.cnf,375,1403,3.7413333333333334,2.089094796863863,0.2848805258975245,7.816,1.8390606297781484,11,0.0,0.9109052031361369,0.9109052031361369,0.12794268167860798,306.3700000000001
flat125-27,flat_graphs,flat125-301,flat125-27.cnf,375,1403,3.7413333333333334,2.089094796863863,0.2848805258975245,7.816,1.830339859151846,11,0.0,0.9109052031361369,0.9109052031361369,0.12794268167860798,375.8500000000001
flat125-63,flat_graphs,flat125-301,flat125-63.cnf,375,1403,3.7413333333333334,2.089094796863863,0.2848805258975245,7.816,1.7680904954215437,11,0.0,0.9109052031361369,0.9109052031361369,0.12794268167860798,332.11
flat125-73,flat_graphs,flat125-301,flat125-73.cnf,375,1403,3.7413333333333334,2.089094796863863,0.2848805258975245,7.816,1.6266972674717322,11,0.0,0.9109052031361369,0.9109052031361369,0.12794268167860798,399.35
flat125-21,flat_graphs,flat125-301,flat125-21.cnf,375,1403,3.7413333333333334,2.089094796863863,0.2848805258975245,7.816,1.7498982827581722,11,0.0,0.9109052031361369,0.9109052031361369,0.12794268167860798,400.2300000000002
flat125-92,flat_graphs,flat125-301,flat125-92.cnf,375,1403,3.7413333333333334,2.089094796863863,0.2848805258975245,7.816,1.7726093760329713,11,0.0,0.9109052031361369,0.9109052031361369,0.12794268167860798,400.22000000000025
flat125-55,flat_graphs,flat125-301,flat125-55.cnf,375,1403,3.7413333333333334,2.089094796863863,0.2848805258975245,7.816,1.708257591816878,11,0.0,0.9109052031361369,0.9109052031361369,0.12794268167860798,400.4
sw100-57,morphed_graphs,sw100-8-lp0-c5,sw100-57.cnf,500,3100,6.2,2.096774193548387,0.5300540879082253,13.0,2.6419689627245813,20,0.0,0.967741935483871,0.967741935483871,0.07692307692307693,376.0300000000005
sw100-72,morphed_graphs,sw100-8-lp0-c5,sw100-72.cnf,500,3100,6.2,2.096774193548387,0.5300540879082253,13.0,3.1622776601683795,23,0.0,0.967741935483871,0.967741935483871,0.07692307692307693,408.2999999999999
sw100-5,morphed_graphs,sw100-8-lp0-c5,sw100-5.cnf,500,3100,6.2,2.096774193548387,0.5300540879082253,13.0,2.932575659723036,20,0.0,0.967741935483871,0.967741935483871,0.07692307692307693,307.8299999999997
sw100-49,morphed_graphs,sw100-8-lp0-c5,sw100-49.cnf,500,3100,6.2,2.096774193548387,0.5300540879082253,13.0,2.814249455894058,21,0.0,0.967741935483871,0.967741935483871,0.07692307692307693,400.1700000000003
sw100-44,morphed_graphs,sw100-8-lp0-c5,sw100-44.cnf,500,3100,6.2,2.096774193548387,0.5300540879082253,13.0,2.7892651361962706,21,0.0,0.967741935483871,0.967741935483871,0.07692307692307693,365.9700000000003
sw100-29,morphed_graphs,sw100-8-lp0-c5,sw100-29.cnf,500,3100,6.2,2.096774193548387,0.5300540879082253,13.0,3.0528675044947495,21,0.0,0.967741935483871,0.967741935483871,0.07692307692307693,215.04999999999984
sw100-81,morphed_graphs,sw100-8-lp0-c5,sw100-81.cnf,500,3100,6.2,2.096774193548387,0.5300540879082253,13.0,2.9966648127543394,21,0.0,0.967741935483871,0.967741935483871,0.07692307692307693,400.0000000000006
sw100-18,morphed_graphs,sw100-8-lp0-c5,sw100-18.cnf,500,3100,6.2,2.096774193548387,0.5300540879082253,13.0,2.9086079144497976,21,0.0,0.967741935483871,0.967741935483871,0.07692307692307693,386.66000000000037
sw100-1,morphed_graphs,sw100-8-lp0-c5,sw100-1.cnf,500,3100,6.2,2.096774193548387,0.5300540879082253,13.0,2.8284271247461903,21,0.0,0.967741935483871,0.967741935483871,0.07692307692307693,400.0700000000003
sw100-25,morphed_graphs,sw100-8-lp0-c5,sw100-25.cnf,500,3100,6.2,2.096774193548387,0.5300540879082253,13.0,2.701851217221259,20,0.0,0.967741935483871,0.967741935483871,0.07692307692307693,404.49000000000035
sw100-36,morphed_graphs,sw100-8-lp0-c5,sw100-36.cnf,500,3100,6.2,2.096774193548387,0.5300540879082253,13.0,2.745906043549196,20,0.0,0.967741935483871,0.967741935483871,0.07692307692307693,400.00000000000045
sw100-75,morphed_graphs,sw100-8-lp0-c5,sw100-75.cnf,500,3100,6.2,2.096774193548387,0.5300540879082253,13.0,2.756809750418044,18,0.0,0.967741935483871,0.967741935483871,0.07692307692307693,389.9100000000004
sw100-39,morphed_graphs,sw100-8-lp0-c5,sw100-39.cnf,500,3100,6.2,2.096774193548387,0.5300540879082253,13.0,3.026549190084311,22,0.0,0.967741935483871,0.967741935483871,0.07692307692307693,407.69000000000005
sw100-90,morphed_graphs,sw100-8-lp0-c5,sw100-90.cnf,500,3100,6.2,2.096774193548387,0.5300540879082253,13.0,2.9120439557122073,20,0.0,0.967741935483871,0.967741935483871,0.07692307692307693,401.11
sw100-12,morphed_graphs,sw100-8-lp0-c5,sw100-12.cnf,500,3100,6.2,2.096774193548387,0.5300540879082253,13.0,2.814249455894058,19,0.0,0.967741935483871,0.967741935483871,0.07692307692307693,400.02000000000044
sw100-78,morphed_graphs,sw100-8-lp0-c5,sw100-78.cnf,500,3100,6.2,2.096774193548387,0.5300540879082253,13.0,2.7856776554368237,21,0.0,0.967741935483871,0.967741935483871,0.07692307692307693,382.05000000000075
sw100-79,morphed_graphs,sw100-8-lp0-c5,sw100-79.cnf,500,3100,6.2,2.096774193548387,0.5300540879082253,13.0,2.86705423736629,20,0.0,0.967741935483871,0.967741935483871,0.07692307692307693,290.93999999999994
sw100-2,morphed_graphs,sw100-8-lp0-c5,sw100-2.cnf,500,3100,6.2,2.096774193548387,0.5300540879082253,13.0,2.9563490998188966,19,0.0,0.967741935483871,0.967741935483871,0.07692307692307693,400.02000000000066
sw100-37,morphed_graphs,sw100-8-lp0-c5,sw100-37.cnf,500,3100,6.2,2.096774193548387,0.5300540879082253,13.0,2.85657137141714,21,0.0,0.967741935483871,0.967741935483871,0.07692307692307693,399.4200000000006
sw100-59,morphed_graphs,sw100-8-lp0-c5,sw100-59.cnf,500,3100,6.2,2.096774193548387,0.5300540879082253,13.0,2.80713376952364,21,0.0,0.967741935483871,0.967741935483871,0.07692307692307693,353.1800000000005
sw100-89,morphed_graphs,sw100-8-lp0-c5,sw100-89.cnf,500,3100,6.2,2.096774193548387,0.5300540879082253,13.0,2.814249455894058,19,0.0,0.967741935483871,0.967741935483871,0.07692307692307693,400.0300000000005
sw100-32,morphed_graphs,sw100-8-lp0-c5,sw100-32.cnf,500,3100,6.2,2.096774193548387,0.5300540879082253,13.0,2.8106938645110393,20,0.0,0.967741935483871,0.967741935483871,0.07692307692307693,401.7199999999999
sw100-47,morphed_graphs,sw100-8-lp0-c5,sw100-47.cnf,500,3100,6.2,2.096774193548387,0.5300540879082253,13.0,2.541653005427767,21,0.0,0.967741935483871,0.967741935483871,0.07692307692307693,399.30000000000064
sw100-71,morphed_graphs,sw100-8-lp0-c5,sw100-71.cnf,500,3100,6.2,2.096774193548387,0.5300540879082253,13.0,2.7055498516937364,20,0.0,0.967741935483871,0.967741935483871,0.07692307692307693,318.98000000000013
sw100-22,morphed_graphs,sw100-8-lp0-c5,sw100-22.cnf,500,3100,6.2,2.096774193548387,0.5300540879082253,13.0,2.792848008753788,20,0.0,0.967741935483871,0.967741935483871,0.07692307692307693,400.0300000000004
sw100-45,morphed_graphs,sw100-8-lp0-c5,sw100-45.cnf,500,3100,6.2,2.096774193548387,0.5300540879082253,13.0,2.9086079144497976,21,0.0,0.967741935483871,0.967741935483871,0.07692307692307693,400.0200000000005
sw100-96,morphed_graphs,sw100-8-lp0-c5,sw100-96.cnf,500,3100,6.2,2.096774193548387,0.5300540879082253,13.0,2.9899832775452104,23,0.0,0.967741935483871,0.967741935483871,0.07692307692307693,400.00000000000017
sw100-17,morphed_graphs,sw100-8-lp0-c5,sw100-17.cnf,500,3100,6.2,2.096774193548387,0.5300540879082253,13.0,2.649528259898354,22,0.0,0.967741935483871,0.967741935483871,0.07692307692307693,275.15999999999997
sw100-74,morphed_graphs,sw100-8-lp0-c5,sw100-74.cnf,500,3100,6.2,2.096774193548387,0.5300540879082253,13.0,2.619160170741759,19,0.0,0.967741935483871,0.967741935483871,0.07692307692307693,376.18000000000035
sw100-19,morphed_graphs,sw100-8-lp0-c5,sw100-19.cnf,500,3100,6.2,2.096774193548387,0.5300540879082253,13.0,2.7964262908219126,21,0.0,0.967741935483871,0.967741935483871,0.07692307692307693,400.86000000000075
sw100-51,morphed_graphs,sw100-8-lp0-c5,sw100-51.cnf,500,3100,6.2,2.096774193548387,0.5300540879082253,13.0,2.701851217221259,21,0.0,0.967741935483871,0.967741935483871,0.07692307692307693,336.07000000000056
sw100-86,morphed_graphs,sw100-8-lp0-c5,sw100-86.cnf,500,3100,6.2,2.096774193548387,0.5300540879082253,13.0,3.0,20,0.0,0.967741935483871,0.967741935483871,0.07692307692307693,400.63000000000056
sw100-34,morphed_graphs,sw100-8-lp0-c5,sw100-34.cnf,500,3100,6.2,2.096774193548387,0.5300540879082253,13.0,3.006659275674582,20,0.0,0.967741935483871,0.967741935483871,0.07692307692307693,394.93000000000023
sw100-93,morphed_graphs,sw100-8-lp0-c5,sw100-93.cnf,500,3100,6.2,2.096774193548387,0.5300540879082253,13.0,3.0298514815086235,24,0.0,0.967741935483871,0.967741935483871,0.07692307692307693,399.8500000000009
sw100-13,morphed_graphs,sw100-8-lp0-c5,sw100-13.cnf,500,3100,6.2,2.096774193548387,0.5300540879082253,13.0,2.6795522013948525,20,0.0,0.967741935483871,0.967741935483871,0.07692307692307693,391.54000000000065
sw100-69,morphed_graphs,sw100-8-lp0-c5,sw100-69.cnf,500,3100,6.2,2.096774193548387,0.5300540879082253,13.0,2.760434748368452,18,0.0,0.967741935483871,0.967741935483871,0.07692307692307693,376.11000000000075
sw100-68,morphed_graphs,sw100-8-lp0-c5,sw100-68.cnf,500,3100,6.2,2.096774193548387,0.5300540879082253,13.0,2.6457513110645907,19,0.0,0.967741935483871,0.967741935483871,0.07692307692307693,398.40000000000157
sw100-40,morphed_graphs,sw100-8-lp0-c5,sw100-40.cnf,500,3100,6.2,2.096774193548387,0.5300540879082253,13.0,2.853068523537421,22,0.0,0.967741935483871,0.967741935483871,0.07692307692307693,400.2300000000004
sw100-23,morphed_graphs,sw100-8-lp0-c5,sw100-23.cnf,500,3100,6.2,2.096774193548387,0.5300540879082253,13.0,2.8635642126552705,20,0.0,0.967741935483871,0.967741935483871,0.07692307692307693,401.0700000000003
sw100-53,morphed_graphs,sw100-8-lp0-c5,sw100-53.cnf,500,3100,6.2,2.096774193548387,0.5300540879082253,13.0,3.1780497164141406,21,0.0,0.967741935483871,0.967741935483871,0.07692307692307693,400.05000000000035
sw100-4,morphed_graphs,sw100-8-lp0-c5,sw100-4.cnf,500,3100,6.2,2.096774193548387,0.5300540879082253,13.0,3.2526911934581184,26,0.0,0.967741935483871,0.967741935483871,0.07692307692307693,387.1700000000004
sw100-15,morphed_graphs,sw100-8-lp0-c5,sw100-15.cnf,500,3100,6.2,2.096774193548387,0.5300540879082253,13.0,3.0757112998459397,24,0.0,0.967741935483871,0.967741935483871,0.07692307692307693,398.68000000000075
sw100-95,morphed_graphs,sw100-8-lp0-c5,sw100-95.cnf,500,3100,6.2,2.096774193548387,0.5300540879082253,13.0,2.745906043549196,19,0.0,0.967741935483871,0.967741935483871,0.07692307692307693,400.02000000000055
sw100-33,morphed_graphs,sw100-8-lp0-c5,sw100-33.cnf,500,3100,6.2,2.096774193548387,0.5300540879082253,13.0,3.2465366161495854,23,0.0,0.967741935483871,0.967741935483871,0.07692307692307693,401.33000000000027
sw100-26,morphed_graphs,sw100-8-lp0-c5,sw100-26.cnf,500,3100,6.2,2.096774193548387,0.5300540879082253,13.0,2.817800560721074,21,0.0,0.967741935483871,0.967741935483871,0.07692307692307693,389.0300000000007
sw100-82,morphed_graphs,sw100-8-lp0-c5,sw100-82.cnf,500,3100,6.2,2.096774193548387,0.5300540879082253,13.0,2.86705423736629,21,0.0,0.967741935483871,0.967741935483871,0.07692307692307693,368.48999999999984
sw100-31,morphed_graphs,sw100-8-lp0-c5,sw100-31.cnf,500,3100,6.2,2.096774193548387,0.5300540879082253,13.0,2.8284271247461903,19,0.0,0.967741935483871,0.967741935483871,0.07692307692307693,404.6000000000001
sw100-65,morphed_graphs,sw100-8-lp0-c5,sw100-65.cnf,500,3100,6.2,2.096774193548387,0.5300540879082253,13.0,3.095157508108432,21,0.0,0.967741935483871,0.967741935483871,0.07692307692307693,377.8400000000002
sw100-20,morphed_graphs,sw100-8-lp0-c5,sw100-20.cnf,500,3100,6.2,2.096774193548387,0.5300540879082253,13.0,2.8,20,0.0,0.967741935483871,0.967741935483871,0.07692307692307693,375.140000000001
sw100-30,morphed_graphs,sw100-8-lp0-c5,sw100-30.cnf,500,3100,6.2,2.096774193548387,0.5300540879082253,13.0,2.891366458960192,20,0.0,0.967741935483871,0.967741935483871,0.07692307692307693,399.080000000001
sw100-11,morphed_graphs,sw100-8-lp0-c5,sw100-11.cnf,500,3100,6.2,2.096774193548387,0.5300540879082253,13.0,2.723967694375247,21,0.0,0.967741935483871,0.967741935483871,0.07692307692307693,380.79000000000036
sw100-24,morphed_graphs,sw100-8-lp0-c5,sw100-24.cnf,500,3100,6.2,2.096774193548387,0.5300540879082253,13.0,2.814249455894058,20,0.0,0.967741935483871,0.967741935483871,0.07692307692307693,399.8800000000006
sw100-43,morphed_graphs,sw100-8-lp0-c5,sw100-43.cnf,500,3100,6.2,2.096774193548387,0.5300540879082253,13.0,3.0199337741082997,22,0.0,0.967741935483871,0.967741935483871,0.07692307692307693,400.8600000000002
sw100-16,morphed_graphs,sw100-8-lp0-c5,sw100-16.cnf,500,3100,6.2,2.096774193548387,0.5300540879082253,13.0,2.891366458960192,21,0.0,0.967741935483871,0.967741935483871,0.07692307692307693,254.1699999999999
sw100-8,morphed_graphs,sw100-8-lp0-c5,sw100-8.cnf,500,3100,6.2,2.096774193548387,0.5300540879082253,13.0,2.701851217221259,19,0.0,0.967741935483871,0.967741935483871,0.07692307692307693,364.08000000000015
sw100-14,morphed_graphs,sw100-8-lp0-c5,sw100-14.cnf,500,3100,6.2,2.096774193548387,0.5300540879082253,13.0,2.7820855486487113,20,0.0,0.967741935483871,0.967741935483871,0.07692307692307693,369.23000000000025
sw100-67,morphed_graphs,sw100-8-lp0-c5,sw100-67.cnf,500,3100,6.2,2.096774193548387,0.5300540879082253,13.0,2.7313000567495327,19,0.0,0.967741935483871,0.967741935483871,0.07692307692307693,397.7100000000005
sw100-41,morphed_graphs,sw100-8-lp0-c5,sw100-41.cnf,500,3100,6.2,2.096774193548387,0.5300540879082253,13.0,3.0397368307141326,22,0.0,0.967741935483871,0.967741935483871,0.07692307692307693,401.27000000000044
sw100-9,morphed_graphs,sw100-8-lp0-c5,sw100-9.cnf,500,3100,6.2,2.096774193548387,0.5300540879082253,13.0,2.80713376952364,20,0.0,0.967741935483871,0.967741935483871,0.07692307692307693,400.0600000000009
sw100-6,morphed_graphs,sw100-8-lp0-c5,sw100-6.cnf,500,3100,6.2,2.096774193548387,0.5300540879082253,13.0,2.9189039038652846,22,0.0,0.967741935483871,0.967741935483871,0.07692307692307693,409.89
sw100-99,morphed_graphs,sw100-8-lp0-c5,sw100-99.cnf,500,3100,6.2,2.096774193548387,0.5300540879082253,13.0,2.8284271247461903,22,0.0,0.967741935483871,0.967741935483871,0.07692307692307693,347.71999999999997
sw100-58,morphed_graphs,sw100-8-lp0-c5,sw100-58.cnf,500,3100,6.2,2.096774193548387,0.5300540879082253,13.0,2.8035691537752374,21,0.0,0.967741935483871,0.967741935483871,0.07692307692307693,399.3500000000011
sw100-48,morphed_graphs,sw100-8-lp0-c5,sw100-48.cnf,500,3100,6.2,2.096774193548387,0.5300540879082253,13.0,3.006659275674582,19,0.0,0.967741935483871,0.967741935483871,0.07692307692307693,399.30000000000064
sw100-54,morphed_graphs,sw100-8-lp0-c5,sw100-54.cnf,500,3100,6.2,2.096774193548387,0.5300540879082253,13.0,2.9563490998188966,23,0.0,0.967741935483871,0.967741935483871,0.07692307692307693,401.4300000000008
sw100-7,morphed_graphs,sw100-8-lp0-c5,sw100-7.cnf,500,3100,6.2,2.096774193548387,0.5300540879082253,13.0,2.727636339397171,19,0.0,0.967741935483871,0.967741935483871,0.07692307692307693,365.25000000000006
sw100-50,morphed_graphs,sw100-8-lp0-c5,sw100-50.cnf,500,3100,6.2,2.096774193548387,0.5300540879082253,13.0,2.8600699292150185,19,0.0,0.967741935483871,0.967741935483871,0.07692307692307693,400.0700000000002
sw100-70,morphed_graphs,sw100-8-lp0-c5,sw100-70.cnf,500,3100,6.2,2.096774193548387,0.5300540879082253,13.0,2.90516780926679,21,0.0,0.967741935483871,0.967741935483871,0.07692307692307693,401.16000000000076
sw100-64,morphed_graphs,sw100-8-lp0-c5,sw100-64.cnf,500,3100,6.2,2.096774193548387,0.5300540879082253,13.0,3.1937438845342623,22,0.0,0.967741935483871,0.967741935483871,0.07692307692307693,400.02000000000083
sw100-97,morphed_graphs,sw100-8-lp0-c5,sw100-97.cnf,500,3100,6.2,2.096774193548387,0.5300540879082253,13.0,2.9933259094191533,21,0.0,0.967741935483871,0.967741935483871,0.07692307692307693,400.58000000000055
sw100-80,morphed_graphs,sw100-8-lp0-c5,sw100-80.cnf,500,3100,6.2,2.096774193548387,0.5300540879082253,13.0,2.9257477676655586,21,0.0,0.967741935483871,0.967741935483871,0.07692307692307693,400.0500000000006
sw100-46,morphed_graphs,sw100-8-lp0-c5,sw100-46.cnf,500,3100,6.2,2.096774193548387,0.5300540879082253,13.0,2.792848008753788,22,0.0,0.967741935483871,0.967741935483871,0.07692307692307693,400.87000000000046
sw100-61,morphed_graphs,sw100-8-lp0-c5,sw100-61.cnf,500,3100,6.2,2.096774193548387,0.5300540879082253,13.0,3.0166206257996713,20,0.0,0.967741935483871,0.967741935483871,0.07692307692307693,361.0200000000005
sw100-52,morphed_graphs,sw100-8-lp0-c5,sw100-52.cnf,500,3100,6.2,2.096774193548387,0.5300540879082253,13.0,2.7712812921102037,22,0.0,0.967741935483871,0.967741935483871,0.07692307692307693,400.0400000000005
sw100-98,morphed_graphs,sw100-8-lp0-c5,sw100-98.cnf,500,3100,6.2,2.096774193548387,0.5300540879082253,13.0,2.9597297173897483,22,0.0,0.967741935483871,0.967741935483871,0.07692307692307693,399.87000000000063
sw100-60,morphed_graphs,sw100-8-lp0-c5,sw100-60.cnf,500,3100,6.2,2.096774193548387,0.5300540879082253,13.0,2.8035691537752374,22,0.0,0.967741935483871,0.967741935483871,0.07692307692307693,400.16000000000025
sw100-77,morphed_graphs,sw100-8-lp0-c5,sw100-77.cnf,500,3100,6.2,2.096774193548387,0.5300540879082253,13.0,2.6343879744638983,19,0.0,0.967741935483871,0.967741935483871,0.07692307692307693,386.37
sw100-38,morphed_graphs,sw100-8-lp0-c5,sw100-38.cnf,500,3100,6.2,2.096774193548387,0.5300540879082253,13.0,2.95296461204668,20,0.0,0.967741935483871,0.967741935483871,0.07692307692307693,380.0700000000006
sw100-94,morphed_graphs,sw100-8-lp0-c5,sw100-94.cnf,500,3100,6.2,2.096774193548387,0.5300540879082253,13.0,3.0854497241083023,20,0.0,0.967741935483871,0.967741935483871,0.07692307692307693,400.74000000000007
sw100-62,morphed_graphs,sw100-8-lp0-c5,sw100-62.cnf,500,3100,6.2,2.096774193548387,0.5300540879082253,13.0,2.9495762407505253,20,0.0,0.967741935483871,0.967741935483871,0.07692307692307693,390.83000000000015
sw100-66,morphed_graphs,sw100-8-lp0-c5,sw100-66.cnf,500,3100,6.2,2.096774193548387,0.5300540879082253,13.0,2.831960451701259,20,0.0,0.967741935483871,0.967741935483871,0.07692307692307693,400.2300000000003
sw100-85,morphed_graphs,sw100-8-lp0-c5,sw100-85.cnf,500,3100,6.2,2.096774193548387,0.5300540879082253,13.0,2.9933259094191533,21,0.0,0.967741935483871,0.967741935483871,0.07692307692307693,399.48000000000104
sw100-42,morphed_graphs,sw100-8-lp0-c5,sw100-42.cnf,500,3100,6.2,2.096774193548387,0.5300540879082253,13.0,3.2710854467592254,22,0.0,0.967741935483871,0.967741935483871,0.07692307692307693,357.4400000000002
sw100-35,morphed_graphs,sw100-8-lp0-c5,sw100-35.cnf,500,3100,6.2,2.096774193548387,0.5300540879082253,13.0,2.6532998322843198,23,0.0,0.967741935483871,0.967741935483871,0.07692307692307693,339.1699999999999
sw100-10,morphed_graphs,sw100-8-lp0-c5,sw100-10.cnf,500,3100,6.2,2.096774193548387,0.5300540879082253,13.0,2.615339366124404,19,0.0,0.967741935483871,0.967741935483871,0.07692307692307693,398.41000000000037
sw100-56,morphed_graphs,sw100-8-lp0-c5,sw100-56.cnf,500,3100,6.2,2.096774193548387,0.5300540879082253,13.0,3.1843366656181313,22,0.0,0.967741935483871,0.967741935483871,0.07692307692307693,394.10000000000036
sw100-28,morphed_graphs,sw100-8-lp0-c5,sw100-28.cnf,500,3100,6.2,2.096774193548387,0.5300540879082253,13.0,2.9597297173897483,22,0.0,0.967741935483871,0.967741935483871,0.07692307692307693,391.74000000000063
sw100-100,morphed_graphs,sw100-8-lp0-c5,sw100-100.cnf,500,3100,6.2,2.096774193548387,0.5300540879082253,13.0,3.168595903550972,23,0.0,0.967741935483871,0.967741935483871,0.07692307692307693,401.53999999999996
sw100-3,morphed_graphs,sw100-8-lp0-c5,sw100-3.cnf,500,3100,6.2,2.096774193548387,0.5300540879082253,13.0,3.120897306865447,20,0.0,0.967741935483871,0.967741935483871,0.07692307692307693,401.0600000000009
sw100-88,morphed_graphs,sw100-8-lp0-c5,sw100-88.cnf,500,3100,6.2,2.096774193548387,0.5300540879082253,13.0,2.716615541441225,24,0.0,0.967741935483871,0.967741935483871,0.07692307692307693,400.0600000000004
sw100-91,morphed_graphs,sw100-8-lp0-c5,sw100-91.cnf,500,3100,6.2,2.096774193548387,0.5300540879082253,13.0,2.9765752132274432,23,0.0,0.967741935483871,0.967741935483871,0.07692307692307693,400.08000000000015
sw100-76,morphed_graphs,sw100-8-lp0-c5,sw100-76.cnf,500,3100,6.2,2.096774193548387,0.5300540879082253,13.0,2.6267851073127395,21,0.0,0.967741935483871,0.967741935483871,0.07692307692307693,396.6400000000006
sw100-87,morphed_graphs,sw100-8-lp0-c5,sw100-87.cnf,500,3100,6.2,2.096774193548387,0.5300540879082253,13.0,2.9257477676655586,21,0.0,0.967741935483871,0.967741935483871,0.07692307692307693,354.95000000000016
sw100-83,morphed_graphs,sw100-8-lp0-c5,sw100-83.cnf,500,3100,6.2,2.096774193548387,0.5300540879082253,13.0,3.062678566222711,23,0.0,0.967741935483871,0.967741935483871,0.07692307692307693,343.61000000000007
sw100-27,morphed_graphs,sw100-8-lp0-c5,sw100-27.cnf,500,3100,6.2,2.096774193548387,0.5300540879082253,13.0,2.7892651361962706,23,0.0,0.967741935483871,0.967741935483871,0.07692307692307693,385.90000000000015
sw100-63,morphed_graphs,sw100-8-lp0-c5,sw100-63.cnf,500,3100,6.2,2.096774193548387,0.5300540879082253,13.0,2.615339366124404,20,0.0,0.967741935483871,0.967741935483871,0.07692307692307693,401.0399999999999
sw100-73,morphed_graphs,sw100-8-lp0-c5,sw100-73.cnf,500,3100,6.2,2.096774193548387,0.5300540879082253,13.0,2.8600699292150185,20,0.0,0.967741935483871,0.967741935483871,0.07692307692307693,399.3600000000006
sw100-21,morphed_graphs,sw100-8-lp0-c5,sw100-21.cnf,500,3100,6.2,2.096774193548387,0.5300540879082253,13.0,2.6229754097208002,19,0.0,0.967741935483871,0.967741935483871,0.07692307692307693,400.0700000000007
sw100-92,morphed_graphs,sw100-8-lp0-c5,sw100-92.cnf,500,3100,6.2,2.096774193548387,0.5300540879082253,13.0,2.7386127875258306,20,0.0,0.967741935483871,0.967741935483871,0.07692307692307693,400.0700000000004
sw100-55,morphed_graphs,sw100-8-lp0-c5,sw100-55.cnf,500,3100,6.2,2.096774193548387,0.5300540879082253,13,2.9966648127543394,24,0.0,0.967741935483871,0.967741935483871,0.07692307692307693,401.5600000000004
sw100-84,morphed_graphs,sw100-8-lp5-c5,sw100-84.cnf,500,3100,6.2,2.096774193548387,0.5300540879082253,13,0.7615773105863908,16,0.0,0.967741935483871,0.967741935483871,0.07692307692307693,400.83
sw100-57,morphed_graphs,sw100-8-lp5-c5,sw100-57.cnf,500,3100,6.2,2.096774193548387,0.5300540879082253,13,0.7211102550927979,15,0.0,0.967741935483871,0.967741935483871,0.07692307692307693,396.75000000000074
sw100-72,morphed_graphs,sw100-8-lp5-c5,sw100-72.cnf,500,3100,6.2,2.096774193548387,0.5300540879082253,13,0.7211102550927979,16,0.0,0.967741935483871,0.967741935483871,0.07692307692307693,400.7700000000001
sw100-5,morphed_graphs,sw100-8-lp5-c5,sw100-5.cnf,500,3100,6.2,2.096774193548387,0.5300540879082253,13,0.6164414002968976,15,0.0,0.967741935483871,0.967741935483871,0.07692307692307693,400.0100000000004
sw100-49,morphed_graphs,sw100-8-lp5-c5,sw100-49.cnf,500,3100,6.2,2.096774193548387,0.5300540879082253,13,0.7348469228349535,15,0.0,0.967741935483871,0.967741935483871,0.07692307692307693,399.5400000000007
sw100-44,morphed_graphs,sw100-8-lp5-c5,sw100-44.cnf,500,3100,6.2,2.096774193548387,0.5300540879082253,13,0.6324555320336759,15,0.0,0.967741935483871,0.967741935483871,0.07692307692307693,414.19999999999993
sw100-29,morphed_graphs,sw100-8-lp5-c5,sw100-29.cnf,500,3100,6.2,2.096774193548387,0.5300540879082253,13,0.6324555320336759,14,0.0,0.967741935483871,0.967741935483871,0.07692307692307693,386.71000000000004
sw100-81,morphed_graphs,sw100-8-lp5-c5,sw100-81.cnf,500,3100,6.2,2.096774193548387,0.5300540879082253,13,0.6633249580710799,15,0.0,0.967741935483871,0.967741935483871,0.07692307692307693,399.23000000000064
sw100-18,morphed_graphs,sw100-8-lp5-c5,sw100-18.cnf,500,3100,6.2,2.096774193548387,0.5300540879082253,13,0.6633249580710799,15,0.0,0.967741935483871,0.967741935483871,0.07692307692307693,335.25999999999993
sw100-1,morphed_graphs,sw100-8-lp5-c5,sw100-1.cnf,500,3100,6.2,2.096774193548387,0.5300540879082253,13,0.7211102550927979,15,0.0,0.967741935483871,0.967741935483871,0.07692307692307693,400.0100000000002
sw100-25,morphed_graphs,sw100-8-lp5-c5,sw100-25.cnf,500,3100,6.2,2.096774193548387,0.5300540879082253,13,0.6782329983125268,15,0.0,0.967741935483871,0.967741935483871,0.07692307692307693,396.71000000000026
sw100-36,morphed_graphs,sw100-8-lp5-c5,sw100-36.cnf,500,3100,6.2,2.096774193548387,0.5300540879082253,13,0.7874007874011811,16,0.0,0.967741935483871,0.967741935483871,0.07692307692307693,400.02000000000055
sw100-75,morphed_graphs,sw100-8-lp5-c5,sw100-75.cnf,500,3100,6.2,2.096774193548387,0.5300540879082253,13,0.6324555320336759,15,0.0,0.967741935483871,0.967741935483871,0.07692307692307693,392.72000000000037
sw100-39,morphed_graphs,sw100-8-lp5-c5,sw100-39.cnf,500,3100,6.2,2.096774193548387,0.5300540879082253,13,0.7483314773547883,15,0.0,0.967741935483871,0.967741935483871,0.07692307692307693,399.27000000000044
sw100-90,morphed_graphs,sw100-8-lp5-c5,sw100-90.cnf,500,3100,6.2,2.096774193548387,0.5300540879082253,13,0.6,15,0.0,0.967741935483871,0.967741935483871,0.07692307692307693,368.73000000000013
sw100-12,morphed_graphs,sw100-8-lp5-c5,sw100-12.cnf,500,3100,6.2,2.096774193548387,0.5300540879082253,13,0.6633249580710799,15,0.0,0.967741935483871,0.967741935483871,0.07692307692307693,411.2800000000001
sw100-78,morphed_graphs,sw100-8-lp5-c5,sw100-78.cnf,500,3100,6.2,2.096774193548387,0.5300540879082253,13,0.6928203230275509,15,0.0,0.967741935483871,0.967741935483871,0.07692307692307693,372.24000000000024
sw100-79,morphed_graphs,sw100-8-lp5-c5,sw100-79.cnf,500,3100,6.2,2.096774193548387,0.5300540879082253,13,0.6782329983125268,15,0.0,0.967741935483871,0.967741935483871,0.07692307692307693,400.00000000000045
sw100-2,morphed_graphs,sw100-8-lp5-c5,sw100-2.cnf,500,3100,6.2,2.096774193548387,0.5300540879082253,13,0.7483314773547883,16,0.0,0.967741935483871,0.967741935483871,0.07692307692307693,400.01000000000016
sw100-37,morphed_graphs,sw100-8-lp5-c5,sw100-37.cnf,500,3100,6.2,2.096774193548387,0.5300540879082253,13,0.6,15,0.0,0.967741935483871,0.967741935483871,0.07692307692307693,416.91999999999996
sw100-59,morphed_graphs,sw100-8-lp5-c5,sw100-59.cnf,500,3100,6.2,2.096774193548387,0.5300540879082253,13,0.6782329983125268,15,0.0,0.967741935483871,0.967741935483871,0.07692307692307693,400.0900000000002
sw100-89,morphed_graphs,sw100-8-lp5-c5,sw100-89.cnf,500,3100,6.2,2.096774193548387,0.5300540879082253,13,0.6164414002968976,15,0.0,0.967741935483871,0.967741935483871,0.07692307692307693,410.08
sw100-32,morphed_graphs,sw100-8-lp5-c5,sw100-32.cnf,500,3100,6.2,2.096774193548387,0.5300540879082253,13,0.6928203230275509,15,0.0,0.967741935483871,0.967741935483871,0.07692307692307693,419.68000000000006
sw100-47,morphed_graphs,sw100-8-lp5-c5,sw100-47.cnf,500,3100,6.2,2.096774193548387,0.5300540879082253,13,0.7348469228349535,15,0.0,0.967741935483871,0.967741935483871,0.07692307692307693,245.24999999999991
sw100-71,morphed_graphs,sw100-8-lp5-c5,sw100-71.cnf,500,3100,6.2,2.096774193548387,0.5300540879082253,13,0.7071067811865476,15,0.0,0.967741935483871,0.967741935483871,0.07692307692307693,402.95000000000005
sw100-22,morphed_graphs,sw100-8-lp5-c5,sw100-22.cnf,500,3100,6.2,2.096774193548387,0.5300540879082253,13,0.7071067811865476,16,0.0,0.967741935483871,0.967741935483871,0.07692307692307693,380.1500000000001
sw100-45,morphed_graphs,sw100-8-lp5-c5,sw100-45.cnf,500,3100,6.2,2.096774193548387,0.5300540879082253,13,0.6782329983125268,15,0.0,0.967741935483871,0.967741935483871,0.07692307692307693,400.58000000000044
sw100-96,morphed_graphs,sw100-8-lp5-c5,sw100-96.cnf,500,3100,6.2,2.096774193548387,0.5300540879082253,13,0.565685424949238,14,0.0,0.967741935483871,0.967741935483871,0.07692307692307693,404.4800000000001
sw100-17,morphed_graphs,sw100-8-lp5-c5,sw100-17.cnf,500,3100,6.2,2.096774193548387,0.5300540879082253,13,0.7348469228349535,15,0.0,0.967741935483871,0.967741935483871,0.07692307692307693,412.12
sw100-74,morphed_graphs,sw100-8-lp5-c5,sw100-74.cnf,500,3100,6.2,2.096774193548387,0.5300540879082253,13,0.6164414002968976,15,0.0,0.967741935483871,0.967741935483871,0.07692307692307693,192.08999999999992
sw100-19,morphed_graphs,sw100-8-lp5-c5,sw100-19.cnf,500,3100,6.2,2.096774193548387,0.5300540879082253,13,0.6928203230275509,15,0.0,0.967741935483871,0.967741935483871,0.07692307692307693,399.6900000000006
sw100-51,morphed_graphs,sw100-8-lp5-c5,sw100-51.cnf,500,3100,6.2,2.096774193548387,0.5300540879082253,13,0.7071067811865476,15,0.0,0.967741935483871,0.967741935483871,0.07692307692307693,378.3499999999999
sw100-86,morphed_graphs,sw100-8-lp5-c5,sw100-86.cnf,500,3100,6.2,2.096774193548387,0.5300540879082253,13,0.648074069840786,16,0.0,0.967741935483871,0.967741935483871,0.07692307692307693,393.8900000000006
sw100-34,morphed_graphs,sw100-8-lp5-c5,sw100-34.cnf,500,3100,6.2,2.096774193548387,0.5300540879082253,13,0.6928203230275509,15,0.0,0.967741935483871,0.967741935483871,0.07692307692307693,400.2600000000004
sw100-93,morphed_graphs,sw100-8-lp5-c5,sw100-93.cnf,500,3100,6.2,2.096774193548387,0.5300540879082253,13,0.648074069840786,15,0.0,0.967741935483871,0.967741935483871,0.07692307692307693,204.59999999999994
sw100-13,morphed_graphs,sw100-8-lp5-c5,sw100-13.cnf,500,3100,6.2,2.096774193548387,0.5300540879082253,13,0.6928203230275509,15,0.0,0.967741935483871,0.967741935483871,0.07692307692307693,421.98
sw100-69,morphed_graphs,sw100-8-lp5-c5,sw100-69.cnf,500,3100,6.2,2.096774193548387,0.5300540879082253,13,0.6,14,0.0,0.967741935483871,0.967741935483871,0.07692307692307693,285.3100000000001
sw100-68,morphed_graphs,sw100-8-lp5-c5,sw100-68.cnf,500,3100,6.2,2.096774193548387,0.5300540879082253,13,0.648074069840786,15,0.0,0.967741935483871,0.967741935483871,0.07692307692307693,363.59000000000015
sw100-40,morphed_graphs,sw100-8-lp5-c5,sw100-40.cnf,500,3100,6.2,2.096774193548387,0.5300540879082253,13,0.6633249580710799,15,0.0,0.967741935483871,0.967741935483871,0.07692307692307693,400.9000000000006
sw100-23,morphed_graphs,sw100-8-lp5-c5,sw100-23.cnf,500,3100,6.2,2.096774193548387,0.5300540879082253,13,0.5830951894845301,14,0.0,0.967741935483871,0.967741935483871,0.07692307692307693,421.1
sw100-53,morphed_graphs,sw100-8-lp5-c5,sw100-53.cnf,500,3100,6.2,2.096774193548387,0.5300540879082253,13,0.648074069840786,15,0.0,0.967741935483871,0.967741935483871,0.07692307692307693,388.6500000000003
sw100-4,morphed_graphs,sw100-8-lp5-c5,sw100-4.cnf,500,3100,6.2,2.096774193548387,0.5300540879082253,13,0.6782329983125268,15,0.0,0.967741935483871,0.967741935483871,0.07692307692307693,285.12000000000006
sw100-15,morphed_graphs,sw100-8-lp5-c5,sw100-15.cnf,500,3100,6.2,2.096774193548387,0.5300540879082253,13,0.6,15,0.0,0.967741935483871,0.967741935483871,0.07692307692307693,297.65
sw100-95,morphed_graphs,sw100-8-lp5-c5,sw100-95.cnf,500,3100,6.2,2.096774193548387,0.5300540879082253,13,0.648074069840786,15,0.0,0.967741935483871,0.967741935483871,0.07692307692307693,197.92999999999992
sw100-33,morphed_graphs,sw100-8-lp5-c5,sw100-33.cnf,500,3100,6.2,2.096774193548387,0.5300540879082253,13,0.6324555320336759,15,0.0,0.967741935483871,0.967741935483871,0.07692307692307693,400.83000000000004
sw100-26,morphed_graphs,sw100-8-lp5-c5,sw100-26.cnf,500,3100,6.2,2.096774193548387,0.5300540879082253,13,0.7071067811865476,15,0.0,0.967741935483871,0.967741935483871,0.07692307692307693,401.0700000000002
sw100-82,morphed_graphs,sw100-8-lp5-c5,sw100-82.cnf,500,3100,6.2,2.096774193548387,0.5300540879082253,13,0.6928203230275509,15,0.0,0.967741935483871,0.967741935483871,0.07692307692307693,374.9700000000001
sw100-31,morphed_graphs,sw100-8-lp5-c5,sw100-31.cnf,500,3100,6.2,2.096774193548387,0.5300540879082253,13,0.6633249580710799,15,0.0,0.967741935483871,0.967741935483871,0.07692307692307693,340.5699999999999
sw100-65,morphed_graphs,sw100-8-lp5-c5,sw100-65.cnf,500,3100,6.2,2.096774193548387,0.5300540879082253,13,0.6324555320336759,15,0.0,0.967741935483871,0.967741935483871,0.07692307692307693,411.51000000000016
sw100-20,morphed_graphs,sw100-8-lp5-c5,sw100-20.cnf,500,3100,6.2,2.096774193548387,0.5300540879082253,13,0.6324555320336759,15,0.0,0.967741935483871,0.967741935483871,0.07692307692307693,400.5900000000001
sw100-30,morphed_graphs,sw100-8-lp5-c5,sw100-30.cnf,500,3100,6.2,2.096774193548387,0.5300540879082253,13,0.5477225575051661,14,0.0,0.967741935483871,0.967741935483871,0.07692307692307693,407.2600000000002
sw100-11,morphed_graphs,sw100-8-lp5-c5,sw100-11.cnf,500,3100,6.2,2.096774193548387,0.5300540879082253,13,0.7615773105863908,16,0.0,0.967741935483871,0.967741935483871,0.07692307692307693,400.0300000000006
sw100-24,morphed_graphs,sw100-8-lp5-c5,sw100-24.cnf,500,3100,6.2,2.096774193548387,0.5300540879082253,13,0.6928203230275509,16,0.0,0.967741935483871,0.967741935483871,0.07692307692307693,373.3800000000002
sw100-43,morphed_graphs,sw100-8-lp5-c5,sw100-43.cnf,500,3100,6.2,2.096774193548387,0.5300540879082253,13,0.7071067811865476,15,0.0,0.967741935483871,0.967741935483871,0.07692307692307693,400.0500000000004
sw100-16,morphed_graphs,sw100-8-lp5-c5,sw100-16.cnf,500,3100,6.2,2.096774193548387,0.5300540879082253,13,0.6633249580710799,15,0.0,0.967741935483871,0.967741935483871,0.07692307692307693,391.73000000000064
sw100-8,morphed_graphs,sw100-8-lp5-c5,sw100-8.cnf,500,3100,6.2,2.096774193548387,0.5300540879082253,13,0.7071067811865476,15,0.0,0.967741935483871,0.967741935483871,0.07692307692307693,394.10000000000065
sw100-14,morphed_graphs,sw100-8-lp5-c5,sw100-14.cnf,500,3100,6.2,2.096774193548387,0.5300540879082253,13,0.648074069840786,15,0.0,0.967741935483871,0.967741935483871,0.07692307692307693,394.9300000000004
sw100-67,morphed_graphs,sw100-8-lp5-c5,sw100-67.cnf,500,3100,6.2,2.096774193548387,0.5300540879082253,13,0.6164414002968976,14,0.0,0.967741935483871,0.967741935483871,0.07692307692307693,276.84999999999997
sw100-41,morphed_graphs,sw100-8-lp5-c5,sw100-41.cnf,500,3100,6.2,2.096774193548387,0.5300540879082253,13,0.6633249580710799,15,0.0,0.967741935483871,0.967741935483871,0.07692307692307693,381.8300000000006
sw100-9,morphed_graphs,sw100-8-lp5-c5,sw100-9.cnf,500,3100,6.2,2.096774193548387,0.5300540879082253,13,0.7348469228349535,15,0.0,0.967741935483871,0.967741935483871,0.07692307692307693,400.59000000000134
sw100-6,morphed_graphs,sw100-8-lp5-c5,sw100-6.cnf,500,3100,6.2,2.096774193548387,0.5300540879082253,13,0.6324555320336759,14,0.0,0.967741935483871,0.967741935483871,0.07692307692307693,219.04999999999993
sw100-99,morphed_graphs,sw100-8-lp5-c5,sw100-99.cnf,500,3100,6.2,2.096774193548387,0.5300540879082253,13,0.7348469228349535,15,0.0,0.967741935483871,0.967741935483871,0.07692307692307693,400.12
sw100-58,morphed_graphs,sw100-8-lp5-c5,sw100-58.cnf,500,3100,6.2,2.096774193548387,0.5300540879082253,13,0.648074069840786,14,0.0,0.967741935483871,0.967741935483871,0.07692307692307693,400.02000000000044
sw100-48,morphed_graphs,sw100-8-lp5-c5,sw100-48.cnf,500,3100,6.2,2.096774193548387,0.5300540879082253,13,0.648074069840786,16,0.0,0.967741935483871,0.967741935483871,0.07692307692307693,400.0500000000005
sw100-54,morphed_graphs,sw100-8-lp5-c5,sw100-54.cnf,500,3100,6.2,2.096774193548387,0.5300540879082253,13,0.6633249580710799,15,0.0,0.967741935483871,0.967741935483871,0.07692307692307693,384.5600000000003
sw100-7,morphed_graphs,sw100-8-lp5-c5,sw100-7.cnf,500,3100,6.2,2.096774193548387,0.5300540879082253,13,0.6324555320336759,15,0.0,0.967741935483871,0.967741935483871,0.07692307692307693,187.89999999999998
sw100-50,morphed_graphs,sw100-8-lp5-c5,sw100-50.cnf,500,3100,6.2,2.096774193548387,0.5300540879082253,13,0.7071067811865476,15,0.0,0.967741935483871,0.967741935483871,0.07692307692307693,422.8399999999999
sw100-70,morphed_graphs,sw100-8-lp5-c5,sw100-70.cnf,500,3100,6.2,2.096774193548387,0.5300540879082253,13,0.6633249580710799,15,0.0,0.967741935483871,0.967741935483871,0.07692307692307693,400.4600000000001
sw100-64,morphed_graphs,sw100-8-lp5-c5,sw100-64.cnf,500,3100,6.2,2.096774193548387,0.5300540879082253,13,0.6164414002968976,15,0.0,0.967741935483871,0.967741935483871,0.07692307692307693,289.12999999999994
sw100-97,morphed_graphs,sw100-8-lp5-c5,sw100-97.cnf,500,3100,6.2,2.096774193548387,0.5300540879082253,13,0.6633249580710799,15,0.0,0.967741935483871,0.967741935483871,0.07692307692307693,400.07
sw100-80,morphed_graphs,sw100-8-lp5-c5,sw100-80.cnf,500,3100,6.2,2.096774193548387,0.5300540879082253,13,0.6782329983125268,15,0.0,0.967741935483871,0.967741935483871,0.07692307692307693,399.27000000000004
sw100-46,morphed_graphs,sw100-8-lp5-c5,sw100-46.cnf,500,3100,6.2,2.096774193548387,0.5300540879082253,13,0.7211102550927979,15,0.0,0.967741935483871,0.967741935483871,0.07692307692307693,298.10999999999996
sw100-61,morphed_graphs,sw100-8-lp5-c5,sw100-61.cnf,500,3100,6.2,2.096774193548387,0.5300540879082253,13,0.6,15,0.0,0.967741935483871,0.967741935483871,0.07692307692307693,410.96000000000004
sw100-52,morphed_graphs,sw100-8-lp5-c5,sw100-52.cnf,500,3100,6.2,2.096774193548387,0.5300540879082253,13,0.6324555320336759,15,0.0,0.967741935483871,0.967741935483871,0.07692307692307693,368.35999999999996
sw100-98,morphed_graphs,sw100-8-lp5-c5,sw100-98.cnf,500,3100,6.2,2.096774193548387,0.5300540879082253,13,0.6,15,0.0,0.967741935483871,0.967741935483871,0.07692307692307693,395.88000000000056
sw100-60,morphed_graphs,sw100-8-lp5-c5,sw100-60.cnf,500,3100,6.2,2.096774193548387,0.5300540879082253,13,0.6633249580710799,16,0.0,0.967741935483871,0.967741935483871,0.07692307692307693,400.2400000000002
sw100-77,morphed_graphs,sw100-8-lp5-c5,sw100-77.cnf,500,3100,6.2,2.096774193548387,0.5300540879082253,13,0.6164414002968976,15,0.0,0.967741935483871,0.967741935483871,0.07692307692307693,378.2700000000001
sw100-38,morphed_graphs,sw100-8-lp5-c5,sw100-38.cnf,500,3100,6.2,2.096774193548387,0.5300540879082253,13,0.5830951894845301,14,0.0,0.967741935483871,0.967741935483871,0.07692307692307693,419.40000000000003
sw100-94,morphed_graphs,sw100-8-lp5-c5,sw100-94.cnf,500,3100,6.2,2.096774193548387,0.5300540879082253,13,0.6164414002968976,15,0.0,0.967741935483871,0.967741935483871,0.07692307692307693,400.4200000000004
sw100-62,morphed_graphs,sw100-8-lp5-c5,sw100-62.cnf,500,3100,6.2,2.096774193548387,0.5300540879082253,13,0.6782329983125268,15,0.0,0.967741935483871,0.967741935483871,0.07692307692307693,198.38999999999993
sw100-66,morphed_graphs,sw100-8-lp5-c5,sw100-66.cnf,500,3100,6.2,2.096774193548387,0.5300540879082253,13,0.6324555320336759,15,0.0,0.967741935483871,0.967741935483871,0.07692307692307693,372.9300000000002
sw100-85,morphed_graphs,sw100-8-lp5-c5,sw100-85.cnf,500,3100,6.2,2.096774193548387,0.5300540879082253,13,0.7071067811865476,15,0.0,0.967741935483871,0.967741935483871,0.07692307692307693,397.28000000000014
sw100-42,morphed_graphs,sw100-8-lp5-c5,sw100-42.cnf,500,3100,6.2,2.096774193548387,0.5300540879082253,13,0.7211102550927979,16,0.0,0.967741935483871,0.967741935483871,0.07692307692307693,320.06999999999994
sw100-35,morphed_graphs,sw100-8-lp5-c5,sw100-35.cnf,500,3100,6.2,2.096774193548387,0.5300540879082253,13,0.6633249580710799,14,0.0,0.967741935483871,0.967741935483871,0.07692307692307693,401.3800000000005
sw100-10,morphed_graphs,sw100-8-lp5-c5,sw100-10.cnf,500,3100,6.2,2.096774193548387,0.5300540879082253,13,0.5830951894845301,15,0.0,0.967741935483871,0.967741935483871,0.07692307692307693,401.14
sw100-56,morphed_graphs,sw100-8-lp5-c5,sw100-56.cnf,500,3100,6.2,2.096774193548387,0.5300540879082253,13,0.6782329983125268,15,0.0,0.967741935483871,0.967741935483871,0.07692307692307693,186.14999999999992
sw100-28,morphed_graphs,sw100-8-lp5-c5,sw100-28.cnf,500,3100,6.2,2.096774193548387,0.5300540879082253,13,0.7211102550927979,15,0.0,0.967741935483871,0.967741935483871,0.07692307692307693,411.52000000000004
sw100-100,morphed_graphs,sw100-8-lp5-c5,sw100-100.cnf,500,3100,6.2,2.096774193548387,0.5300540879082253,13,0.6928203230275509,16,0.0,0.967741935483871,0.967741935483871,0.07692307692307693,399.69000000000017
sw100-3,morphed_graphs,sw100-8-lp5-c5,sw100-3.cnf,500,3100,6.2,2.096774193548387,0.5300540879082253,13,0.6633249580710799,14,0.0,0.967741935483871,0.967741935483871,0.07692307692307693,374.13000000000005
sw100-88,morphed_graphs,sw100-8-lp5-c5,sw100-88.cnf,500,3100,6.2,2.096774193548387,0.5300540879082253,13,0.7071067811865476,15,0.0,0.967741935483871,0.967741935483871,0.07692307692307693,346.04999999999995
sw100-91,morphed_graphs,sw100-8-lp5-c5,sw100-91.cnf,500,3100,6.2,2.096774193548387,0.5300540879082253,13,0.6928203230275509,15,0.0,0.967741935483871,0.967741935483871,0.07692307692307693,392.0900000000006
sw100-76,morphed_graphs,sw100-8-lp5-c5,sw100-76.cnf,500,3100,6.2,2.096774193548387,0.5300540879082253,13,0.7071067811865476,15,0.0,0.967741935483871,0.967741935483871,0.07692307692307693,400.25000000000017
sw100-87,morphed_graphs,sw100-8-lp5-c5,sw100-87.cnf,500,3100,6.2,2.096774193548387,0.5300540879082253,13,0.6928203230275509,15,0.0,0.967741935483871,0.967741935483871,0.07692307692307693,400.59999999999997
sw100-83,morphed_graphs,sw100-8-lp5-c5,sw100-83.cnf,500,3100,6.2,2.096774193548387,0.5300540879082253,13,0.7483314773547883,16,0.0,0.967741935483871,0.967741935483871,0.07692307692307693,401.87
sw100-27,morphed_graphs,sw100-8-lp5-c5,sw100-27.cnf,500,3100,6.2,2.096774193548387,0.5300540879082253,13,0.6782329983125268,15,0.0,0.967741935483871,0.967741935483871,0.07692307692307693,201.10999999999996
sw100-63,morphed_graphs,sw100-8-lp5-c5,sw100-63.cnf,500,3100,6.2,2.096774193548387,0.5300540879082253,13,0.6324555320336759,15,0.0,0.967741935483871,0.967741935483871,0.07692307692307693,414.35000000000014
sw100-73,morphed_graphs,sw100-8-lp5-c5,sw100-73.cnf,500,3100,6.2,2.096774193548387,0.5300540879082253,13,0.6324555320336759,15,0.0,0.967741935483871,0.967741935483871,0.07692307692307693,417.17999999999995
sw100-21,morphed_graphs,sw100-8-lp5-c5,sw100-21.cnf,500,3100,6.2,2.096774193548387,0.5300540879082253,13,0.648074069840786,14,0.0,0.967741935483871,0.967741935483871,0.07692307692307693,296.0799999999999
sw100-92,morphed_graphs,sw100-8-lp5-c5,sw100-92.cnf,500,3100,6.2,2.096774193548387,0.5300540879082253,13,0.6324555320336759,15,0.0,0.967741935483871,0.967741935483871,0.07692307692307693,404.98
sw100-55,morphed_graphs,sw100-8-lp5-c5,sw100-55.cnf,500,3100,6.2,2.096774193548387,0.5300540879082253,13.0,0.6782329983125268,15,0.0,0.967741935483871,0.967741935483871,0.07692307692307693,400.34000000000003
sw100-1,morphed_graphs,sw100-8-p0-c5,sw100-1.cnf,500,3100,6.2,2.096774193548387,0.5300540879082253,13.0,0.0,13,0.0,0.967741935483871,0.967741935483871,0.07692307692307693,400.1500000000007
logistics.d,planning,logistics,logistics.d.cnf,4713,21991,4.666030129429238,2.3349097358010096,1.1488387075099402,10.894759176745174,9.556290182942975,57,0.0,0.8934109408394343,0.8922286389886772,0.41745379476892513,1780.8799999999987
logistics.a,planning,logistics,logistics.a.cnf,828,6718,8.11352657004831,2.6667162846085146,0.9924377474332011,21.636473429951693,6.805047368601306,35,0.0,0.49196189342066093,0.8896993152724025,0.3037119732068099,483.65
logistics.c,planning,logistics,logistics.c.cnf,1141,10719,9.39439088518843,2.6101315421214664,1.0865064603223467,24.520595968448728,7.33323303488015,36,0.0,0.5453866965201978,0.906614422987219,0.27846879691185933,1002.3799999999983
anomaly,planning,blocksworld,anomaly.cnf,48,261,5.4375,2.2337164750957856,0.44953485972915713,12.145833333333334,3.366437182772843,23,0.0,0.7777777777777778,0.8390804597701149,0.2641509433962264,128.46000000000004
bw_large.a,planning,blocksworld,bw_large.a.cnf,459,4675,10.185185185185185,2.312085561497326,0.5849570880143838,23.54901960784314,9.083688253403382,57,0.0,0.706524064171123,0.8496256684491978,0.2179665093903229,400.0300000000003
huge,planning,blocksworld,huge.cnf,459,7054,15.368191721132897,2.2068330025517437,0.49854205490034015,33.91503267973856,11.568653299332299,65,0.0,0.8055004252906153,0.900340232492203,0.15134579559324213,396.38000000000034
bw_large.b,planning,blocksworld,bw_large.b.cnf,1087,13772,12.669733210671573,2.3066366540807435,0.5780671149992729,29.224471021159154,11.099169477156698,69,0.0,0.7068690095846646,0.8504211443508568,0.19850788554159976,2001.3699999999922
bw_large.d,planning,blocksworld,bw_large.d.cnf,6325,131973,20.865296442687747,2.228622521273291,0.5245591993029954,46.50086956521739,16.525181384699412,117,0.0,0.7772802012532867,0.8874769839285308,0.14398302722036735,9271.71
bw_large.c,planning,blocksworld,bw_large.c.cnf,3016,50457,16.729774535809018,2.2655726658342745,0.5526974658250455,37.9025198938992,14.05218746067585,93,0.0,0.7430683552331688,0.8697108428959311,0.1677659779204647,3602.5499999999997
medium,planning,blocksworld,medium.cnf,116,953,8.21551724137931,2.2381951731374605,0.49861265628244233,18.387931034482758,6.2502021370404055,37,0.0,0.7817418677859391,0.8751311647429171,0.21284575714955462,217.11
qg6-09,quasigroup,qg,qg6-09.cnf,729,21844,29.964334705075444,2.65629005676616,0.8343759324098998,79.59396433470508,4.271289522852367,82,0.001693828969053287,0.407068302508698,0.9888756637978392,0.2587205294360954,2012.4999999999998
qg5-09,quasigroup,qg,qg5-09.cnf,729,28540,39.14951989026063,2.7394533987386125,0.7435444073288079,107.2482853223594,1.7685176872803745,109,0.0012964260686755432,0.3090399439383322,0.9914856341976174,0.27765271666837205,2707.95
qg1-08,quasigroup,qg,qg1-08.cnf,512,148957,290.931640625,3.899306511275066,0.4423785118084292,1134.431640625,22.794925054622347,1144,0.00019468705733869507,0.03909853179105379,0.9987110374134818,0.0026582694734594865,9835.25
qg6-11,quasigroup,qg,qg6-11.cnf,1331,49204,36.96769346356123,2.6465124786602714,0.8729184718110569,97.83546205860256,4.262513393395498,100,0.0011381188521258434,0.4102308755385741,0.9926225510121128,0.2520676706164231,4495.869999999999
qg3-09,quasigroup,qg,qg3-09.cnf,729,16732,22.9519890260631,2.469519483624193,0.93844288585022,56.680384087791495,2.1148535679317,59,0.01081759502749223,0.5959837437245996,0.9854769304327038,0.20822846079380444,1994.9099999999976
qg7-12,quasigroup,qg,qg7-12.cnf,1728,70327,40.698495370370374,2.6460818746711787,0.8851053392725923,107.69155092592592,1.5498276195062237,109,0.0009526924225404183,0.40729733957086184,0.9938572667680976,0.24994223256363823,7106.0
qg5-12,quasigroup,qg,qg5-12.cnf,1728,90919,52.61516203703704,2.7262398398574557,0.7924157760756002,143.44155092592592,1.5426229473178905,145,0.0007369196757553427,0.315049659587105,0.9952485179115477,0.2707258328054965,9461.599999999999
qg2-08,quasigroup,qg,qg2-08.cnf,512,148957,290.931640625,3.924870935907678,0.4106263103362392,1141.869140625,8.433359217949548,1144,0.00019468705733869507,0.036090952422511195,0.9987110374134818,0.0026409549857432904,9885.9
qg3-08,quasigroup,qg,qg3-08.cnf,512,10469,20.447265625,2.4710096475308054,0.9090060758059303,50.525390625,2.1828834866208755,53,0.013468335084535295,0.5937529850033432,0.9816601394593562,0.21338281340600718,402.35000000000014
qg7-09,quasigroup,qg,qg7-09.cnf,729,22060,30.260631001371742,2.6629193109700817,0.8303367457541917,80.58161865569274,1.6848366306145144,82,0.0016772438803263827,0.39981867633726204,0.9889845874886672,0.25922647419310907,2034.55
qg5-13,quasigroup,qg,qg5-13.cnf,2197,125464,57.10696404187529,2.722709303067015,0.803846919922995,155.48566226672736,1.484374441833789,157,0.0006296626920869731,0.3164413696359115,0.9959590001912899,0.2691319137475776,11918.769999999999
qg7-10,quasigroup,qg,qg7-10.cnf,1000,33736,33.736,2.656687218401707,0.8521505276666108,89.626,1.632826996347133,91,0.0013635285748162201,0.40283376808157456,0.9911074223381551,0.25550621471448015,2687.2299999999955
qg6-12,quasigroup,qg,qg6-12.cnf,1728,69931,40.4693287037037,2.642190158870887,0.8875104161339727,106.92766203703704,4.2551682732800575,109,0.000958087257439476,0.4114913271653487,0.9938224821609872,0.2495846209632464,7067.75
qg2-07,quasigroup,qg,qg2-07.cnf,343,68083,198.49271137026238,3.9037204588516956,0.45336694098918773,774.8600583090379,7.35189684153768,777,0.00032313499698896934,0.04534171525931584,0.9978408707019374,0.003898004718241232,4544.33
qg5-10,quasigroup,qg,qg5-10.cnf,1000,43636,43.636,2.734576954807957,0.7629450907739165,119.326,1.6827727119251725,121,0.0010541754514620954,0.3114400953341278,0.9931249427078559,0.27487722709216766,4243.36
qg7-13,quasigroup,qg,qg7-13.cnf,2197,97072,44.18388711879836,2.6416062304268997,0.8978292363310305,116.71643149749659,1.5161603791735496,118,0.0008138289104994231,0.40899538486896325,0.9947770726883138,0.24780638468798016,9157.47
qg4-09,quasigroup,qg,qg4-09.cnf,729,15580,21.371742112482853,2.5227214377406932,0.9535743383084228,53.914951989026065,0.4234663659926785,55,0.0023748395378690628,0.5661103979460848,0.984403080872914,0.22257276613067373,1940.9599999999969
qg5-11,quasigroup,qg,qg5-11.cnf,1331,64054,48.12471825694966,2.7301807849626876,0.7789711515793256,131.38918106686702,1.6082068373432565,133,0.000874262341149655,0.3134074374746308,0.9943329066100478,0.27261134841804907,6120.07
qg6-10,quasigroup,qg,qg6-10.cnf,1000,33466,33.466,2.6512281121137873,0.8555005252866162,88.726,4.268363152310262,91,0.0013745293730950815,0.408773083129146,0.9910356780015538,0.255054888082411,2281.2200000000007
qg7-11,quasigroup,qg,qg7-11.cnf,1331,49534,37.21562734785875,2.6510881414785805,0.8700982869616048,98.66190833959429,1.58833528586651,100,0.0011305366011224614,0.4052771833488109,0.9926717002462955,0.2524691781082707,4586.169999999999
qg4-08,quasigroup,qg,qg4-08.cnf,512,9685,18.916015625,2.532266391326794,0.9217817784901513,47.900390625,0.4505203629272592,49,0.002994321115126484,0.5608673205988642,0.9801755291688178,0.22964322120285424,755.8499999999999
